{
    "testdir": "/benchmarks/2025-08-31-18-46-18--cpp_misra_o3.top5.7/cpp/exercises/practice/spiral-matrix",
    "testcase": "spiral-matrix",
    "model": "o3",
    "edit_format": "diff",
    "tests_outcomes": [
        true
    ],
    "cost": 0.06720999999999999,
    "duration": 100.3055956363678,
    "test_timeouts": 0,
    "commit_hash": "32faf82-dirty",
    "num_error_outputs": 0,
    "num_user_asks": 1,
    "num_exhausted_context_windows": 0,
    "num_malformed_responses": 0,
    "syntax_errors": 0,
    "indentation_errors": 0,
    "lazy_comments": 0,
    "reasoning_effort": null,
    "prompt_tokens": 8417,
    "completion_tokens": 7425,
    "thinking_tokens": null,
    "chat_hashes": [
        [
            "5570d71e63f5d28449be40ac390705d540cb9709",
            "6dc2702409e5706070c00e487794b3c2d3e24cd3"
        ],
        [
            "5570d71e63f5d28449be40ac390705d540cb9709",
            "07b2a710e5555241c80d7136c72648e784cd2a40"
        ]
    ]
}