{
    "testdir": "/benchmarks/2025-08-21-09-57-59--misracpp_baseline.10/cpp/exercises/practice/dnd-character",
    "testcase": "dnd-character",
    "model": "gpt-4.1",
    "edit_format": "diff",
    "tests_outcomes": [
        false,
        false
    ],
    "cost": 0.074044,
    "duration": 45.45373272895813,
    "test_timeouts": 0,
    "commit_hash": "32faf82-dirty",
    "num_error_outputs": 0,
    "num_user_asks": 8,
    "num_exhausted_context_windows": 0,
    "num_malformed_responses": 0,
    "syntax_errors": 0,
    "indentation_errors": 0,
    "lazy_comments": 0,
    "reasoning_effort": null,
    "prompt_tokens": 55818,
    "completion_tokens": 1397,
    "thinking_tokens": null,
    "chat_hashes": [
        [
            "dd5eb8c6e1e03320d0933ca63c0164ae9d2a0152",
            "51f0339d1922c0f5adf412a3f3ba59151a333c99"
        ],
        [
            "dd5eb8c6e1e03320d0933ca63c0164ae9d2a0152",
            "19f7465afe181b30f212e31830ea14bb81666dc5"
        ],
        [
            "dd5eb8c6e1e03320d0933ca63c0164ae9d2a0152",
            "19f7465afe181b30f212e31830ea14bb81666dc5"
        ],
        [
            "dd5eb8c6e1e03320d0933ca63c0164ae9d2a0152",
            "19f7465afe181b30f212e31830ea14bb81666dc5"
        ],
        [
            "dd5eb8c6e1e03320d0933ca63c0164ae9d2a0152",
            "2d1f1d11edaad1cd1fe136a40acf32d241a5e1cd"
        ],
        [
            "dd5eb8c6e1e03320d0933ca63c0164ae9d2a0152",
            "19f7465afe181b30f212e31830ea14bb81666dc5"
        ],
        [
            "dd5eb8c6e1e03320d0933ca63c0164ae9d2a0152",
            "19f7465afe181b30f212e31830ea14bb81666dc5"
        ],
        [
            "dd5eb8c6e1e03320d0933ca63c0164ae9d2a0152",
            "19f7465afe181b30f212e31830ea14bb81666dc5"
        ]
    ]
}