{
    "testdir": "/benchmarks/2025-09-19-19-34-55--misracpp_baseline_gpt5.19/cpp/exercises/practice/meetup",
    "testcase": "meetup",
    "model": "openai/gpt-5",
    "edit_format": "diff",
    "tests_outcomes": [
        false,
        true
    ],
    "cost": 0.339905,
    "duration": 638.5204029083252,
    "test_timeouts": 0,
    "commit_hash": "32faf82-dirty",
    "num_error_outputs": 1,
    "num_user_asks": 4,
    "num_exhausted_context_windows": 0,
    "num_malformed_responses": 1,
    "syntax_errors": 0,
    "indentation_errors": 0,
    "lazy_comments": 0,
    "reasoning_effort": null,
    "prompt_tokens": 79524,
    "completion_tokens": 26138,
    "thinking_tokens": null,
    "chat_hashes": [
        [
            "5a29f5974d4a87ced71fd7b4b1ae521a58381d25",
            "c37d29b89e08ae9afadc385fa409359a751b32fc"
        ],
        [
            "5a29f5974d4a87ced71fd7b4b1ae521a58381d25",
            "a4f090cc7954d4ae84145ac77d7fbbb941fbc69e"
        ],
        [
            "5a29f5974d4a87ced71fd7b4b1ae521a58381d25",
            "85f1164187a2e0f8a9ffdb08dc5f6052aef5cc8c"
        ],
        [
            "5a29f5974d4a87ced71fd7b4b1ae521a58381d25",
            "ad33f661f085dfe5f501bffa57eb75f6c0b3304d"
        ],
        [
            "5a29f5974d4a87ced71fd7b4b1ae521a58381d25",
            "a71d8be515d0acec8f532f9139cf286219c95be7"
        ],
        [
            "5a29f5974d4a87ced71fd7b4b1ae521a58381d25",
            "57d178d745c51d5521cb0af58e7ac55b1329100f"
        ]
    ]
}