{
    "testdir": "/benchmarks/2025-09-13-12-35-39--cpp_misra_opus-41.top5.1/cpp/exercises/practice/space-age",
    "testcase": "space-age",
    "model": "anthropic/claude-opus-4-1-20250805",
    "edit_format": "whole",
    "tests_outcomes": [
        false,
        true
    ],
    "cost": 1.499235,
    "duration": 374.99468994140625,
    "test_timeouts": 0,
    "commit_hash": "32faf82-dirty",
    "num_error_outputs": 6,
    "num_user_asks": 8,
    "num_exhausted_context_windows": 0,
    "num_malformed_responses": 0,
    "syntax_errors": 0,
    "indentation_errors": 0,
    "lazy_comments": 0,
    "reasoning_effort": null,
    "prompt_tokens": 65579,
    "completion_tokens": 6874,
    "thinking_tokens": null,
    "chat_hashes": [
        [
            "a621abd757c98a95fb7d210c3c769a89aa0659cc",
            "522f3f70e141102eaea9db93890a99165e47eb1b"
        ],
        [
            "a621abd757c98a95fb7d210c3c769a89aa0659cc",
            "5ef7b45bfbcbb2b65932db4a57abff284b1a236a"
        ],
        [
            "a621abd757c98a95fb7d210c3c769a89aa0659cc",
            "1ff4473113b4187484811191d1f0b40b7405c405"
        ],
        [
            "a621abd757c98a95fb7d210c3c769a89aa0659cc",
            "dae7f4790c9d442f05cbd0d7d31d6a5da70bb243"
        ],
        [
            "a621abd757c98a95fb7d210c3c769a89aa0659cc",
            "a60c2d5b51177cd0d25e805b88ecfa81dfffef54"
        ],
        [
            "a621abd757c98a95fb7d210c3c769a89aa0659cc",
            "d6649e60a20249f560cee86bb12d3d2e9f2e3e61"
        ],
        [
            "a621abd757c98a95fb7d210c3c769a89aa0659cc",
            "2a27f2e9657ff210ac5b4e9540ffcd487df52808"
        ],
        [
            "a621abd757c98a95fb7d210c3c769a89aa0659cc",
            "ebb5b633b6b796bc6c785e75296257439189f451"
        ]
    ]
}