{
    "testdir": "/benchmarks/2025-09-23-13-51-42--cpp_misra_gpt5.top5.4/cpp/exercises/practice/yacht",
    "testcase": "yacht",
    "model": "openai/gpt-5",
    "edit_format": "diff",
    "tests_outcomes": [
        false,
        true
    ],
    "cost": 0.420375,
    "duration": 903.720641374588,
    "test_timeouts": 0,
    "commit_hash": "32faf82-dirty",
    "num_error_outputs": 0,
    "num_user_asks": 8,
    "num_exhausted_context_windows": 0,
    "num_malformed_responses": 0,
    "syntax_errors": 0,
    "indentation_errors": 0,
    "lazy_comments": 0,
    "reasoning_effort": null,
    "prompt_tokens": 123356,
    "completion_tokens": 33890,
    "thinking_tokens": null,
    "chat_hashes": [
        [
            "5a29f5974d4a87ced71fd7b4b1ae521a58381d25",
            "e9e3626653add11dbb3908251290064075bef408"
        ],
        [
            "5a29f5974d4a87ced71fd7b4b1ae521a58381d25",
            "6ef44f780a18360e80c335fae8d8c32705ea5436"
        ],
        [
            "5a29f5974d4a87ced71fd7b4b1ae521a58381d25",
            "3ab76a6b727d97f60d359ccee6cdc853b8cae1c6"
        ],
        [
            "5a29f5974d4a87ced71fd7b4b1ae521a58381d25",
            "4325248a07cc0f0f0c5b5aac4b209fc15d14de9f"
        ],
        [
            "5a29f5974d4a87ced71fd7b4b1ae521a58381d25",
            "eaed7bb41dd22d71fe973ae55d7d99e97c4aeb47"
        ],
        [
            "5a29f5974d4a87ced71fd7b4b1ae521a58381d25",
            "cb80dad0eddfb10d67cd6209a78e80139f6d02ff"
        ],
        [
            "5a29f5974d4a87ced71fd7b4b1ae521a58381d25",
            "ce2278fdb50f3e32b60c6a5421251b0c3f000d4c"
        ],
        [
            "5a29f5974d4a87ced71fd7b4b1ae521a58381d25",
            "f26fd80fa44a549d8d6b3cf255f285784cfc1f58"
        ]
    ]
}