{
    "testdir": "/benchmarks/2025-08-26-11-49-19--cpp_misra.top3.12/cpp/exercises/practice/linked-list",
    "testcase": "linked-list",
    "model": "gpt-4.1",
    "edit_format": "diff",
    "tests_outcomes": [
        false,
        true
    ],
    "cost": 0.12296199999999999,
    "duration": 130.87689900398254,
    "test_timeouts": 0,
    "commit_hash": "32faf82-dirty",
    "num_error_outputs": 0,
    "num_user_asks": 8,
    "num_exhausted_context_windows": 0,
    "num_malformed_responses": 0,
    "syntax_errors": 0,
    "indentation_errors": 0,
    "lazy_comments": 0,
    "reasoning_effort": null,
    "prompt_tokens": 85581,
    "completion_tokens": 3767,
    "thinking_tokens": null,
    "chat_hashes": [
        [
            "dd5eb8c6e1e03320d0933ca63c0164ae9d2a0152",
            "f8a49db565f45dcb96d81a397c0f9442ede4197c"
        ],
        [
            "dd5eb8c6e1e03320d0933ca63c0164ae9d2a0152",
            "e1fccbcc95e834cf894c132752a861f9763c03de"
        ],
        [
            "dd5eb8c6e1e03320d0933ca63c0164ae9d2a0152",
            "caf19dbfa07f800d572a33956035be6ad6953970"
        ],
        [
            "dd5eb8c6e1e03320d0933ca63c0164ae9d2a0152",
            "2a25e575e814c3d4e4f783291822bb45440e5344"
        ],
        [
            "dd5eb8c6e1e03320d0933ca63c0164ae9d2a0152",
            "51eb37ec989be3fafa5e978dfe7311d989f52e5b"
        ],
        [
            "dd5eb8c6e1e03320d0933ca63c0164ae9d2a0152",
            "9a068c5ec46a38ea51072f103b17ec16df71b7d8"
        ],
        [
            "dd5eb8c6e1e03320d0933ca63c0164ae9d2a0152",
            "2a25e575e814c3d4e4f783291822bb45440e5344"
        ],
        [
            "dd5eb8c6e1e03320d0933ca63c0164ae9d2a0152",
            "9a068c5ec46a38ea51072f103b17ec16df71b7d8"
        ]
    ]
}