{
    "testdir": "/benchmarks/2025-09-01-22-03-08--cpp_misra_o3.top10.11/cpp/exercises/practice/crypto-square",
    "testcase": "crypto-square",
    "model": "o3",
    "edit_format": "diff",
    "tests_outcomes": [
        false,
        false
    ],
    "cost": 0.173902,
    "duration": 281.441623210907,
    "test_timeouts": 0,
    "commit_hash": "32faf82-dirty",
    "num_error_outputs": 0,
    "num_user_asks": 2,
    "num_exhausted_context_windows": 0,
    "num_malformed_responses": 0,
    "syntax_errors": 0,
    "indentation_errors": 0,
    "lazy_comments": 0,
    "reasoning_effort": null,
    "prompt_tokens": 27731,
    "completion_tokens": 18189,
    "thinking_tokens": null,
    "chat_hashes": [
        [
            "5570d71e63f5d28449be40ac390705d540cb9709",
            "2d206b63a0107b38e47d398802e059ef8added85"
        ],
        [
            "5570d71e63f5d28449be40ac390705d540cb9709",
            "932dc17caea2393e9fe25b94085c61278020a849"
        ],
        [
            "5570d71e63f5d28449be40ac390705d540cb9709",
            "55f168b44ee8815311da935d210bd36f73767db1"
        ],
        [
            "5570d71e63f5d28449be40ac390705d540cb9709",
            "9d3b153ed65839087656f48471ad35e6d028d114"
        ]
    ]
}