{
    "testdir": "/benchmarks/2025-08-22-11-41-07--misracpp_baseline_deepseek-chat.16/cpp/exercises/practice/gigasecond",
    "testcase": "gigasecond",
    "model": "deepseek/deepseek-chat",
    "edit_format": "diff",
    "tests_outcomes": [
        false,
        true
    ],
    "cost": 0.00795495,
    "duration": 242.13389801979065,
    "test_timeouts": 0,
    "commit_hash": "32faf82-dirty",
    "num_error_outputs": 0,
    "num_user_asks": 4,
    "num_exhausted_context_windows": 0,
    "num_malformed_responses": 0,
    "syntax_errors": 0,
    "indentation_errors": 0,
    "lazy_comments": 0,
    "reasoning_effort": null,
    "prompt_tokens": 26305,
    "completion_tokens": 4266,
    "thinking_tokens": null,
    "chat_hashes": [
        [
            "d229a439b83a277ab75364ece3dd8437f0cca388",
            "edf1f4d4852471772fd4289779f73a979d456d1b"
        ],
        [
            "d229a439b83a277ab75364ece3dd8437f0cca388",
            "94297a6fd62ced793c15a640a5c1ac6d376c7f91"
        ],
        [
            "d229a439b83a277ab75364ece3dd8437f0cca388",
            "8cf48234a7f7d32299ce94c8f6a57d5a01c7636b"
        ],
        [
            "d229a439b83a277ab75364ece3dd8437f0cca388",
            "54dbd2e69e10cae65ff1b4e9c7f584e232d564fb"
        ],
        [
            "d229a439b83a277ab75364ece3dd8437f0cca388",
            "1a5901119cdc1adb1c741d9f02a133e99afdadda"
        ]
    ]
}