{
    "testdir": "/benchmarks/2025-09-23-18-54-08--cpp_misra_gpt5.top5.19/cpp/exercises/practice/gigasecond",
    "testcase": "gigasecond",
    "model": "openai/gpt-5",
    "edit_format": "diff",
    "tests_outcomes": [
        false,
        true
    ],
    "cost": 0.16310675000000002,
    "duration": 217.15134859085083,
    "test_timeouts": 0,
    "commit_hash": "32faf82-dirty",
    "num_error_outputs": 1,
    "num_user_asks": 7,
    "num_exhausted_context_windows": 0,
    "num_malformed_responses": 1,
    "syntax_errors": 0,
    "indentation_errors": 0,
    "lazy_comments": 0,
    "reasoning_effort": null,
    "prompt_tokens": 45703,
    "completion_tokens": 13881,
    "thinking_tokens": null,
    "chat_hashes": [
        [
            "5a29f5974d4a87ced71fd7b4b1ae521a58381d25",
            "16214bd6b2155dc349deaf39c4ae5bf5c0273ded"
        ],
        [
            "5a29f5974d4a87ced71fd7b4b1ae521a58381d25",
            "7e52943d279798ac3a808f76df590ed5a2ace390"
        ],
        [
            "5a29f5974d4a87ced71fd7b4b1ae521a58381d25",
            "408b104dd35f668b961c30c6803ef9063ca28617"
        ],
        [
            "5a29f5974d4a87ced71fd7b4b1ae521a58381d25",
            "57729ddd8c64c131190c7fc311fca094fbdb154f"
        ],
        [
            "5a29f5974d4a87ced71fd7b4b1ae521a58381d25",
            "82df7e381dd719db3e29b20817d602f794da0209"
        ],
        [
            "5a29f5974d4a87ced71fd7b4b1ae521a58381d25",
            "5845ed78f684efed3c2c8b70c7254616ce281743"
        ],
        [
            "5a29f5974d4a87ced71fd7b4b1ae521a58381d25",
            "d9097f04d16e918ee0fe14dec9ff5ff26c902cfe"
        ],
        [
            "5a29f5974d4a87ced71fd7b4b1ae521a58381d25",
            "668e4afb7c4fda49cc989716c60a298ffc0c3d69"
        ]
    ]
}