{
    "testdir": "/benchmarks/2025-08-26-11-52-46--cpp_misra.top3.13/cpp/exercises/practice/linked-list",
    "testcase": "linked-list",
    "model": "gpt-4.1",
    "edit_format": "diff",
    "tests_outcomes": [
        false,
        false
    ],
    "cost": 0.07794000000000001,
    "duration": 64.04264402389526,
    "test_timeouts": 0,
    "commit_hash": "32faf82-dirty",
    "num_error_outputs": 0,
    "num_user_asks": 5,
    "num_exhausted_context_windows": 0,
    "num_malformed_responses": 0,
    "syntax_errors": 0,
    "indentation_errors": 0,
    "lazy_comments": 0,
    "reasoning_effort": null,
    "prompt_tokens": 54482,
    "completion_tokens": 2170,
    "thinking_tokens": null,
    "chat_hashes": [
        [
            "dd5eb8c6e1e03320d0933ca63c0164ae9d2a0152",
            "731dfab894af3e0d521a842361ce659293f628dd"
        ],
        [
            "dd5eb8c6e1e03320d0933ca63c0164ae9d2a0152",
            "a7804799ec7f9275fda0d926531855d6ae4b4050"
        ],
        [
            "dd5eb8c6e1e03320d0933ca63c0164ae9d2a0152",
            "3fdd8ed8b1530aa9ee2cc751a8474e25f5c5287b"
        ],
        [
            "dd5eb8c6e1e03320d0933ca63c0164ae9d2a0152",
            "ab22563d3a0324eaf2cfa0317f48dca27ddcb965"
        ],
        [
            "dd5eb8c6e1e03320d0933ca63c0164ae9d2a0152",
            "aef973b42b9bb58368ab64fecd842a67ca1dda3b"
        ],
        [
            "dd5eb8c6e1e03320d0933ca63c0164ae9d2a0152",
            "6c0177920783ac01e017e1e5c1589614d6295fac"
        ]
    ]
}