{
    "testdir": "/benchmarks/2025-09-01-21-32-32--cpp_misra_o3.top10.7/cpp/exercises/practice/bank-account",
    "testcase": "bank-account",
    "model": "o3",
    "edit_format": "diff",
    "tests_outcomes": [
        false,
        true
    ],
    "cost": 0.061376,
    "duration": 79.11566615104675,
    "test_timeouts": 0,
    "commit_hash": "32faf82-dirty",
    "num_error_outputs": 0,
    "num_user_asks": 1,
    "num_exhausted_context_windows": 0,
    "num_malformed_responses": 0,
    "syntax_errors": 0,
    "indentation_errors": 0,
    "lazy_comments": 0,
    "reasoning_effort": null,
    "prompt_tokens": 17068,
    "completion_tokens": 5133,
    "thinking_tokens": null,
    "chat_hashes": [
        [
            "5570d71e63f5d28449be40ac390705d540cb9709",
            "fbf90a5c73ca2cfeb9e000e91eddb61285b52aa7"
        ],
        [
            "5570d71e63f5d28449be40ac390705d540cb9709",
            "2d4be8987ebf38cd734c1a1cff3d571c50a5bd39"
        ],
        [
            "5570d71e63f5d28449be40ac390705d540cb9709",
            "8178b1f7f581aca817ee7ad5b2d8f11f63fd058a"
        ]
    ]
}