{
    "testdir": "/benchmarks/2025-09-01-04-56-04--cpp_misra_deepseek-chat.top5.19/cpp/exercises/practice/queen-attack",
    "testcase": "queen-attack",
    "model": "deepseek/deepseek-chat",
    "edit_format": "diff",
    "tests_outcomes": [
        false,
        true
    ],
    "cost": 0.039468050000000005,
    "duration": 419.7286880016327,
    "test_timeouts": 0,
    "commit_hash": "32faf82-dirty",
    "num_error_outputs": 0,
    "num_user_asks": 4,
    "num_exhausted_context_windows": 0,
    "num_malformed_responses": 0,
    "syntax_errors": 0,
    "indentation_errors": 0,
    "lazy_comments": 0,
    "reasoning_effort": null,
    "prompt_tokens": 140035,
    "completion_tokens": 6686,
    "thinking_tokens": null,
    "chat_hashes": [
        [
            "d229a439b83a277ab75364ece3dd8437f0cca388",
            "f8ec719c119cf64538c8798fdb83a271a6959cbf"
        ],
        [
            "d229a439b83a277ab75364ece3dd8437f0cca388",
            "99422df86c9f339b0ab53bb1691961e1d14f3337"
        ],
        [
            "d229a439b83a277ab75364ece3dd8437f0cca388",
            "e66d81210fd31edfb941edb805ba2862bb9fc40e"
        ],
        [
            "d229a439b83a277ab75364ece3dd8437f0cca388",
            "ae189c3765bec2b831d05e162aba812b188a0e36"
        ],
        [
            "d229a439b83a277ab75364ece3dd8437f0cca388",
            "68ab3468d72e98fe42631545f1bd89b95ae960be"
        ],
        [
            "d229a439b83a277ab75364ece3dd8437f0cca388",
            "b85ec00fa63633dc9f832dc45a90600a2cca457b"
        ]
    ]
}