{
    "testdir": "/benchmarks/2025-09-23-18-10-09--cpp_misra_gpt5.top5.17/cpp/exercises/practice/diamond",
    "testcase": "diamond",
    "model": "openai/gpt-5",
    "edit_format": "diff",
    "tests_outcomes": [
        false,
        true
    ],
    "cost": 0.255539,
    "duration": 423.72812056541443,
    "test_timeouts": 0,
    "commit_hash": "32faf82-dirty",
    "num_error_outputs": 0,
    "num_user_asks": 8,
    "num_exhausted_context_windows": 0,
    "num_malformed_responses": 0,
    "syntax_errors": 0,
    "indentation_errors": 0,
    "lazy_comments": 0,
    "reasoning_effort": null,
    "prompt_tokens": 49780,
    "completion_tokens": 22773,
    "thinking_tokens": null,
    "chat_hashes": [
        [
            "5a29f5974d4a87ced71fd7b4b1ae521a58381d25",
            "e1fd034a5b66734d2c6872611df6beb6ad08a4ef"
        ],
        [
            "5a29f5974d4a87ced71fd7b4b1ae521a58381d25",
            "974962b0d84c7964c868e559fba4f54726d1833c"
        ],
        [
            "5a29f5974d4a87ced71fd7b4b1ae521a58381d25",
            "984a031814c035e8330ba9a6ae03b2e216caeab6"
        ],
        [
            "5a29f5974d4a87ced71fd7b4b1ae521a58381d25",
            "44c53b6c076aff30ab1b72441ad523ab589d6659"
        ],
        [
            "5a29f5974d4a87ced71fd7b4b1ae521a58381d25",
            "921f919a36354359ba16c01d56a88bd89021609a"
        ],
        [
            "5a29f5974d4a87ced71fd7b4b1ae521a58381d25",
            "0bd06fd00ef3f2e5a8c0b096876e1b733b14513b"
        ],
        [
            "5a29f5974d4a87ced71fd7b4b1ae521a58381d25",
            "cdd0590cf07d86495ccd453c25873b138392b5b5"
        ],
        [
            "5a29f5974d4a87ced71fd7b4b1ae521a58381d25",
            "eee1d08ca14bef023e3b16d8acb22891ec6a2051"
        ]
    ]
}