{
    "testdir": "/benchmarks/2025-08-31-21-03-15--cpp_misra_deepseek-chat.top5.2/cpp/exercises/practice/complex-numbers",
    "testcase": "complex-numbers",
    "model": "deepseek/deepseek-chat",
    "edit_format": "diff",
    "tests_outcomes": [
        false,
        true
    ],
    "cost": 0.01010579,
    "duration": 251.73527359962463,
    "test_timeouts": 0,
    "commit_hash": "32faf82-dirty",
    "num_error_outputs": 0,
    "num_user_asks": 2,
    "num_exhausted_context_windows": 0,
    "num_malformed_responses": 0,
    "syntax_errors": 0,
    "indentation_errors": 0,
    "lazy_comments": 0,
    "reasoning_effort": null,
    "prompt_tokens": 29327,
    "completion_tokens": 4921,
    "thinking_tokens": null,
    "chat_hashes": [
        [
            "d229a439b83a277ab75364ece3dd8437f0cca388",
            "b7abd607fd28028432362a80eeba4d6deac3977c"
        ],
        [
            "d229a439b83a277ab75364ece3dd8437f0cca388",
            "883609728b149f4fe66f347c6ce2ac44e2677820"
        ],
        [
            "d229a439b83a277ab75364ece3dd8437f0cca388",
            "12d1477b38636ccafd33498ea9865964638adbfb"
        ],
        [
            "d229a439b83a277ab75364ece3dd8437f0cca388",
            "ef66a00db27711cdaba505bb230ceb7412f63d75"
        ]
    ]
}