{
    "testdir": "/benchmarks/2025-09-23-16-34-39--cpp_misra_gpt5.top5.12/cpp/exercises/practice/space-age",
    "testcase": "space-age",
    "model": "openai/gpt-5",
    "edit_format": "diff",
    "tests_outcomes": [
        true
    ],
    "cost": 0.1277175,
    "duration": 212.3337597846985,
    "test_timeouts": 0,
    "commit_hash": "32faf82-dirty",
    "num_error_outputs": 1,
    "num_user_asks": 3,
    "num_exhausted_context_windows": 0,
    "num_malformed_responses": 1,
    "syntax_errors": 0,
    "indentation_errors": 0,
    "lazy_comments": 0,
    "reasoning_effort": null,
    "prompt_tokens": 20942,
    "completion_tokens": 11450,
    "thinking_tokens": null,
    "chat_hashes": [
        [
            "5a29f5974d4a87ced71fd7b4b1ae521a58381d25",
            "c49cc75f85c45bd536515677c25c9d9d059b7758"
        ],
        [
            "5a29f5974d4a87ced71fd7b4b1ae521a58381d25",
            "39f8aa421c481c5b3a3f73605afef3621ae757f0"
        ],
        [
            "5a29f5974d4a87ced71fd7b4b1ae521a58381d25",
            "cd6faf5fa617194ce57918bc7f2bb8919af3e49a"
        ],
        [
            "5a29f5974d4a87ced71fd7b4b1ae521a58381d25",
            "de10ad5f5bb13517593d4f4e6dcbbf30bc631ed4"
        ]
    ]
}