{
    "testdir": "/benchmarks/2025-08-21-13-43-54--misracpp_baseline.18/cpp/exercises/practice/complex-numbers",
    "testcase": "complex-numbers",
    "model": "gpt-4.1",
    "edit_format": "diff",
    "tests_outcomes": [
        false,
        true
    ],
    "cost": 0.08072599999999999,
    "duration": 95.54034066200256,
    "test_timeouts": 0,
    "commit_hash": "32faf82-dirty",
    "num_error_outputs": 0,
    "num_user_asks": 8,
    "num_exhausted_context_windows": 0,
    "num_malformed_responses": 0,
    "syntax_errors": 0,
    "indentation_errors": 0,
    "lazy_comments": 0,
    "reasoning_effort": null,
    "prompt_tokens": 48803,
    "completion_tokens": 3218,
    "thinking_tokens": null,
    "chat_hashes": [
        [
            "dd5eb8c6e1e03320d0933ca63c0164ae9d2a0152",
            "dffcb4ca3ce28e53a83bbd27ce7368801d6a51c1"
        ],
        [
            "dd5eb8c6e1e03320d0933ca63c0164ae9d2a0152",
            "24549d368b88c42321ea4166d78787100d81ebb1"
        ],
        [
            "dd5eb8c6e1e03320d0933ca63c0164ae9d2a0152",
            "ccc7fa0020d2794c7c113dbfb04fb84d3c677b20"
        ],
        [
            "dd5eb8c6e1e03320d0933ca63c0164ae9d2a0152",
            "ccc7fa0020d2794c7c113dbfb04fb84d3c677b20"
        ],
        [
            "dd5eb8c6e1e03320d0933ca63c0164ae9d2a0152",
            "0105eca3e8a867f08ec5f20dfb0ef9c55794384d"
        ],
        [
            "dd5eb8c6e1e03320d0933ca63c0164ae9d2a0152",
            "0c2f37f7dbdb162dd916f6382169e2a58aafc94f"
        ],
        [
            "dd5eb8c6e1e03320d0933ca63c0164ae9d2a0152",
            "cdf76ba5ba5e13b2739a033824c9ff4bdff565df"
        ],
        [
            "dd5eb8c6e1e03320d0933ca63c0164ae9d2a0152",
            "cdf76ba5ba5e13b2739a033824c9ff4bdff565df"
        ]
    ]
}