{
    "testdir": "/benchmarks/2025-08-31-23-55-54--cpp_misra_deepseek-chat.top5.12/cpp/exercises/practice/knapsack",
    "testcase": "knapsack",
    "model": "deepseek/deepseek-chat",
    "edit_format": "diff",
    "tests_outcomes": [
        false,
        true
    ],
    "cost": 0.00781888,
    "duration": 179.19959211349487,
    "test_timeouts": 0,
    "commit_hash": "32faf82-dirty",
    "num_error_outputs": 0,
    "num_user_asks": 2,
    "num_exhausted_context_windows": 0,
    "num_malformed_responses": 0,
    "syntax_errors": 0,
    "indentation_errors": 0,
    "lazy_comments": 0,
    "reasoning_effort": null,
    "prompt_tokens": 26444,
    "completion_tokens": 3794,
    "thinking_tokens": null,
    "chat_hashes": [
        [
            "d229a439b83a277ab75364ece3dd8437f0cca388",
            "a510ebe7e2c8b80279ce07fb22d2890c81fab0f7"
        ],
        [
            "d229a439b83a277ab75364ece3dd8437f0cca388",
            "a147fdbddbcc787b11cdf0da0e9ec04301d83305"
        ],
        [
            "d229a439b83a277ab75364ece3dd8437f0cca388",
            "98c3bc32673d115a4a1adbb8adfbea63d42b5024"
        ],
        [
            "d229a439b83a277ab75364ece3dd8437f0cca388",
            "82b16ef310c93dbf6c19c780e4b593b7a5b0e172"
        ]
    ]
}