{
    "testdir": "/benchmarks/2025-08-31-19-09-19--cpp_misra_o3.top5.10/cpp/exercises/practice/complex-numbers",
    "testcase": "complex-numbers",
    "model": "o3",
    "edit_format": "diff",
    "tests_outcomes": [
        false,
        true
    ],
    "cost": 0.148086,
    "duration": 159.09224390983582,
    "test_timeouts": 0,
    "commit_hash": "32faf82-dirty",
    "num_error_outputs": 0,
    "num_user_asks": 2,
    "num_exhausted_context_windows": 0,
    "num_malformed_responses": 0,
    "syntax_errors": 0,
    "indentation_errors": 0,
    "lazy_comments": 0,
    "reasoning_effort": null,
    "prompt_tokens": 32475,
    "completion_tokens": 12600,
    "thinking_tokens": null,
    "chat_hashes": [
        [
            "5570d71e63f5d28449be40ac390705d540cb9709",
            "71e574e98a8d57fab518fb35fb683c048aad6524"
        ],
        [
            "5570d71e63f5d28449be40ac390705d540cb9709",
            "6a4b5c5346e828a4f2e2210140d3a9c6aae50c05"
        ],
        [
            "5570d71e63f5d28449be40ac390705d540cb9709",
            "e9b8d43766004ba2212a0dab416b04b773bffb24"
        ],
        [
            "5570d71e63f5d28449be40ac390705d540cb9709",
            "ad790cf3ac5cade53034dc96882803fca25253ac"
        ]
    ]
}