{
    "testdir": "/benchmarks/2025-09-23-17-09-24--cpp_misra_gpt5.top5.14/cpp/exercises/practice/robot-name",
    "testcase": "robot-name",
    "model": "openai/gpt-5",
    "edit_format": "diff",
    "tests_outcomes": [
        false,
        true
    ],
    "cost": 0.14730700000000002,
    "duration": 291.0666515827179,
    "test_timeouts": 0,
    "commit_hash": "32faf82-dirty",
    "num_error_outputs": 1,
    "num_user_asks": 3,
    "num_exhausted_context_windows": 0,
    "num_malformed_responses": 1,
    "syntax_errors": 0,
    "indentation_errors": 0,
    "lazy_comments": 0,
    "reasoning_effort": null,
    "prompt_tokens": 25572,
    "completion_tokens": 13075,
    "thinking_tokens": null,
    "chat_hashes": [
        [
            "5a29f5974d4a87ced71fd7b4b1ae521a58381d25",
            "cfc660a5de46d06970a717fd58b6e51d5012d806"
        ],
        [
            "5a29f5974d4a87ced71fd7b4b1ae521a58381d25",
            "151feaada52d3ab0554179e565970a133465b39d"
        ],
        [
            "5a29f5974d4a87ced71fd7b4b1ae521a58381d25",
            "21c41ed104f99f02bfea5be1ab95e8ab07777316"
        ],
        [
            "5a29f5974d4a87ced71fd7b4b1ae521a58381d25",
            "39c58d4519eb3f90b76534b53f4c914d6120e21d"
        ],
        [
            "5a29f5974d4a87ced71fd7b4b1ae521a58381d25",
            "ffdaace0441afe76bac16bcd29186de8cd6634f0"
        ]
    ]
}