{
    "testdir": "/benchmarks/2025-08-26-11-34-50--cpp_misra.top3.9/cpp/exercises/practice/crypto-square",
    "testcase": "crypto-square",
    "model": "gpt-4.1",
    "edit_format": "diff",
    "tests_outcomes": [
        false,
        false
    ],
    "cost": 0.07642399999999999,
    "duration": 59.38278818130493,
    "test_timeouts": 0,
    "commit_hash": "32faf82-dirty",
    "num_error_outputs": 0,
    "num_user_asks": 8,
    "num_exhausted_context_windows": 0,
    "num_malformed_responses": 0,
    "syntax_errors": 0,
    "indentation_errors": 0,
    "lazy_comments": 0,
    "reasoning_effort": null,
    "prompt_tokens": 53640,
    "completion_tokens": 2623,
    "thinking_tokens": null,
    "chat_hashes": [
        [
            "dd5eb8c6e1e03320d0933ca63c0164ae9d2a0152",
            "3f62ca29880304a0c3e6358b1aa36ee8d66a1756"
        ],
        [
            "dd5eb8c6e1e03320d0933ca63c0164ae9d2a0152",
            "c7df0b3dd15081214db27a911833bd84b411466b"
        ],
        [
            "dd5eb8c6e1e03320d0933ca63c0164ae9d2a0152",
            "9710869cc17b42e033635a337f0054b54d9db171"
        ],
        [
            "dd5eb8c6e1e03320d0933ca63c0164ae9d2a0152",
            "9710869cc17b42e033635a337f0054b54d9db171"
        ],
        [
            "dd5eb8c6e1e03320d0933ca63c0164ae9d2a0152",
            "085e3bb0c95ebf01940e41f2b2cf533dd4c453e0"
        ],
        [
            "dd5eb8c6e1e03320d0933ca63c0164ae9d2a0152",
            "b5727614536f5325541e352cfabc73adad7966aa"
        ],
        [
            "dd5eb8c6e1e03320d0933ca63c0164ae9d2a0152",
            "c118297b890ecfad1274b07bd0563b760105c34f"
        ],
        [
            "dd5eb8c6e1e03320d0933ca63c0164ae9d2a0152",
            "51fe5d0b8bbdee80c420bcbdc36cb7e33d768d7a"
        ]
    ]
}