{
    "testdir": "/benchmarks/2025-08-21-09-31-17--misracpp_baseline.5/cpp/exercises/practice/clock",
    "testcase": "clock",
    "model": "gpt-4.1",
    "edit_format": "diff",
    "tests_outcomes": [
        false,
        false
    ],
    "cost": 0.049375999999999996,
    "duration": 43.07191276550293,
    "test_timeouts": 0,
    "commit_hash": "32faf82-dirty",
    "num_error_outputs": 0,
    "num_user_asks": 6,
    "num_exhausted_context_windows": 0,
    "num_malformed_responses": 0,
    "syntax_errors": 0,
    "indentation_errors": 0,
    "lazy_comments": 0,
    "reasoning_effort": null,
    "prompt_tokens": 29368,
    "completion_tokens": 1806,
    "thinking_tokens": null,
    "chat_hashes": [
        [
            "dd5eb8c6e1e03320d0933ca63c0164ae9d2a0152",
            "e32c4e16fafea926119122287f67d9638ac2f643"
        ],
        [
            "dd5eb8c6e1e03320d0933ca63c0164ae9d2a0152",
            "142aade7afc20a0010b30a4b45ca2323432faa18"
        ],
        [
            "dd5eb8c6e1e03320d0933ca63c0164ae9d2a0152",
            "41c594633a5bf5ca3ca0d98b84f0e88e95d9b895"
        ],
        [
            "dd5eb8c6e1e03320d0933ca63c0164ae9d2a0152",
            "317df6c19464dc616316d2d13b97d269ed29e91a"
        ],
        [
            "dd5eb8c6e1e03320d0933ca63c0164ae9d2a0152",
            "4973ffbb71d18d06995f10efd7c4d660dd3ba5d8"
        ],
        [
            "dd5eb8c6e1e03320d0933ca63c0164ae9d2a0152",
            "eaaada739c347b7fa1af2ffd54182a2a3a5b7f39"
        ],
        [
            "dd5eb8c6e1e03320d0933ca63c0164ae9d2a0152",
            "00baf18d075f80ed2346ad457796c4cb306df6c0"
        ]
    ]
}