{
    "testdir": "/benchmarks/2025-09-19-18-45-19--misracpp_baseline_gpt5.16/cpp/exercises/practice/robot-name",
    "testcase": "robot-name",
    "model": "openai/gpt-5",
    "edit_format": "diff",
    "tests_outcomes": [
        false,
        false
    ],
    "cost": 0.13449775000000003,
    "duration": 281.93921852111816,
    "test_timeouts": 0,
    "commit_hash": "32faf82-dirty",
    "num_error_outputs": 1,
    "num_user_asks": 3,
    "num_exhausted_context_windows": 0,
    "num_malformed_responses": 1,
    "syntax_errors": 0,
    "indentation_errors": 0,
    "lazy_comments": 0,
    "reasoning_effort": null,
    "prompt_tokens": 18979,
    "completion_tokens": 12215,
    "thinking_tokens": null,
    "chat_hashes": [
        [
            "5a29f5974d4a87ced71fd7b4b1ae521a58381d25",
            "da19ecde13b6996e16b534fc3c9f881d0e1d3b78"
        ],
        [
            "5a29f5974d4a87ced71fd7b4b1ae521a58381d25",
            "29383c7502c22c3fa8e29f7d63cfdb93cd51cc3b"
        ],
        [
            "5a29f5974d4a87ced71fd7b4b1ae521a58381d25",
            "aecf60920d56a73827ab9da82c9f8a1fa0c1c032"
        ],
        [
            "5a29f5974d4a87ced71fd7b4b1ae521a58381d25",
            "89f7381fde3df97b8a8ee7eb6dec4e44229f0a87"
        ],
        [
            "5a29f5974d4a87ced71fd7b4b1ae521a58381d25",
            "c93b8561a77404134a45e40c83fbbfb33bcb3ed1"
        ]
    ]
}