{
    "testdir": "/benchmarks/2025-08-22-12-03-05--misracpp_baseline_deepseek-chat.18/cpp/exercises/practice/binary-search-tree",
    "testcase": "binary-search-tree",
    "model": "deepseek/deepseek-chat",
    "edit_format": "diff",
    "tests_outcomes": [
        false,
        false
    ],
    "cost": 0.02190225,
    "duration": 511.9779667854309,
    "test_timeouts": 0,
    "commit_hash": "32faf82-dirty",
    "num_error_outputs": 3,
    "num_user_asks": 4,
    "num_exhausted_context_windows": 0,
    "num_malformed_responses": 3,
    "syntax_errors": 0,
    "indentation_errors": 0,
    "lazy_comments": 0,
    "reasoning_effort": null,
    "prompt_tokens": 92205,
    "completion_tokens": 8415,
    "thinking_tokens": null,
    "chat_hashes": [
        [
            "d229a439b83a277ab75364ece3dd8437f0cca388",
            "57585b062a616ac9cd2ab12094f53ea9ebb94dea"
        ],
        [
            "d229a439b83a277ab75364ece3dd8437f0cca388",
            "6eee089182e643b35461ae99c377452b4e878e50"
        ],
        [
            "d229a439b83a277ab75364ece3dd8437f0cca388",
            "695e61c03e7040dc0de73411d08e2246a1ec3706"
        ],
        [
            "d229a439b83a277ab75364ece3dd8437f0cca388",
            "429875dd024ec389da47ee02dd7d6f35f4d3ea0f"
        ],
        [
            "d229a439b83a277ab75364ece3dd8437f0cca388",
            "744b733aea6dc3da3c08ca7214bdedb9e30e5a42"
        ],
        [
            "d229a439b83a277ab75364ece3dd8437f0cca388",
            "64454f1d520e0d13ce53262384ba3644ceddbe0a"
        ],
        [
            "d229a439b83a277ab75364ece3dd8437f0cca388",
            "4753f5361592285e3e23d660f817ffb3914dd70a"
        ],
        [
            "d229a439b83a277ab75364ece3dd8437f0cca388",
            "874cbfde9fc1fb8d722094dc213604b76a4541d1"
        ]
    ]
}