{
    "testdir": "/benchmarks/2025-09-19-18-24-12--misracpp_baseline_gpt5.14/cpp/exercises/practice/kindergarten-garden",
    "testcase": "kindergarten-garden",
    "model": "openai/gpt-5",
    "edit_format": "diff",
    "tests_outcomes": [
        false,
        true
    ],
    "cost": 0.18649,
    "duration": 249.87250232696533,
    "test_timeouts": 0,
    "commit_hash": "32faf82-dirty",
    "num_error_outputs": 0,
    "num_user_asks": 2,
    "num_exhausted_context_windows": 0,
    "num_malformed_responses": 0,
    "syntax_errors": 0,
    "indentation_errors": 0,
    "lazy_comments": 0,
    "reasoning_effort": null,
    "prompt_tokens": 49856,
    "completion_tokens": 13137,
    "thinking_tokens": null,
    "chat_hashes": [
        [
            "5a29f5974d4a87ced71fd7b4b1ae521a58381d25",
            "c679b94b4f17e297f8ecaf5cfe23b68848253cae"
        ],
        [
            "5a29f5974d4a87ced71fd7b4b1ae521a58381d25",
            "3bb51d66e9053e3923c38fde8bda04962787075d"
        ],
        [
            "5a29f5974d4a87ced71fd7b4b1ae521a58381d25",
            "3c756895fbd1d066f2578a557604464cd14a79ab"
        ],
        [
            "5a29f5974d4a87ced71fd7b4b1ae521a58381d25",
            "843ba21d71fe363c37d34181eb622f3111434be1"
        ]
    ]
}