{
    "testdir": "/benchmarks/2025-08-21-09-57-59--misracpp_baseline.10/cpp/exercises/practice/phone-number",
    "testcase": "phone-number",
    "model": "gpt-4.1",
    "edit_format": "diff",
    "tests_outcomes": [
        false,
        false
    ],
    "cost": 0.06381600000000001,
    "duration": 38.63023662567139,
    "test_timeouts": 0,
    "commit_hash": "32faf82-dirty",
    "num_error_outputs": 0,
    "num_user_asks": 8,
    "num_exhausted_context_windows": 0,
    "num_malformed_responses": 0,
    "syntax_errors": 0,
    "indentation_errors": 0,
    "lazy_comments": 0,
    "reasoning_effort": null,
    "prompt_tokens": 45276,
    "completion_tokens": 1434,
    "thinking_tokens": null,
    "chat_hashes": [
        [
            "dd5eb8c6e1e03320d0933ca63c0164ae9d2a0152",
            "bbe09414b3b420ffbdb58f39199566a1e0a38a68"
        ],
        [
            "dd5eb8c6e1e03320d0933ca63c0164ae9d2a0152",
            "dca3bbcf53f13aaaf6f74af68d7ca3e0c556958c"
        ],
        [
            "dd5eb8c6e1e03320d0933ca63c0164ae9d2a0152",
            "30d3d7f848778c65b5e46c4bb1915ad995e6acaa"
        ],
        [
            "dd5eb8c6e1e03320d0933ca63c0164ae9d2a0152",
            "dca3bbcf53f13aaaf6f74af68d7ca3e0c556958c"
        ],
        [
            "dd5eb8c6e1e03320d0933ca63c0164ae9d2a0152",
            "0b0c0ba157140d3a9563e3c03eeb799a5bd85e55"
        ],
        [
            "dd5eb8c6e1e03320d0933ca63c0164ae9d2a0152",
            "883642606d2d6b0f93516a0b5a3b7ea3fdee0460"
        ],
        [
            "dd5eb8c6e1e03320d0933ca63c0164ae9d2a0152",
            "d71cdd94b2fa7530a4c3a003780408feca40e82d"
        ],
        [
            "dd5eb8c6e1e03320d0933ca63c0164ae9d2a0152",
            "53e864e0d91b40bc474c9b109ec04520b7977929"
        ]
    ]
}