{
    "testdir": "/benchmarks/2025-08-26-14-07-02--cpp_misra_deepseek-chat.7/cpp/exercises/practice/crypto-square",
    "testcase": "crypto-square",
    "model": "deepseek/deepseek-chat",
    "edit_format": "diff",
    "tests_outcomes": [
        true
    ],
    "cost": 0.00806923,
    "duration": 281.2136330604553,
    "test_timeouts": 0,
    "commit_hash": "32faf82-dirty",
    "num_error_outputs": 0,
    "num_user_asks": 2,
    "num_exhausted_context_windows": 0,
    "num_malformed_responses": 0,
    "syntax_errors": 0,
    "indentation_errors": 0,
    "lazy_comments": 0,
    "reasoning_effort": null,
    "prompt_tokens": 17049,
    "completion_tokens": 5164,
    "thinking_tokens": null,
    "chat_hashes": [
        [
            "d229a439b83a277ab75364ece3dd8437f0cca388",
            "8c3ac459cd1b3a588639953e6a31f02419d777fd"
        ],
        [
            "d229a439b83a277ab75364ece3dd8437f0cca388",
            "06a6b4dc548d50b4725df68d6443992eb2780020"
        ],
        [
            "d229a439b83a277ab75364ece3dd8437f0cca388",
            "650f1458d9b45d82a26e750bdaf5154f2d308bc4"
        ]
    ]
}