{
    "testdir": "/benchmarks/2025-09-23-18-54-08--cpp_misra_gpt5.top5.19/cpp/exercises/practice/bank-account",
    "testcase": "bank-account",
    "model": "openai/gpt-5",
    "edit_format": "diff",
    "tests_outcomes": [
        false,
        true
    ],
    "cost": 0.11922225,
    "duration": 216.09463119506836,
    "test_timeouts": 0,
    "commit_hash": "32faf82-dirty",
    "num_error_outputs": 0,
    "num_user_asks": 2,
    "num_exhausted_context_windows": 0,
    "num_malformed_responses": 0,
    "syntax_errors": 0,
    "indentation_errors": 0,
    "lazy_comments": 0,
    "reasoning_effort": null,
    "prompt_tokens": 20005,
    "completion_tokens": 10300,
    "thinking_tokens": null,
    "chat_hashes": [
        [
            "5a29f5974d4a87ced71fd7b4b1ae521a58381d25",
            "3cdb4a9259af892ea63f95a4dc3fba84513f9ba1"
        ],
        [
            "5a29f5974d4a87ced71fd7b4b1ae521a58381d25",
            "19c06e150e5f637b39cf49df507594af8336ffec"
        ],
        [
            "5a29f5974d4a87ced71fd7b4b1ae521a58381d25",
            "0aaf3bfdcc524fd9d111ebcbfe5cda24c4117efb"
        ],
        [
            "5a29f5974d4a87ced71fd7b4b1ae521a58381d25",
            "f925ebba47456ce6002d63a54c68b9352772e4f3"
        ]
    ]
}