{
    "testdir": "/benchmarks/2025-09-12-11-13-42--cpp_misra_gpt5.top5.2/cpp/exercises/practice/phone-number",
    "testcase": "phone-number",
    "model": "openai/gpt-5",
    "edit_format": "diff",
    "tests_outcomes": [
        false,
        true
    ],
    "cost": 0.13092550000000003,
    "duration": 235.9977250099182,
    "test_timeouts": 0,
    "commit_hash": "32faf82-dirty",
    "num_error_outputs": 1,
    "num_user_asks": 1,
    "num_exhausted_context_windows": 0,
    "num_malformed_responses": 1,
    "syntax_errors": 0,
    "indentation_errors": 0,
    "lazy_comments": 0,
    "reasoning_effort": null,
    "prompt_tokens": 22238,
    "completion_tokens": 10716,
    "thinking_tokens": null,
    "chat_hashes": [
        [
            "5a29f5974d4a87ced71fd7b4b1ae521a58381d25",
            "6ebd87d0b1d504b529db6a58b925a4819df5b684"
        ],
        [
            "5a29f5974d4a87ced71fd7b4b1ae521a58381d25",
            "504a91c3eee771aeea248e556d88f07e6792c414"
        ],
        [
            "5a29f5974d4a87ced71fd7b4b1ae521a58381d25",
            "8fc8e7635164c607f64d4a7698e21a9c9d987f30"
        ],
        [
            "5a29f5974d4a87ced71fd7b4b1ae521a58381d25",
            "7158d21793ef8cc1be64ab56d0a83345007d6d0b"
        ]
    ]
}