{
    "testdir": "/benchmarks/2025-09-01-22-57-24--cpp_misra_o3.top10.17/cpp/exercises/practice/dnd-character",
    "testcase": "dnd-character",
    "model": "o3",
    "edit_format": "diff",
    "tests_outcomes": [
        false,
        true
    ],
    "cost": 0.15038,
    "duration": 232.54228806495667,
    "test_timeouts": 0,
    "commit_hash": "32faf82-dirty",
    "num_error_outputs": 0,
    "num_user_asks": 2,
    "num_exhausted_context_windows": 0,
    "num_malformed_responses": 0,
    "syntax_errors": 0,
    "indentation_errors": 0,
    "lazy_comments": 0,
    "reasoning_effort": null,
    "prompt_tokens": 37414,
    "completion_tokens": 12012,
    "thinking_tokens": null,
    "chat_hashes": [
        [
            "5570d71e63f5d28449be40ac390705d540cb9709",
            "e23a89ff562bf72e8513d1d74fa619154fb66ebb"
        ],
        [
            "5570d71e63f5d28449be40ac390705d540cb9709",
            "e2d38e9e66dae6cdcb74ea23ec7d457773356841"
        ],
        [
            "5570d71e63f5d28449be40ac390705d540cb9709",
            "93a5645e90db3913cc79f681e250741e224e19d3"
        ],
        [
            "5570d71e63f5d28449be40ac390705d540cb9709",
            "9b786bd52a9527c4564f6afec085bf8de1b1d7c8"
        ]
    ]
}