{
    "testdir": "/benchmarks/2025-09-19-15-47-30--misracpp_baseline_gpt5.4/cpp/exercises/practice/complex-numbers",
    "testcase": "complex-numbers",
    "model": "openai/gpt-5",
    "edit_format": "diff",
    "tests_outcomes": [
        true
    ],
    "cost": 0.14406925,
    "duration": 244.62574076652527,
    "test_timeouts": 0,
    "commit_hash": "32faf82-dirty",
    "num_error_outputs": 0,
    "num_user_asks": 4,
    "num_exhausted_context_windows": 0,
    "num_malformed_responses": 0,
    "syntax_errors": 0,
    "indentation_errors": 0,
    "lazy_comments": 0,
    "reasoning_effort": null,
    "prompt_tokens": 18585,
    "completion_tokens": 13063,
    "thinking_tokens": null,
    "chat_hashes": [
        [
            "5a29f5974d4a87ced71fd7b4b1ae521a58381d25",
            "02e792035e633918e64fe1174e0c48717c68d09f"
        ],
        [
            "5a29f5974d4a87ced71fd7b4b1ae521a58381d25",
            "6624772dfdd577c3503cb68359451bae4728a48f"
        ],
        [
            "5a29f5974d4a87ced71fd7b4b1ae521a58381d25",
            "bf3c77a6c242569f254e0602ac51bc964046ecc5"
        ],
        [
            "5a29f5974d4a87ced71fd7b4b1ae521a58381d25",
            "477ffdc977b485807ec1168b0c37c49b18f986b2"
        ]
    ]
}