{
    "testdir": "/benchmarks/2025-09-23-16-34-39--cpp_misra_gpt5.top5.12/cpp/exercises/practice/sublist",
    "testcase": "sublist",
    "model": "openai/gpt-5",
    "edit_format": "diff",
    "tests_outcomes": [
        false,
        true
    ],
    "cost": 0.27514775,
    "duration": 555.9237475395203,
    "test_timeouts": 0,
    "commit_hash": "32faf82-dirty",
    "num_error_outputs": 0,
    "num_user_asks": 8,
    "num_exhausted_context_windows": 0,
    "num_malformed_responses": 0,
    "syntax_errors": 0,
    "indentation_errors": 0,
    "lazy_comments": 0,
    "reasoning_effort": null,
    "prompt_tokens": 107131,
    "completion_tokens": 20589,
    "thinking_tokens": null,
    "chat_hashes": [
        [
            "5a29f5974d4a87ced71fd7b4b1ae521a58381d25",
            "08065882f5aa7491530e5ef0da22ae200484dca2"
        ],
        [
            "5a29f5974d4a87ced71fd7b4b1ae521a58381d25",
            "c89766a943ec490ebb386d6e6cde441c8d48766c"
        ],
        [
            "5a29f5974d4a87ced71fd7b4b1ae521a58381d25",
            "fd66240d67e8eedfde7d927baa3fcbb4de13b76a"
        ],
        [
            "5a29f5974d4a87ced71fd7b4b1ae521a58381d25",
            "ada9445eadb56205b0981c93cafc10ae6da8cb3f"
        ],
        [
            "5a29f5974d4a87ced71fd7b4b1ae521a58381d25",
            "1b0f3a7a01d65ea1bb9e32a92c25d1c139495b8e"
        ],
        [
            "5a29f5974d4a87ced71fd7b4b1ae521a58381d25",
            "26c40a39c85d40472179b2a2f61a975624e2eb4a"
        ],
        [
            "5a29f5974d4a87ced71fd7b4b1ae521a58381d25",
            "7a6a6289acc94dfdae176cd4829c738ce4873bbb"
        ],
        [
            "5a29f5974d4a87ced71fd7b4b1ae521a58381d25",
            "54bb26aa90ff729a817e6d50d0fd497ad2e89ce3"
        ]
    ]
}