{
    "testdir": "/benchmarks/2025-09-19-19-34-55--misracpp_baseline_gpt5.19/cpp/exercises/practice/kindergarten-garden",
    "testcase": "kindergarten-garden",
    "model": "openai/gpt-5",
    "edit_format": "diff",
    "tests_outcomes": [
        false,
        true
    ],
    "cost": 0.20179475000000002,
    "duration": 466.0144839286804,
    "test_timeouts": 0,
    "commit_hash": "32faf82-dirty",
    "num_error_outputs": 0,
    "num_user_asks": 3,
    "num_exhausted_context_windows": 0,
    "num_malformed_responses": 0,
    "syntax_errors": 0,
    "indentation_errors": 0,
    "lazy_comments": 0,
    "reasoning_effort": null,
    "prompt_tokens": 72583,
    "completion_tokens": 14073,
    "thinking_tokens": null,
    "chat_hashes": [
        [
            "5a29f5974d4a87ced71fd7b4b1ae521a58381d25",
            "67e0a4fff64dbe97efaccc240bf3846af60a0545"
        ],
        [
            "5a29f5974d4a87ced71fd7b4b1ae521a58381d25",
            "77022fea9f226111c21b4c6e484586308a287fe3"
        ],
        [
            "5a29f5974d4a87ced71fd7b4b1ae521a58381d25",
            "f7be77533d0d6071e32119b3f6db26326d47020f"
        ],
        [
            "5a29f5974d4a87ced71fd7b4b1ae521a58381d25",
            "998194d0e90995af5486b4e88496ae8937bcf03c"
        ],
        [
            "5a29f5974d4a87ced71fd7b4b1ae521a58381d25",
            "d446818b41203f67e17f3a35e9508f0bee2f1911"
        ]
    ]
}