{
    "testdir": "/benchmarks/2025-08-22-11-49-53--misracpp_baseline_deepseek-chat.17/cpp/exercises/practice/crypto-square",
    "testcase": "crypto-square",
    "model": "deepseek/deepseek-chat",
    "edit_format": "diff",
    "tests_outcomes": [
        false,
        true
    ],
    "cost": 0.00781511,
    "duration": 259.0656626224518,
    "test_timeouts": 0,
    "commit_hash": "32faf82-dirty",
    "num_error_outputs": 0,
    "num_user_asks": 1,
    "num_exhausted_context_windows": 0,
    "num_malformed_responses": 0,
    "syntax_errors": 0,
    "indentation_errors": 0,
    "lazy_comments": 0,
    "reasoning_effort": null,
    "prompt_tokens": 15423,
    "completion_tokens": 4983,
    "thinking_tokens": null,
    "chat_hashes": [
        [
            "d229a439b83a277ab75364ece3dd8437f0cca388",
            "d80c22f718a3e0060e309d4b6fa9560282f6cd8c"
        ],
        [
            "d229a439b83a277ab75364ece3dd8437f0cca388",
            "c78301eb0e7d04d3bd6057910c8b9bef07b1c99b"
        ],
        [
            "d229a439b83a277ab75364ece3dd8437f0cca388",
            "071b7e6c85b00842cfc78646e5964350767be8f8"
        ]
    ]
}