{
    "testdir": "/benchmarks/2025-08-27-13-51-49--misracpp_baseline_o3.7/cpp/exercises/practice/queen-attack",
    "testcase": "queen-attack",
    "model": "o3",
    "edit_format": "diff",
    "tests_outcomes": [
        true
    ],
    "cost": 0.067206,
    "duration": 135.7925305366516,
    "test_timeouts": 0,
    "commit_hash": "32faf82-dirty",
    "num_error_outputs": 1,
    "num_user_asks": 1,
    "num_exhausted_context_windows": 0,
    "num_malformed_responses": 1,
    "syntax_errors": 0,
    "indentation_errors": 0,
    "lazy_comments": 0,
    "reasoning_effort": null,
    "prompt_tokens": 10703,
    "completion_tokens": 6637,
    "thinking_tokens": null,
    "chat_hashes": [
        [
            "5570d71e63f5d28449be40ac390705d540cb9709",
            "d8dadce95e540f5a326b07aa92cb3e32d9ce3f8d"
        ],
        [
            "5570d71e63f5d28449be40ac390705d540cb9709",
            "99eae9f44d78d62a5a90a95f9e312b633ffb2865"
        ],
        [
            "5570d71e63f5d28449be40ac390705d540cb9709",
            "52c3cc1c90e99257bab9247a48af03e61dfcc561"
        ]
    ]
}