{
    "testdir": "/benchmarks/2025-08-21-09-57-59--misracpp_baseline.10/cpp/exercises/practice/crypto-square",
    "testcase": "crypto-square",
    "model": "gpt-4.1",
    "edit_format": "diff",
    "tests_outcomes": [
        false,
        true
    ],
    "cost": 0.05465599999999999,
    "duration": 42.0502450466156,
    "test_timeouts": 0,
    "commit_hash": "32faf82-dirty",
    "num_error_outputs": 0,
    "num_user_asks": 6,
    "num_exhausted_context_windows": 0,
    "num_malformed_responses": 0,
    "syntax_errors": 0,
    "indentation_errors": 0,
    "lazy_comments": 0,
    "reasoning_effort": null,
    "prompt_tokens": 34620,
    "completion_tokens": 1753,
    "thinking_tokens": null,
    "chat_hashes": [
        [
            "dd5eb8c6e1e03320d0933ca63c0164ae9d2a0152",
            "8e14ca18b004c4c99eaa86ff6c51085d03b4ff0d"
        ],
        [
            "dd5eb8c6e1e03320d0933ca63c0164ae9d2a0152",
            "1ed8dfeceb67e448baa7f1600f7b3233a74c3b43"
        ],
        [
            "dd5eb8c6e1e03320d0933ca63c0164ae9d2a0152",
            "34389c94614b64bf638fb08e60db7b0d2212186b"
        ],
        [
            "dd5eb8c6e1e03320d0933ca63c0164ae9d2a0152",
            "a36de968fc2bad8cd61201cb30cfd36d7c747f53"
        ],
        [
            "dd5eb8c6e1e03320d0933ca63c0164ae9d2a0152",
            "3d65dba4bf63c9f0de051dbc33b3e5b71e8da334"
        ],
        [
            "dd5eb8c6e1e03320d0933ca63c0164ae9d2a0152",
            "1b20c9e4f1c4f238e61307c829cfa65e4e548d5b"
        ],
        [
            "dd5eb8c6e1e03320d0933ca63c0164ae9d2a0152",
            "fe08cd6b61e1bd0e99f3c6c7944393830122e07e"
        ]
    ]
}