{
    "testdir": "/benchmarks/2025-09-09-16-56-01--misracpp_baseline_gpt5.2/cpp/exercises/practice/diamond",
    "testcase": "diamond",
    "model": "openai/gpt-5",
    "edit_format": "diff",
    "tests_outcomes": [
        true
    ],
    "cost": 0.06966150000000002,
    "duration": 132.4780879020691,
    "test_timeouts": 0,
    "commit_hash": "32faf82-dirty",
    "num_error_outputs": 0,
    "num_user_asks": 4,
    "num_exhausted_context_windows": 0,
    "num_malformed_responses": 0,
    "syntax_errors": 0,
    "indentation_errors": 0,
    "lazy_comments": 0,
    "reasoning_effort": null,
    "prompt_tokens": 11862,
    "completion_tokens": 5613,
    "thinking_tokens": null,
    "chat_hashes": [
        [
            "5a29f5974d4a87ced71fd7b4b1ae521a58381d25",
            "c4e5f406854af219cc78313dc7981fc5c1dab6ad"
        ],
        [
            "5a29f5974d4a87ced71fd7b4b1ae521a58381d25",
            "2e94fc1ec674d9c8b4116673cb1285bbb0497b8c"
        ],
        [
            "5a29f5974d4a87ced71fd7b4b1ae521a58381d25",
            "414b932cc997c84e7608da352f9da01dca15c4f3"
        ],
        [
            "5a29f5974d4a87ced71fd7b4b1ae521a58381d25",
            "2e94fc1ec674d9c8b4116673cb1285bbb0497b8c"
        ]
    ]
}