{
    "testdir": "/benchmarks/2025-09-19-15-30-29--misracpp_baseline_gpt5.3/cpp/exercises/practice/sublist",
    "testcase": "sublist",
    "model": "openai/gpt-5",
    "edit_format": "diff",
    "tests_outcomes": [
        false,
        true
    ],
    "cost": 0.3238202500000001,
    "duration": 862.803343296051,
    "test_timeouts": 0,
    "commit_hash": "32faf82-dirty",
    "num_error_outputs": 0,
    "num_user_asks": 8,
    "num_exhausted_context_windows": 0,
    "num_malformed_responses": 0,
    "syntax_errors": 0,
    "indentation_errors": 0,
    "lazy_comments": 0,
    "reasoning_effort": null,
    "prompt_tokens": 106909,
    "completion_tokens": 25268,
    "thinking_tokens": null,
    "chat_hashes": [
        [
            "5a29f5974d4a87ced71fd7b4b1ae521a58381d25",
            "711750dc80baf1de86220bec8d8f7fa2f9475d9e"
        ],
        [
            "5a29f5974d4a87ced71fd7b4b1ae521a58381d25",
            "530605feb8853a107dd34b7a5af24c36c4195687"
        ],
        [
            "5a29f5974d4a87ced71fd7b4b1ae521a58381d25",
            "2350dd0545baa6d6055a2ac495ff2ee6360e950e"
        ],
        [
            "5a29f5974d4a87ced71fd7b4b1ae521a58381d25",
            "61282ec8fd600393b893f3696657907b1c67aa42"
        ],
        [
            "5a29f5974d4a87ced71fd7b4b1ae521a58381d25",
            "cf39ee8777a55ee2d9dee522eaf133723fde852c"
        ],
        [
            "5a29f5974d4a87ced71fd7b4b1ae521a58381d25",
            "e7600f05d4eeeb1d93a18014dde6c2693cd05b14"
        ],
        [
            "5a29f5974d4a87ced71fd7b4b1ae521a58381d25",
            "45e75247af42de7aee448747bdb79afddc580cb5"
        ],
        [
            "5a29f5974d4a87ced71fd7b4b1ae521a58381d25",
            "d10fbb1f39a3e1d6513519b237530331fb9bdd6e"
        ]
    ]
}