{
    "testdir": "/benchmarks/2025-08-26-12-11-03--cpp_misra.top3.17/cpp/exercises/practice/binary-search-tree",
    "testcase": "binary-search-tree",
    "model": "gpt-4.1",
    "edit_format": "diff",
    "tests_outcomes": [
        false,
        true
    ],
    "cost": 0.142936,
    "duration": 179.83476543426514,
    "test_timeouts": 0,
    "commit_hash": "32faf82-dirty",
    "num_error_outputs": 0,
    "num_user_asks": 8,
    "num_exhausted_context_windows": 0,
    "num_malformed_responses": 0,
    "syntax_errors": 0,
    "indentation_errors": 0,
    "lazy_comments": 0,
    "reasoning_effort": null,
    "prompt_tokens": 87796,
    "completion_tokens": 5158,
    "thinking_tokens": null,
    "chat_hashes": [
        [
            "dd5eb8c6e1e03320d0933ca63c0164ae9d2a0152",
            "10f80ccd3b06428a6e3eb18844b7c2d90d36dfb8"
        ],
        [
            "dd5eb8c6e1e03320d0933ca63c0164ae9d2a0152",
            "f48f6ac7124f1557993162e7867412885d672aed"
        ],
        [
            "dd5eb8c6e1e03320d0933ca63c0164ae9d2a0152",
            "a1a5e0ec0809be5f958c41106ae171dbf6ff6484"
        ],
        [
            "dd5eb8c6e1e03320d0933ca63c0164ae9d2a0152",
            "4b9dd922328c87e157d50c31e6e808dfd4bed2a6"
        ],
        [
            "dd5eb8c6e1e03320d0933ca63c0164ae9d2a0152",
            "0c817430145cee8a4c9dd3c50589a7c455eb5ab7"
        ],
        [
            "dd5eb8c6e1e03320d0933ca63c0164ae9d2a0152",
            "b79c2dbbe4bdef995b16bfed134ed1f8942dc431"
        ],
        [
            "dd5eb8c6e1e03320d0933ca63c0164ae9d2a0152",
            "f3eee5c53defa0bdcb1c98226ee12782b1cfee9f"
        ],
        [
            "dd5eb8c6e1e03320d0933ca63c0164ae9d2a0152",
            "ca2d6540069d143dae27593a93dc1662cc0baa15"
        ]
    ]
}