{
    "testdir": "/benchmarks/2025-08-27-13-57-27--misracpp_baseline_o3.8/cpp/exercises/practice/sublist",
    "testcase": "sublist",
    "model": "o3",
    "edit_format": "diff",
    "tests_outcomes": [
        false,
        true
    ],
    "cost": 0.16144199999999997,
    "duration": 180.2110002040863,
    "test_timeouts": 0,
    "commit_hash": "32faf82-dirty",
    "num_error_outputs": 0,
    "num_user_asks": 3,
    "num_exhausted_context_windows": 0,
    "num_malformed_responses": 0,
    "syntax_errors": 0,
    "indentation_errors": 0,
    "lazy_comments": 0,
    "reasoning_effort": null,
    "prompt_tokens": 47673,
    "completion_tokens": 9942,
    "thinking_tokens": null,
    "chat_hashes": [
        [
            "5570d71e63f5d28449be40ac390705d540cb9709",
            "d0035f8cae67571c418fa2b15640577f3d30944a"
        ],
        [
            "5570d71e63f5d28449be40ac390705d540cb9709",
            "5fba1c9eeb2d92159ad78471fc1fb98e2eb8e044"
        ],
        [
            "5570d71e63f5d28449be40ac390705d540cb9709",
            "4bf32d9957b5936b3606b0ceb1502c2368c3b02b"
        ],
        [
            "5570d71e63f5d28449be40ac390705d540cb9709",
            "21efc6fb573f862b1b6bd9e3ba24b0bc14ea9c0e"
        ],
        [
            "5570d71e63f5d28449be40ac390705d540cb9709",
            "9af0249d9dada6c240da79cc4fb15106caf5268b"
        ]
    ]
}