{
    "testdir": "/benchmarks/2025-09-01-22-17-59--cpp_misra_o3.top10.13/cpp/exercises/practice/meetup",
    "testcase": "meetup",
    "model": "o3",
    "edit_format": "diff",
    "tests_outcomes": [
        false,
        true
    ],
    "cost": 0.207672,
    "duration": 182.0947949886322,
    "test_timeouts": 0,
    "commit_hash": "32faf82-dirty",
    "num_error_outputs": 0,
    "num_user_asks": 2,
    "num_exhausted_context_windows": 0,
    "num_malformed_responses": 0,
    "syntax_errors": 0,
    "indentation_errors": 0,
    "lazy_comments": 0,
    "reasoning_effort": null,
    "prompt_tokens": 95968,
    "completion_tokens": 9119,
    "thinking_tokens": null,
    "chat_hashes": [
        [
            "5570d71e63f5d28449be40ac390705d540cb9709",
            "27ab25c4a7edfe1e04379ee606e8482934163f3a"
        ],
        [
            "5570d71e63f5d28449be40ac390705d540cb9709",
            "13b3cdfce01044e21a5900de2bdc30926b8214b3"
        ],
        [
            "5570d71e63f5d28449be40ac390705d540cb9709",
            "23d43e2d4e2e0e048c9144e620fecac2a4e5e930"
        ],
        [
            "5570d71e63f5d28449be40ac390705d540cb9709",
            "280492887d298433f5d1e34f04c25c029ccd8f04"
        ]
    ]
}