{
    "testdir": "/benchmarks/2025-08-22-09-29-57--misracpp_baseline_deepseek-chat.10/cpp/exercises/practice/knapsack",
    "testcase": "knapsack",
    "model": "deepseek/deepseek-chat",
    "edit_format": "diff",
    "tests_outcomes": [
        false,
        true
    ],
    "cost": 0.00735346,
    "duration": 200.38530850410461,
    "test_timeouts": 0,
    "commit_hash": "32faf82-dirty",
    "num_error_outputs": 0,
    "num_user_asks": 2,
    "num_exhausted_context_windows": 0,
    "num_malformed_responses": 0,
    "syntax_errors": 0,
    "indentation_errors": 0,
    "lazy_comments": 0,
    "reasoning_effort": null,
    "prompt_tokens": 20918,
    "completion_tokens": 3808,
    "thinking_tokens": null,
    "chat_hashes": [
        [
            "d229a439b83a277ab75364ece3dd8437f0cca388",
            "7b1d31fdb6520eae59d3d15eb7eb2a038f84eed7"
        ],
        [
            "d229a439b83a277ab75364ece3dd8437f0cca388",
            "6dda1079adc460304f36633c33860a668e1123ba"
        ],
        [
            "d229a439b83a277ab75364ece3dd8437f0cca388",
            "0f7af31195bcfb5875870f94d609c9b86edb277b"
        ],
        [
            "d229a439b83a277ab75364ece3dd8437f0cca388",
            "6bc9afd95a0fa44921a78b57fe977cb1c7a76b07"
        ]
    ]
}