{
    "testdir": "/benchmarks/2025-09-19-19-19-06--misracpp_baseline_gpt5.18/cpp/exercises/practice/circular-buffer",
    "testcase": "circular-buffer",
    "model": "openai/gpt-5",
    "edit_format": "diff",
    "tests_outcomes": [
        false,
        true
    ],
    "cost": 0.31648275000000003,
    "duration": 603.2149624824524,
    "test_timeouts": 0,
    "commit_hash": "32faf82-dirty",
    "num_error_outputs": 1,
    "num_user_asks": 5,
    "num_exhausted_context_windows": 0,
    "num_malformed_responses": 1,
    "syntax_errors": 0,
    "indentation_errors": 0,
    "lazy_comments": 0,
    "reasoning_effort": null,
    "prompt_tokens": 57295,
    "completion_tokens": 28360,
    "thinking_tokens": null,
    "chat_hashes": [
        [
            "5a29f5974d4a87ced71fd7b4b1ae521a58381d25",
            "af208328aa636b4e8155341dc74032746f78ace5"
        ],
        [
            "5a29f5974d4a87ced71fd7b4b1ae521a58381d25",
            "6d133f175f4bdd7092ebfa3ce3572adcbc21a36d"
        ],
        [
            "5a29f5974d4a87ced71fd7b4b1ae521a58381d25",
            "8502893617ef09fd5d33c5c90c21f7748d71089a"
        ],
        [
            "5a29f5974d4a87ced71fd7b4b1ae521a58381d25",
            "3391859d15b7deff83a5958a9e357516d445c77f"
        ],
        [
            "5a29f5974d4a87ced71fd7b4b1ae521a58381d25",
            "261563c87251027a1189ad6b8a6fa420e5f13c0c"
        ],
        [
            "5a29f5974d4a87ced71fd7b4b1ae521a58381d25",
            "cb6b3cc26ada74a35ba00107fffea0c4f18b80e0"
        ],
        [
            "5a29f5974d4a87ced71fd7b4b1ae521a58381d25",
            "e14becd35343a9c40c1368a2d57130a9d8d0086e"
        ],
        [
            "5a29f5974d4a87ced71fd7b4b1ae521a58381d25",
            "176dfddaa4cce3bce167fcb98533bb2563ba412e"
        ]
    ]
}