{
    "testdir": "/benchmarks/2025-09-23-14-57-47--cpp_misra_gpt5.top5.7/cpp/exercises/practice/dnd-character",
    "testcase": "dnd-character",
    "model": "openai/gpt-5",
    "edit_format": "diff",
    "tests_outcomes": [
        false,
        true
    ],
    "cost": 0.36712750000000005,
    "duration": 884.595689535141,
    "test_timeouts": 0,
    "commit_hash": "32faf82-dirty",
    "num_error_outputs": 0,
    "num_user_asks": 8,
    "num_exhausted_context_windows": 0,
    "num_malformed_responses": 0,
    "syntax_errors": 0,
    "indentation_errors": 0,
    "lazy_comments": 0,
    "reasoning_effort": null,
    "prompt_tokens": 70614,
    "completion_tokens": 32926,
    "thinking_tokens": null,
    "chat_hashes": [
        [
            "5a29f5974d4a87ced71fd7b4b1ae521a58381d25",
            "b0f9cf2790707e14797db5b422fbf2ab73a09b66"
        ],
        [
            "5a29f5974d4a87ced71fd7b4b1ae521a58381d25",
            "bdfd42c4c2ee7cc40ba77b07ec5a6aaf07d40ab4"
        ],
        [
            "5a29f5974d4a87ced71fd7b4b1ae521a58381d25",
            "fb427e37ca8ed3f4a479ba92ec76c601392dc703"
        ],
        [
            "5a29f5974d4a87ced71fd7b4b1ae521a58381d25",
            "32e23f0f51f8913019fa8e3d32d2f4d047d0a230"
        ],
        [
            "5a29f5974d4a87ced71fd7b4b1ae521a58381d25",
            "c84c9bf6dbd9960a6b5374bea26b1cf851b2560b"
        ],
        [
            "5a29f5974d4a87ced71fd7b4b1ae521a58381d25",
            "41dbe6ff5a24be8993737a94252e03d75d62e25c"
        ],
        [
            "5a29f5974d4a87ced71fd7b4b1ae521a58381d25",
            "3d761860d0e9c468c8868c3e4483f19be33dd5b1"
        ],
        [
            "5a29f5974d4a87ced71fd7b4b1ae521a58381d25",
            "e4502d9d4e023edd9483f9f8782bb6acab1215eb"
        ]
    ]
}