{
    "testdir": "/benchmarks/2025-08-31-21-16-17--cpp_misra_deepseek-chat.top5.3/cpp/exercises/practice/spiral-matrix",
    "testcase": "spiral-matrix",
    "model": "deepseek/deepseek-chat",
    "edit_format": "diff",
    "tests_outcomes": [
        false,
        false
    ],
    "cost": 0.0518723199999811,
    "duration": 297.84195280075073,
    "test_timeouts": 0,
    "commit_hash": "32faf82-dirty",
    "num_error_outputs": 2,
    "num_user_asks": 6,
    "num_exhausted_context_windows": 1,
    "num_malformed_responses": 0,
    "syntax_errors": 0,
    "indentation_errors": 0,
    "lazy_comments": 0,
    "reasoning_effort": null,
    "prompt_tokens": 182546,
    "completion_tokens": 5771,
    "thinking_tokens": null,
    "chat_hashes": [
        [
            "d229a439b83a277ab75364ece3dd8437f0cca388",
            "cf2cd5ca4fc5b3c421305829393d1a98be825762"
        ],
        [
            "d229a439b83a277ab75364ece3dd8437f0cca388",
            "b7d3e04098db73d2723dd5d8c9163eda5573cebc"
        ],
        [
            "d229a439b83a277ab75364ece3dd8437f0cca388",
            "d102bc1920714d0a3dd1be46a3af4b1a0eb4a670"
        ],
        [
            "d229a439b83a277ab75364ece3dd8437f0cca388",
            "c1bf245d249ba4f9459765d041d78493bcb86d99"
        ]
    ]
}