{
    "testdir": "/benchmarks/2025-09-19-16-17-29--misracpp_baseline_gpt5.6/cpp/exercises/practice/queen-attack",
    "testcase": "queen-attack",
    "model": "openai/gpt-5",
    "edit_format": "diff",
    "tests_outcomes": [
        true
    ],
    "cost": 0.0967325,
    "duration": 109.76285552978516,
    "test_timeouts": 0,
    "commit_hash": "32faf82-dirty",
    "num_error_outputs": 1,
    "num_user_asks": 3,
    "num_exhausted_context_windows": 0,
    "num_malformed_responses": 1,
    "syntax_errors": 0,
    "indentation_errors": 0,
    "lazy_comments": 0,
    "reasoning_effort": null,
    "prompt_tokens": 13386,
    "completion_tokens": 8936,
    "thinking_tokens": null,
    "chat_hashes": [
        [
            "5a29f5974d4a87ced71fd7b4b1ae521a58381d25",
            "85e6444f65e0a2ff13b36756f3e923a2c75ef2ab"
        ],
        [
            "5a29f5974d4a87ced71fd7b4b1ae521a58381d25",
            "8a82e3beb1b301c8ed697b526bb1d6556256d1f5"
        ],
        [
            "5a29f5974d4a87ced71fd7b4b1ae521a58381d25",
            "189cb03cb1544f0f0981e2282c5aed9b5cb8d3f3"
        ],
        [
            "5a29f5974d4a87ced71fd7b4b1ae521a58381d25",
            "1b245108065e484c188cb9bc2ced904c5d48f3f1"
        ]
    ]
}