{
    "testdir": "/benchmarks/2025-08-26-22-23-32--cpp_misra_deepseek-chat.19/cpp/exercises/practice/sublist",
    "testcase": "sublist",
    "model": "deepseek/deepseek-chat",
    "edit_format": "diff",
    "tests_outcomes": [
        false,
        false
    ],
    "cost": 0.01743562,
    "duration": 383.14511036872864,
    "test_timeouts": 0,
    "commit_hash": "32faf82-dirty",
    "num_error_outputs": 1,
    "num_user_asks": 4,
    "num_exhausted_context_windows": 0,
    "num_malformed_responses": 1,
    "syntax_errors": 0,
    "indentation_errors": 0,
    "lazy_comments": 0,
    "reasoning_effort": null,
    "prompt_tokens": 63056,
    "completion_tokens": 6459,
    "thinking_tokens": null,
    "chat_hashes": [
        [
            "d229a439b83a277ab75364ece3dd8437f0cca388",
            "283197ae8b93470a8285b560d6b52b5c5d74b872"
        ],
        [
            "d229a439b83a277ab75364ece3dd8437f0cca388",
            "fbda66cc654338f6b4b29625ea1baf507560e360"
        ],
        [
            "d229a439b83a277ab75364ece3dd8437f0cca388",
            "d267c4927048efb770eeb02b616f7bd899bf0df6"
        ],
        [
            "d229a439b83a277ab75364ece3dd8437f0cca388",
            "1b1bee1e68ac148a8be43b834e889ead016d88f3"
        ],
        [
            "d229a439b83a277ab75364ece3dd8437f0cca388",
            "d2fef00025a3c0c47449edd157ffdfb556713f4b"
        ],
        [
            "d229a439b83a277ab75364ece3dd8437f0cca388",
            "30304f55d160bd8c3770e08958658d26b79fa63d"
        ]
    ]
}