{
    "testdir": "/benchmarks/2025-09-23-18-34-20--cpp_misra_gpt5.top5.18/cpp/exercises/practice/crypto-square",
    "testcase": "crypto-square",
    "model": "openai/gpt-5",
    "edit_format": "diff",
    "tests_outcomes": [
        true
    ],
    "cost": 0.1532245,
    "duration": 269.41431641578674,
    "test_timeouts": 0,
    "commit_hash": "32faf82-dirty",
    "num_error_outputs": 1,
    "num_user_asks": 3,
    "num_exhausted_context_windows": 0,
    "num_malformed_responses": 1,
    "syntax_errors": 0,
    "indentation_errors": 0,
    "lazy_comments": 0,
    "reasoning_effort": null,
    "prompt_tokens": 23434,
    "completion_tokens": 13646,
    "thinking_tokens": null,
    "chat_hashes": [
        [
            "5a29f5974d4a87ced71fd7b4b1ae521a58381d25",
            "55f1b1960bd4e0b96fb78f3dd3d1ac9e1c3d3142"
        ],
        [
            "5a29f5974d4a87ced71fd7b4b1ae521a58381d25",
            "171322f857dff3501dd16056dd3c526208009f10"
        ],
        [
            "5a29f5974d4a87ced71fd7b4b1ae521a58381d25",
            "3676dad9f327532a5fb1167f2f03fe9326dbbe25"
        ],
        [
            "5a29f5974d4a87ced71fd7b4b1ae521a58381d25",
            "7156181093fc91d24e05a7679ab55a537cf2606c"
        ]
    ]
}