{
    "testdir": "/benchmarks/2025-09-23-16-34-39--cpp_misra_gpt5.top5.12/cpp/exercises/practice/complex-numbers",
    "testcase": "complex-numbers",
    "model": "openai/gpt-5",
    "edit_format": "diff",
    "tests_outcomes": [
        true
    ],
    "cost": 0.18967150000000002,
    "duration": 314.2361960411072,
    "test_timeouts": 0,
    "commit_hash": "32faf82-dirty",
    "num_error_outputs": 0,
    "num_user_asks": 4,
    "num_exhausted_context_windows": 0,
    "num_malformed_responses": 0,
    "syntax_errors": 0,
    "indentation_errors": 0,
    "lazy_comments": 0,
    "reasoning_effort": null,
    "prompt_tokens": 23942,
    "completion_tokens": 17400,
    "thinking_tokens": null,
    "chat_hashes": [
        [
            "5a29f5974d4a87ced71fd7b4b1ae521a58381d25",
            "b7934b6cfedc18b7b4e2acf826e10e1a06a2ade8"
        ],
        [
            "5a29f5974d4a87ced71fd7b4b1ae521a58381d25",
            "15bca4f7ab7d907ec80b90854c0b4dd10dc5b1c4"
        ],
        [
            "5a29f5974d4a87ced71fd7b4b1ae521a58381d25",
            "3a0105988c760e267683184a4aac4d064a72e1ff"
        ],
        [
            "5a29f5974d4a87ced71fd7b4b1ae521a58381d25",
            "c3a0b701194d7a3c0b78009252b0fa32eed810e7"
        ]
    ]
}