{
    "testdir": "/benchmarks/2025-09-01-23-07-05--cpp_misra_o3.top10.18/cpp/exercises/practice/diamond",
    "testcase": "diamond",
    "model": "o3",
    "edit_format": "diff",
    "tests_outcomes": [
        false,
        true
    ],
    "cost": 0.187378,
    "duration": 346.5795865058899,
    "test_timeouts": 0,
    "commit_hash": "32faf82-dirty",
    "num_error_outputs": 1,
    "num_user_asks": 4,
    "num_exhausted_context_windows": 0,
    "num_malformed_responses": 1,
    "syntax_errors": 0,
    "indentation_errors": 0,
    "lazy_comments": 0,
    "reasoning_effort": null,
    "prompt_tokens": 50673,
    "completion_tokens": 16586,
    "thinking_tokens": null,
    "chat_hashes": [
        [
            "5570d71e63f5d28449be40ac390705d540cb9709",
            "bd9c031d3a00345cb9cac1601ab7d95944984cbf"
        ],
        [
            "5570d71e63f5d28449be40ac390705d540cb9709",
            "461f25d984898c115c943887813abb3242b7b583"
        ],
        [
            "5570d71e63f5d28449be40ac390705d540cb9709",
            "f69e65482d8df6bd5a26b2fcf687598097e2729f"
        ],
        [
            "5570d71e63f5d28449be40ac390705d540cb9709",
            "897f25703e838073324b5710cbe8dae98320d75b"
        ],
        [
            "5570d71e63f5d28449be40ac390705d540cb9709",
            "37035e8b86b9e48eae3867da053cfdc60fac0c32"
        ],
        [
            "5570d71e63f5d28449be40ac390705d540cb9709",
            "37035e8b86b9e48eae3867da053cfdc60fac0c32"
        ],
        [
            "5570d71e63f5d28449be40ac390705d540cb9709",
            "628e14f810b5d47662b9325957745cfd5514c918"
        ]
    ]
}