{
    "testdir": "/benchmarks/2025-08-31-18-53-19--cpp_misra_o3.top5.8/cpp/exercises/practice/gigasecond",
    "testcase": "gigasecond",
    "model": "o3",
    "edit_format": "diff",
    "tests_outcomes": [
        false,
        true
    ],
    "cost": 0.140624,
    "duration": 150.40171766281128,
    "test_timeouts": 0,
    "commit_hash": "32faf82-dirty",
    "num_error_outputs": 0,
    "num_user_asks": 8,
    "num_exhausted_context_windows": 0,
    "num_malformed_responses": 0,
    "syntax_errors": 0,
    "indentation_errors": 0,
    "lazy_comments": 0,
    "reasoning_effort": null,
    "prompt_tokens": 45616,
    "completion_tokens": 11886,
    "thinking_tokens": null,
    "chat_hashes": [
        [
            "5570d71e63f5d28449be40ac390705d540cb9709",
            "006b02f623fe8ffee824b20cc1788b9c2711df2c"
        ],
        [
            "5570d71e63f5d28449be40ac390705d540cb9709",
            "7a206ae12e11b3f1339321d1b9ac67269dd00525"
        ],
        [
            "5570d71e63f5d28449be40ac390705d540cb9709",
            "1a64589eac4862a55ca2f18f6840856f17e370e3"
        ],
        [
            "5570d71e63f5d28449be40ac390705d540cb9709",
            "88fa9b35e9d3788e6356324050cbc932e268ab90"
        ],
        [
            "5570d71e63f5d28449be40ac390705d540cb9709",
            "467f5f45e3506d9a8c5525cd632f018d407d8189"
        ],
        [
            "5570d71e63f5d28449be40ac390705d540cb9709",
            "0edfc9cd026e3373a0ca4abca9f538be5930f690"
        ],
        [
            "5570d71e63f5d28449be40ac390705d540cb9709",
            "8ba4df7d6cd3edccd2b07288a2f5bd1af34f9cb2"
        ],
        [
            "5570d71e63f5d28449be40ac390705d540cb9709",
            "0f88eb14acfc92b27a5e1956f55a310cf441a93d"
        ]
    ]
}