{
    "testdir": "/benchmarks/2025-08-26-11-52-46--cpp_misra.top3.13/cpp/exercises/practice/phone-number",
    "testcase": "phone-number",
    "model": "gpt-4.1",
    "edit_format": "diff",
    "tests_outcomes": [
        false,
        true
    ],
    "cost": 0.067712,
    "duration": 60.21376180648804,
    "test_timeouts": 0,
    "commit_hash": "32faf82-dirty",
    "num_error_outputs": 0,
    "num_user_asks": 8,
    "num_exhausted_context_windows": 0,
    "num_malformed_responses": 0,
    "syntax_errors": 0,
    "indentation_errors": 0,
    "lazy_comments": 0,
    "reasoning_effort": null,
    "prompt_tokens": 52128,
    "completion_tokens": 1528,
    "thinking_tokens": null,
    "chat_hashes": [
        [
            "dd5eb8c6e1e03320d0933ca63c0164ae9d2a0152",
            "0e4fc6d46ddc55d1af2714471201ed916c1da35f"
        ],
        [
            "dd5eb8c6e1e03320d0933ca63c0164ae9d2a0152",
            "d491494ec995eaeb5feff3890287be751baee03b"
        ],
        [
            "dd5eb8c6e1e03320d0933ca63c0164ae9d2a0152",
            "f12804de517a31d35835ec5df28732fb93ac5501"
        ],
        [
            "dd5eb8c6e1e03320d0933ca63c0164ae9d2a0152",
            "7d05d7fc56de976095f178610c0b23fd2025bce0"
        ],
        [
            "dd5eb8c6e1e03320d0933ca63c0164ae9d2a0152",
            "21a36fecf9cd046b2d4c08f42c93de1ac3cf9f22"
        ],
        [
            "dd5eb8c6e1e03320d0933ca63c0164ae9d2a0152",
            "5be77b1e94392589e1d0e7885f80e342f1380c55"
        ],
        [
            "dd5eb8c6e1e03320d0933ca63c0164ae9d2a0152",
            "654108bd40c43c6e5e9c55cc25f1110e9d3c64aa"
        ],
        [
            "dd5eb8c6e1e03320d0933ca63c0164ae9d2a0152",
            "778ae1a76b5103db2d4e22ad9bd04d91f491cb37"
        ]
    ]
}