{
    "testdir": "/benchmarks/2025-08-26-21-07-40--cpp_misra_deepseek-chat.12/cpp/exercises/practice/grade-school",
    "testcase": "grade-school",
    "model": "deepseek/deepseek-chat",
    "edit_format": "diff",
    "tests_outcomes": [
        true
    ],
    "cost": 0.00861168,
    "duration": 292.3901250362396,
    "test_timeouts": 0,
    "commit_hash": "32faf82-dirty",
    "num_error_outputs": 0,
    "num_user_asks": 4,
    "num_exhausted_context_windows": 0,
    "num_malformed_responses": 0,
    "syntax_errors": 0,
    "indentation_errors": 0,
    "lazy_comments": 0,
    "reasoning_effort": null,
    "prompt_tokens": 22394,
    "completion_tokens": 5183,
    "thinking_tokens": null,
    "chat_hashes": [
        [
            "d229a439b83a277ab75364ece3dd8437f0cca388",
            "30d2d27dc637dedc4bb6481a8238ace4d7bf2dad"
        ],
        [
            "d229a439b83a277ab75364ece3dd8437f0cca388",
            "f59780e915e1c0927ccf7a6fe881623b9d899a9c"
        ],
        [
            "d229a439b83a277ab75364ece3dd8437f0cca388",
            "a2da9f36281bdf8dd16d05f50a6c711a89ca718b"
        ],
        [
            "d229a439b83a277ab75364ece3dd8437f0cca388",
            "bf729bd2e9bf676860f1ff862e7906ace3519993"
        ]
    ]
}