{
    "testdir": "/benchmarks/2025-08-26-12-23-53--cpp_misra.top3.20/cpp/exercises/practice/grade-school",
    "testcase": "grade-school",
    "model": "gpt-4.1",
    "edit_format": "diff",
    "tests_outcomes": [
        false,
        false
    ],
    "cost": 0.6156959999999999,
    "duration": 139.17542457580566,
    "test_timeouts": 0,
    "commit_hash": "32faf82-dirty",
    "num_error_outputs": 0,
    "num_user_asks": 8,
    "num_exhausted_context_windows": 0,
    "num_malformed_responses": 0,
    "syntax_errors": 0,
    "indentation_errors": 0,
    "lazy_comments": 0,
    "reasoning_effort": null,
    "prompt_tokens": 486072,
    "completion_tokens": 1404,
    "thinking_tokens": null,
    "chat_hashes": [
        [
            "dd5eb8c6e1e03320d0933ca63c0164ae9d2a0152",
            "ab5a28ac806085998ae0bca859bde27f35eeaa00"
        ],
        [
            "dd5eb8c6e1e03320d0933ca63c0164ae9d2a0152",
            "1554a30843e1b71bd2abae8337aaedbadbef2060"
        ],
        [
            "dd5eb8c6e1e03320d0933ca63c0164ae9d2a0152",
            "a4982c9a792ba4b487f29c64c8d2b2c5a9b046c8"
        ],
        [
            "dd5eb8c6e1e03320d0933ca63c0164ae9d2a0152",
            "85ee815d0af1ece24e76cbff1ca3cb8773c590f2"
        ],
        [
            "dd5eb8c6e1e03320d0933ca63c0164ae9d2a0152",
            "99ddad56a0e7c245b1f25a2a910e4bb8140602dc"
        ],
        [
            "dd5eb8c6e1e03320d0933ca63c0164ae9d2a0152",
            "a4982c9a792ba4b487f29c64c8d2b2c5a9b046c8"
        ],
        [
            "dd5eb8c6e1e03320d0933ca63c0164ae9d2a0152",
            "85ee815d0af1ece24e76cbff1ca3cb8773c590f2"
        ],
        [
            "dd5eb8c6e1e03320d0933ca63c0164ae9d2a0152",
            "a4982c9a792ba4b487f29c64c8d2b2c5a9b046c8"
        ]
    ]
}