{
    "testdir": "/benchmarks/2025-09-23-14-08-04--cpp_misra_gpt5.top5.5/cpp/exercises/practice/bank-account",
    "testcase": "bank-account",
    "model": "openai/gpt-5",
    "edit_format": "diff",
    "tests_outcomes": [
        false,
        false
    ],
    "cost": 0.2567765,
    "duration": 743.8818521499634,
    "test_timeouts": 0,
    "commit_hash": "32faf82-dirty",
    "num_error_outputs": 8,
    "num_user_asks": 0,
    "num_exhausted_context_windows": 0,
    "num_malformed_responses": 8,
    "syntax_errors": 0,
    "indentation_errors": 0,
    "lazy_comments": 0,
    "reasoning_effort": null,
    "prompt_tokens": 87274,
    "completion_tokens": 21306,
    "thinking_tokens": null,
    "chat_hashes": [
        [
            "5a29f5974d4a87ced71fd7b4b1ae521a58381d25",
            "58f3d0126381c97dc032ecfae1e7e7b7dd46d54f"
        ],
        [
            "5a29f5974d4a87ced71fd7b4b1ae521a58381d25",
            "58f3d0126381c97dc032ecfae1e7e7b7dd46d54f"
        ],
        [
            "5a29f5974d4a87ced71fd7b4b1ae521a58381d25",
            "2d51a8a2a64a2a08d93dbaeb456995a3364debdc"
        ],
        [
            "5a29f5974d4a87ced71fd7b4b1ae521a58381d25",
            "2d51a8a2a64a2a08d93dbaeb456995a3364debdc"
        ],
        [
            "5a29f5974d4a87ced71fd7b4b1ae521a58381d25",
            "2d51a8a2a64a2a08d93dbaeb456995a3364debdc"
        ],
        [
            "5a29f5974d4a87ced71fd7b4b1ae521a58381d25",
            "2d51a8a2a64a2a08d93dbaeb456995a3364debdc"
        ],
        [
            "5a29f5974d4a87ced71fd7b4b1ae521a58381d25",
            "603618d318633cd620e4dd39adf6fd7a86eef2f4"
        ],
        [
            "5a29f5974d4a87ced71fd7b4b1ae521a58381d25",
            "603618d318633cd620e4dd39adf6fd7a86eef2f4"
        ]
    ]
}