{
    "testdir": "/benchmarks/2025-08-31-19-56-44--cpp_misra_o3.top5.18/cpp/exercises/practice/linked-list",
    "testcase": "linked-list",
    "model": "o3",
    "edit_format": "diff",
    "tests_outcomes": [
        true
    ],
    "cost": 0.067074,
    "duration": 77.30755615234375,
    "test_timeouts": 0,
    "commit_hash": "32faf82-dirty",
    "num_error_outputs": 0,
    "num_user_asks": 2,
    "num_exhausted_context_windows": 0,
    "num_malformed_responses": 0,
    "syntax_errors": 0,
    "indentation_errors": 0,
    "lazy_comments": 0,
    "reasoning_effort": null,
    "prompt_tokens": 19189,
    "completion_tokens": 5627,
    "thinking_tokens": null,
    "chat_hashes": [
        [
            "5570d71e63f5d28449be40ac390705d540cb9709",
            "57f521fbf8dbbf655789b24faaf873fb8b3348c1"
        ],
        [
            "5570d71e63f5d28449be40ac390705d540cb9709",
            "f0327d78280f8a755617bc874d53531bf18ecfec"
        ],
        [
            "5570d71e63f5d28449be40ac390705d540cb9709",
            "480185882f23f3ea7abe497930799ae956c9e291"
        ]
    ]
}