{
    "testdir": "/benchmarks/2025-09-19-16-17-29--misracpp_baseline_gpt5.6/cpp/exercises/practice/circular-buffer",
    "testcase": "circular-buffer",
    "model": "openai/gpt-5",
    "edit_format": "diff",
    "tests_outcomes": [
        true
    ],
    "cost": 0.16229300000000002,
    "duration": 264.72627305984497,
    "test_timeouts": 0,
    "commit_hash": "32faf82-dirty",
    "num_error_outputs": 1,
    "num_user_asks": 3,
    "num_exhausted_context_windows": 0,
    "num_malformed_responses": 1,
    "syntax_errors": 0,
    "indentation_errors": 0,
    "lazy_comments": 0,
    "reasoning_effort": null,
    "prompt_tokens": 19892,
    "completion_tokens": 14866,
    "thinking_tokens": null,
    "chat_hashes": [
        [
            "5a29f5974d4a87ced71fd7b4b1ae521a58381d25",
            "6142a833b313abe4f43be38d5a0485bc35446994"
        ],
        [
            "5a29f5974d4a87ced71fd7b4b1ae521a58381d25",
            "a871830d5ea86d81610d19b334d488158cde5dfa"
        ],
        [
            "5a29f5974d4a87ced71fd7b4b1ae521a58381d25",
            "89b03d0d0404bdb8dcb3e7dbb8223a3534a38476"
        ],
        [
            "5a29f5974d4a87ced71fd7b4b1ae521a58381d25",
            "704490573f9c49d9c0c399c041e345393a3af483"
        ]
    ]
}