{
    "testdir": "/benchmarks/2025-09-13-12-35-39--cpp_misra_opus-41.top5.1/cpp/exercises/practice/crypto-square",
    "testcase": "crypto-square",
    "model": "anthropic/claude-opus-4-1-20250805",
    "edit_format": "whole",
    "tests_outcomes": [
        false,
        false
    ],
    "cost": 0.780675,
    "duration": 89.23523592948914,
    "test_timeouts": 0,
    "commit_hash": "32faf82-dirty",
    "num_error_outputs": 0,
    "num_user_asks": 3,
    "num_exhausted_context_windows": 0,
    "num_malformed_responses": 0,
    "syntax_errors": 0,
    "indentation_errors": 0,
    "lazy_comments": 0,
    "reasoning_effort": null,
    "prompt_tokens": 34365,
    "completion_tokens": 3536,
    "thinking_tokens": null,
    "chat_hashes": [
        [
            "a621abd757c98a95fb7d210c3c769a89aa0659cc",
            "5bb48f5682dafbf150886b14f6e82b484555d101"
        ],
        [
            "a621abd757c98a95fb7d210c3c769a89aa0659cc",
            "c7716af6b03baf27e830d887aafe6194b6284fdc"
        ],
        [
            "a621abd757c98a95fb7d210c3c769a89aa0659cc",
            "c65f40ea4696e81c81687248aa9fa697b90b7ad5"
        ],
        [
            "a621abd757c98a95fb7d210c3c769a89aa0659cc",
            "a91989eec8900df9c2fa1a17544e785bfab47016"
        ],
        [
            "a621abd757c98a95fb7d210c3c769a89aa0659cc",
            "636455d4fb8aaedbbe38e3ca610a942802689650"
        ]
    ]
}