{
    "testdir": "/benchmarks/2025-08-22-08-06-23--misracpp_baseline_deepseek-chat.3/cpp/exercises/practice/diamond",
    "testcase": "diamond",
    "model": "deepseek/deepseek-chat",
    "edit_format": "diff",
    "tests_outcomes": [
        true
    ],
    "cost": 0.005668530000000001,
    "duration": 225.41371941566467,
    "test_timeouts": 0,
    "commit_hash": "32faf82-dirty",
    "num_error_outputs": 0,
    "num_user_asks": 2,
    "num_exhausted_context_windows": 0,
    "num_malformed_responses": 0,
    "syntax_errors": 0,
    "indentation_errors": 0,
    "lazy_comments": 0,
    "reasoning_effort": null,
    "prompt_tokens": 11799,
    "completion_tokens": 3700,
    "thinking_tokens": null,
    "chat_hashes": [
        [
            "d229a439b83a277ab75364ece3dd8437f0cca388",
            "b6ec186a1e7e8b131e9b70dcd9d7488e7ac3a2ea"
        ],
        [
            "d229a439b83a277ab75364ece3dd8437f0cca388",
            "9f032cbb3c84b8dbe9aa7173f3ee3bcd71b2641d"
        ],
        [
            "d229a439b83a277ab75364ece3dd8437f0cca388",
            "a13b4076ff083ee224aff64374fd4084a9a2b015"
        ]
    ]
}