{
    "testdir": "/benchmarks/2025-09-01-22-27-54--cpp_misra_o3.top10.14/cpp/exercises/practice/meetup",
    "testcase": "meetup",
    "model": "o3",
    "edit_format": "diff",
    "tests_outcomes": [
        false,
        false
    ],
    "cost": 0.375296,
    "duration": 509.7300250530243,
    "test_timeouts": 0,
    "commit_hash": "32faf82-dirty",
    "num_error_outputs": 1,
    "num_user_asks": 5,
    "num_exhausted_context_windows": 0,
    "num_malformed_responses": 1,
    "syntax_errors": 0,
    "indentation_errors": 0,
    "lazy_comments": 0,
    "reasoning_effort": null,
    "prompt_tokens": 154772,
    "completion_tokens": 22787,
    "thinking_tokens": null,
    "chat_hashes": [
        [
            "5570d71e63f5d28449be40ac390705d540cb9709",
            "ed56b9dd98b36f778dd68f78bb5cadf1944c6949"
        ],
        [
            "5570d71e63f5d28449be40ac390705d540cb9709",
            "54069ae9443459d1888fffd28dc4c80e87434e3c"
        ],
        [
            "5570d71e63f5d28449be40ac390705d540cb9709",
            "45d7a1d36638e5cffa2d3e331b52d53ef23aa9fb"
        ],
        [
            "5570d71e63f5d28449be40ac390705d540cb9709",
            "ddab03aa6d9c6b2ce741d3685ea6e5f2bee8783f"
        ],
        [
            "5570d71e63f5d28449be40ac390705d540cb9709",
            "5cf12bfd4f355f1d384295efdf922241c9b8a61b"
        ],
        [
            "5570d71e63f5d28449be40ac390705d540cb9709",
            "c4361ac52523b5b0158538f86a8d9205df0e1220"
        ],
        [
            "5570d71e63f5d28449be40ac390705d540cb9709",
            "078e5c098bfee39cf8a9a8b617bceffc83e2f410"
        ]
    ]
}