{
    "testdir": "/benchmarks/2025-09-23-18-54-08--cpp_misra_gpt5.top5.19/cpp/exercises/practice/circular-buffer",
    "testcase": "circular-buffer",
    "model": "openai/gpt-5",
    "edit_format": "diff",
    "tests_outcomes": [
        false,
        true
    ],
    "cost": 0.3041665,
    "duration": 458.0371663570404,
    "test_timeouts": 0,
    "commit_hash": "32faf82-dirty",
    "num_error_outputs": 1,
    "num_user_asks": 7,
    "num_exhausted_context_windows": 0,
    "num_malformed_responses": 1,
    "syntax_errors": 0,
    "indentation_errors": 0,
    "lazy_comments": 0,
    "reasoning_effort": null,
    "prompt_tokens": 63602,
    "completion_tokens": 27132,
    "thinking_tokens": null,
    "chat_hashes": [
        [
            "5a29f5974d4a87ced71fd7b4b1ae521a58381d25",
            "44b20a04ea76e56fa775702b2b08e5cafe2d0c60"
        ],
        [
            "5a29f5974d4a87ced71fd7b4b1ae521a58381d25",
            "7d19c8f7ed91969d41f09326920b677a3d139089"
        ],
        [
            "5a29f5974d4a87ced71fd7b4b1ae521a58381d25",
            "8259bce1956d5837e4f369f0d6db592f3dde86e9"
        ],
        [
            "5a29f5974d4a87ced71fd7b4b1ae521a58381d25",
            "02640456656d9cc99105b366e1965c141ee6c611"
        ],
        [
            "5a29f5974d4a87ced71fd7b4b1ae521a58381d25",
            "e6db755fbe6f5fa29556fb0f4f4a41fe703318ed"
        ],
        [
            "5a29f5974d4a87ced71fd7b4b1ae521a58381d25",
            "7befef4f2d891908e70709d8c240f5c5db3748ff"
        ],
        [
            "5a29f5974d4a87ced71fd7b4b1ae521a58381d25",
            "948f9cddf91e42cc32bf9776337c82b1fdb2d70b"
        ],
        [
            "5a29f5974d4a87ced71fd7b4b1ae521a58381d25",
            "02640456656d9cc99105b366e1965c141ee6c611"
        ]
    ]
}