{
    "testdir": "/benchmarks/2025-08-21-13-35-36--misracpp_baseline.17/cpp/exercises/practice/knapsack",
    "testcase": "knapsack",
    "model": "gpt-4.1",
    "edit_format": "diff",
    "tests_outcomes": [
        false,
        false
    ],
    "cost": 0.064572,
    "duration": 59.29262948036194,
    "test_timeouts": 0,
    "commit_hash": "32faf82-dirty",
    "num_error_outputs": 1,
    "num_user_asks": 7,
    "num_exhausted_context_windows": 0,
    "num_malformed_responses": 1,
    "syntax_errors": 0,
    "indentation_errors": 0,
    "lazy_comments": 0,
    "reasoning_effort": null,
    "prompt_tokens": 41946,
    "completion_tokens": 2169,
    "thinking_tokens": null,
    "chat_hashes": [
        [
            "dd5eb8c6e1e03320d0933ca63c0164ae9d2a0152",
            "382c3280246cc95257fae7a42c86e3e208fe054a"
        ],
        [
            "dd5eb8c6e1e03320d0933ca63c0164ae9d2a0152",
            "5ad09c617686034c6c7988b83d65cec3fc08ac5f"
        ],
        [
            "dd5eb8c6e1e03320d0933ca63c0164ae9d2a0152",
            "c4b66b8804c6b22d2a3221168b92e07daef4dd04"
        ],
        [
            "dd5eb8c6e1e03320d0933ca63c0164ae9d2a0152",
            "a38042bc734944ca98aaf1601b64d81a62773521"
        ],
        [
            "dd5eb8c6e1e03320d0933ca63c0164ae9d2a0152",
            "e58c5875dfe1c214cf5fd4bfca05d71a98938e17"
        ],
        [
            "dd5eb8c6e1e03320d0933ca63c0164ae9d2a0152",
            "4f1968861b932db661d3c1ae0c8387724a3b8c8b"
        ],
        [
            "dd5eb8c6e1e03320d0933ca63c0164ae9d2a0152",
            "317b2a27c0ea1b783a4986d020f795c52f9985d2"
        ],
        [
            "dd5eb8c6e1e03320d0933ca63c0164ae9d2a0152",
            "da29413a68e69f6d5d5cb6831e4ab23a57b4ecdf"
        ]
    ]
}