{
    "testdir": "/benchmarks/2025-08-26-14-19-31--cpp_misra_deepseek-chat.8/cpp/exercises/practice/yacht",
    "testcase": "yacht",
    "model": "deepseek/deepseek-chat",
    "edit_format": "diff",
    "tests_outcomes": [
        false,
        false
    ],
    "cost": 0.019279490000000003,
    "duration": 379.43453669548035,
    "test_timeouts": 0,
    "commit_hash": "32faf82-dirty",
    "num_error_outputs": 0,
    "num_user_asks": 2,
    "num_exhausted_context_windows": 0,
    "num_malformed_responses": 0,
    "syntax_errors": 0,
    "indentation_errors": 0,
    "lazy_comments": 0,
    "reasoning_effort": null,
    "prompt_tokens": 59367,
    "completion_tokens": 6376,
    "thinking_tokens": null,
    "chat_hashes": [
        [
            "d229a439b83a277ab75364ece3dd8437f0cca388",
            "b88d67d46a3fa797b044c51fb15e4b7d728dc88a"
        ],
        [
            "d229a439b83a277ab75364ece3dd8437f0cca388",
            "318ba69ee6d91b865336ac917dd664bedd48eea2"
        ],
        [
            "d229a439b83a277ab75364ece3dd8437f0cca388",
            "054acc2aaa0dcfb5b367fab6ae7f70f2fb1cc7a7"
        ],
        [
            "d229a439b83a277ab75364ece3dd8437f0cca388",
            "67425852cfd3d2f5c602e972616136b88790ab5b"
        ]
    ]
}