{
    "testdir": "/benchmarks/2025-08-26-12-15-48--cpp_misra.top3.18/cpp/exercises/practice/parallel-letter-frequency",
    "testcase": "parallel-letter-frequency",
    "model": "gpt-4.1",
    "edit_format": "diff",
    "tests_outcomes": [
        false,
        false
    ],
    "cost": 0.059828,
    "duration": 53.79364466667175,
    "test_timeouts": 0,
    "commit_hash": "32faf82-dirty",
    "num_error_outputs": 0,
    "num_user_asks": 8,
    "num_exhausted_context_windows": 0,
    "num_malformed_responses": 0,
    "syntax_errors": 0,
    "indentation_errors": 0,
    "lazy_comments": 0,
    "reasoning_effort": null,
    "prompt_tokens": 44082,
    "completion_tokens": 1714,
    "thinking_tokens": null,
    "chat_hashes": [
        [
            "dd5eb8c6e1e03320d0933ca63c0164ae9d2a0152",
            "4c2dfdd5cf00d3a6bbd758e5f225371f6f06af13"
        ],
        [
            "dd5eb8c6e1e03320d0933ca63c0164ae9d2a0152",
            "6b8ea10abd1a6ad6afca784d68e38d50fb2629a2"
        ],
        [
            "dd5eb8c6e1e03320d0933ca63c0164ae9d2a0152",
            "b26df1d238e0b6d1e3fbce6b8f4cb00ce9980650"
        ],
        [
            "dd5eb8c6e1e03320d0933ca63c0164ae9d2a0152",
            "da0f68120b443df0799b8956efc08478880fd0c7"
        ],
        [
            "dd5eb8c6e1e03320d0933ca63c0164ae9d2a0152",
            "2beb541a19f256d4f5514b2b10468fbef03ece34"
        ],
        [
            "dd5eb8c6e1e03320d0933ca63c0164ae9d2a0152",
            "953b5900fe1eaa05bf49689e1e9ee1d8ea432ff9"
        ],
        [
            "dd5eb8c6e1e03320d0933ca63c0164ae9d2a0152",
            "3eaf8c271bb01942fa5b3f9e850b66c21541f250"
        ],
        [
            "dd5eb8c6e1e03320d0933ca63c0164ae9d2a0152",
            "1376250fc79b89b24ed3e0ec38d08a075624bcd8"
        ]
    ]
}