{
    "testdir": "/benchmarks/2025-09-19-19-34-55--misracpp_baseline_gpt5.19/cpp/exercises/practice/sublist",
    "testcase": "sublist",
    "model": "openai/gpt-5",
    "edit_format": "diff",
    "tests_outcomes": [
        false,
        true
    ],
    "cost": 0.26519675,
    "duration": 537.0636501312256,
    "test_timeouts": 0,
    "commit_hash": "32faf82-dirty",
    "num_error_outputs": 0,
    "num_user_asks": 8,
    "num_exhausted_context_windows": 0,
    "num_malformed_responses": 0,
    "syntax_errors": 0,
    "indentation_errors": 0,
    "lazy_comments": 0,
    "reasoning_effort": null,
    "prompt_tokens": 95231,
    "completion_tokens": 18331,
    "thinking_tokens": null,
    "chat_hashes": [
        [
            "5a29f5974d4a87ced71fd7b4b1ae521a58381d25",
            "4066e419aff54f27c11c95cacdc944a3f5802470"
        ],
        [
            "5a29f5974d4a87ced71fd7b4b1ae521a58381d25",
            "5fd3581243a87406499827016590861808533c69"
        ],
        [
            "5a29f5974d4a87ced71fd7b4b1ae521a58381d25",
            "e76240d6516e723be58817ebe1ef2d1047df7081"
        ],
        [
            "5a29f5974d4a87ced71fd7b4b1ae521a58381d25",
            "cfbe93b23777baaa58f13556c5471463cae8736a"
        ],
        [
            "5a29f5974d4a87ced71fd7b4b1ae521a58381d25",
            "9eb3ea343966cff4905c8a47f4150f920abc318c"
        ],
        [
            "5a29f5974d4a87ced71fd7b4b1ae521a58381d25",
            "a8cf85575f9c9ed948ce0373301c880120df838a"
        ],
        [
            "5a29f5974d4a87ced71fd7b4b1ae521a58381d25",
            "d15a989b4e0090e53ccfbc9679616ac2573460ce"
        ],
        [
            "5a29f5974d4a87ced71fd7b4b1ae521a58381d25",
            "f07dc9cebba045c1ebc52ac1be6b4494b21484c2"
        ]
    ]
}