{
    "testdir": "/benchmarks/2025-08-21-13-25-46--misracpp_baseline.15/cpp/exercises/practice/crypto-square",
    "testcase": "crypto-square",
    "model": "gpt-4.1",
    "edit_format": "diff",
    "tests_outcomes": [
        false,
        true
    ],
    "cost": 0.06235399999999999,
    "duration": 56.153470039367676,
    "test_timeouts": 0,
    "commit_hash": "32faf82-dirty",
    "num_error_outputs": 0,
    "num_user_asks": 8,
    "num_exhausted_context_windows": 0,
    "num_malformed_responses": 0,
    "syntax_errors": 0,
    "indentation_errors": 0,
    "lazy_comments": 0,
    "reasoning_effort": null,
    "prompt_tokens": 41717,
    "completion_tokens": 1661,
    "thinking_tokens": null,
    "chat_hashes": [
        [
            "dd5eb8c6e1e03320d0933ca63c0164ae9d2a0152",
            "9a0c7c6a413870b3fb2a9c3644c427b3ba4db043"
        ],
        [
            "dd5eb8c6e1e03320d0933ca63c0164ae9d2a0152",
            "e21d4020e2e8ca19633c5e57b98eb812210da6ba"
        ],
        [
            "dd5eb8c6e1e03320d0933ca63c0164ae9d2a0152",
            "34389c94614b64bf638fb08e60db7b0d2212186b"
        ],
        [
            "dd5eb8c6e1e03320d0933ca63c0164ae9d2a0152",
            "e21d4020e2e8ca19633c5e57b98eb812210da6ba"
        ],
        [
            "dd5eb8c6e1e03320d0933ca63c0164ae9d2a0152",
            "bf26347b019eed0783e2d42ec3e2013c52aef4fe"
        ],
        [
            "dd5eb8c6e1e03320d0933ca63c0164ae9d2a0152",
            "ac97fbd919eeaf5a007cc07a772eabb3fb43fdca"
        ],
        [
            "dd5eb8c6e1e03320d0933ca63c0164ae9d2a0152",
            "f31060381e29fc0ad9a7d6541de9a3cedc68811d"
        ],
        [
            "dd5eb8c6e1e03320d0933ca63c0164ae9d2a0152",
            "721ec21f32535c0093b439acaabd09b14e157d69"
        ]
    ]
}