{
    "testdir": "/benchmarks/2025-09-23-18-54-08--cpp_misra_gpt5.top5.19/cpp/exercises/practice/allergies",
    "testcase": "allergies",
    "model": "openai/gpt-5",
    "edit_format": "diff",
    "tests_outcomes": [
        false,
        false
    ],
    "cost": 0.13443775,
    "duration": 207.54458594322205,
    "test_timeouts": 0,
    "commit_hash": "32faf82-dirty",
    "num_error_outputs": 2,
    "num_user_asks": 3,
    "num_exhausted_context_windows": 0,
    "num_malformed_responses": 1,
    "syntax_errors": 0,
    "indentation_errors": 0,
    "lazy_comments": 0,
    "reasoning_effort": null,
    "prompt_tokens": 21563,
    "completion_tokens": 11670,
    "thinking_tokens": null,
    "chat_hashes": [
        [
            "5a29f5974d4a87ced71fd7b4b1ae521a58381d25",
            "1b0644f673c734d022c5bd2603ea74ba7b03b3ca"
        ],
        [
            "5a29f5974d4a87ced71fd7b4b1ae521a58381d25",
            "04b5ebac988d3272abfa3bb21dfdd7b6953446bf"
        ],
        [
            "5a29f5974d4a87ced71fd7b4b1ae521a58381d25",
            "c89f7ecabdd58e0a7e358819f0babbfda869f7a9"
        ],
        [
            "5a29f5974d4a87ced71fd7b4b1ae521a58381d25",
            "9c72fda4b4a58d66b3fb5b34494d47d7c16d28d3"
        ]
    ]
}