{
    "testdir": "/benchmarks/2025-09-19-16-30-38--misracpp_baseline_gpt5.7/cpp/exercises/practice/circular-buffer",
    "testcase": "circular-buffer",
    "model": "openai/gpt-5",
    "edit_format": "diff",
    "tests_outcomes": [
        true
    ],
    "cost": 0.09002575000000002,
    "duration": 126.35093569755554,
    "test_timeouts": 0,
    "commit_hash": "32faf82-dirty",
    "num_error_outputs": 1,
    "num_user_asks": 3,
    "num_exhausted_context_windows": 0,
    "num_malformed_responses": 1,
    "syntax_errors": 0,
    "indentation_errors": 0,
    "lazy_comments": 0,
    "reasoning_effort": null,
    "prompt_tokens": 15667,
    "completion_tokens": 8081,
    "thinking_tokens": null,
    "chat_hashes": [
        [
            "5a29f5974d4a87ced71fd7b4b1ae521a58381d25",
            "f2b5f4187baa9d3ffaa729343b5e1c540cfb4602"
        ],
        [
            "5a29f5974d4a87ced71fd7b4b1ae521a58381d25",
            "5d625fd0f1fc30982d6786df42a86e37c3c6c495"
        ],
        [
            "5a29f5974d4a87ced71fd7b4b1ae521a58381d25",
            "1e84b1619fe348ff12d636fba06e0b7d7afe0adf"
        ],
        [
            "5a29f5974d4a87ced71fd7b4b1ae521a58381d25",
            "9edc145e71217df99af770d9cd36bcc0b77c98a2"
        ]
    ]
}