{
    "testdir": "/benchmarks/2025-08-21-09-48-51--misracpp_baseline.8/cpp/exercises/practice/binary-search-tree",
    "testcase": "binary-search-tree",
    "model": "gpt-4.1",
    "edit_format": "diff",
    "tests_outcomes": [
        false,
        false
    ],
    "cost": 0.147756,
    "duration": 185.44920182228088,
    "test_timeouts": 0,
    "commit_hash": "32faf82-dirty",
    "num_error_outputs": 0,
    "num_user_asks": 8,
    "num_exhausted_context_windows": 0,
    "num_malformed_responses": 0,
    "syntax_errors": 0,
    "indentation_errors": 0,
    "lazy_comments": 0,
    "reasoning_effort": null,
    "prompt_tokens": 81074,
    "completion_tokens": 5905,
    "thinking_tokens": null,
    "chat_hashes": [
        [
            "dd5eb8c6e1e03320d0933ca63c0164ae9d2a0152",
            "b9f3546cba136ed924476d6caede8cb08381553c"
        ],
        [
            "dd5eb8c6e1e03320d0933ca63c0164ae9d2a0152",
            "4e6b66e90be30fa374dc83a7c071a26321831af2"
        ],
        [
            "dd5eb8c6e1e03320d0933ca63c0164ae9d2a0152",
            "2c8f88ec82f56bf3373f6f5b85873015a0a15626"
        ],
        [
            "dd5eb8c6e1e03320d0933ca63c0164ae9d2a0152",
            "1475476b0ad8a4c11238864964c91b007296f3dc"
        ],
        [
            "dd5eb8c6e1e03320d0933ca63c0164ae9d2a0152",
            "2a150dfc861f9b91cd10a341f9739e579266c23c"
        ],
        [
            "dd5eb8c6e1e03320d0933ca63c0164ae9d2a0152",
            "ce5813cb3fbc1c2724f52a004f53366c543a2102"
        ],
        [
            "dd5eb8c6e1e03320d0933ca63c0164ae9d2a0152",
            "25636f14f2640743cff5cadfe4111589cd2394aa"
        ],
        [
            "dd5eb8c6e1e03320d0933ca63c0164ae9d2a0152",
            "b741e9a9999a19f53f1dcf82d090b43382bbf426"
        ]
    ]
}