{
    "testdir": "/benchmarks/2025-09-19-16-02-19--misracpp_baseline_gpt5.5/cpp/exercises/practice/yacht",
    "testcase": "yacht",
    "model": "openai/gpt-5",
    "edit_format": "diff",
    "tests_outcomes": [
        false,
        true
    ],
    "cost": 0.1730895,
    "duration": 323.12163853645325,
    "test_timeouts": 0,
    "commit_hash": "32faf82-dirty",
    "num_error_outputs": 0,
    "num_user_asks": 2,
    "num_exhausted_context_windows": 0,
    "num_malformed_responses": 0,
    "syntax_errors": 0,
    "indentation_errors": 0,
    "lazy_comments": 0,
    "reasoning_effort": null,
    "prompt_tokens": 47374,
    "completion_tokens": 11992,
    "thinking_tokens": null,
    "chat_hashes": [
        [
            "5a29f5974d4a87ced71fd7b4b1ae521a58381d25",
            "f161dd76e7481ab4f82caaa1133737162b61d2a4"
        ],
        [
            "5a29f5974d4a87ced71fd7b4b1ae521a58381d25",
            "3c94052bce701462d2fc472a200b01df5eb3945f"
        ],
        [
            "5a29f5974d4a87ced71fd7b4b1ae521a58381d25",
            "8899820064976100376eca825fddd624ddff9b1f"
        ],
        [
            "5a29f5974d4a87ced71fd7b4b1ae521a58381d25",
            "0312e6bda9abe9d7bfd109c743c4bbe2c8b13794"
        ]
    ]
}