{
    "testdir": "/benchmarks/2025-08-21-13-17-55--misracpp_baseline.14/cpp/exercises/practice/diamond",
    "testcase": "diamond",
    "model": "gpt-4.1",
    "edit_format": "diff",
    "tests_outcomes": [
        false,
        true
    ],
    "cost": 0.053214,
    "duration": 59.21853423118591,
    "test_timeouts": 0,
    "commit_hash": "32faf82-dirty",
    "num_error_outputs": 1,
    "num_user_asks": 7,
    "num_exhausted_context_windows": 0,
    "num_malformed_responses": 1,
    "syntax_errors": 0,
    "indentation_errors": 0,
    "lazy_comments": 0,
    "reasoning_effort": null,
    "prompt_tokens": 35199,
    "completion_tokens": 1716,
    "thinking_tokens": null,
    "chat_hashes": [
        [
            "dd5eb8c6e1e03320d0933ca63c0164ae9d2a0152",
            "f86ad5fe57f9b27074ad527f15f4a2dcbad52856"
        ],
        [
            "dd5eb8c6e1e03320d0933ca63c0164ae9d2a0152",
            "e5e0f363b73506bb120e3b40d86e807c1f827b96"
        ],
        [
            "dd5eb8c6e1e03320d0933ca63c0164ae9d2a0152",
            "4dec04cda751de69a1fe3630cb61dbea776fd087"
        ],
        [
            "dd5eb8c6e1e03320d0933ca63c0164ae9d2a0152",
            "4dec04cda751de69a1fe3630cb61dbea776fd087"
        ],
        [
            "dd5eb8c6e1e03320d0933ca63c0164ae9d2a0152",
            "1af2ed5fbc351253406bc4d162cd21d2df9a48e8"
        ],
        [
            "dd5eb8c6e1e03320d0933ca63c0164ae9d2a0152",
            "4c1f85b0dcb6949a7707c3de7a3c471fc40da3d2"
        ],
        [
            "dd5eb8c6e1e03320d0933ca63c0164ae9d2a0152",
            "50843315120f96eb59c7b19fa1ff7b9716c7fa41"
        ],
        [
            "dd5eb8c6e1e03320d0933ca63c0164ae9d2a0152",
            "10afa21b482d38499a6363432a2ed8d7bf69ff54"
        ]
    ]
}