{
    "testdir": "/benchmarks/2025-09-23-18-34-20--cpp_misra_gpt5.top5.18/cpp/exercises/practice/space-age",
    "testcase": "space-age",
    "model": "openai/gpt-5",
    "edit_format": "diff",
    "tests_outcomes": [
        true
    ],
    "cost": 0.09379425000000001,
    "duration": 129.89222979545593,
    "test_timeouts": 0,
    "commit_hash": "32faf82-dirty",
    "num_error_outputs": 1,
    "num_user_asks": 1,
    "num_exhausted_context_windows": 0,
    "num_malformed_responses": 1,
    "syntax_errors": 0,
    "indentation_errors": 0,
    "lazy_comments": 0,
    "reasoning_effort": null,
    "prompt_tokens": 15237,
    "completion_tokens": 7878,
    "thinking_tokens": null,
    "chat_hashes": [
        [
            "5a29f5974d4a87ced71fd7b4b1ae521a58381d25",
            "d2e31534c1c932b3eb641a8f356aa6a095a335d9"
        ],
        [
            "5a29f5974d4a87ced71fd7b4b1ae521a58381d25",
            "45f2926f2804064ea49520bef99fc445a3600c02"
        ],
        [
            "5a29f5974d4a87ced71fd7b4b1ae521a58381d25",
            "4502964b930944e41a46b267b5d46805bfdc151c"
        ]
    ]
}