{
    "testdir": "/benchmarks/2025-09-23-18-54-08--cpp_misra_gpt5.top5.19/cpp/exercises/practice/kindergarten-garden",
    "testcase": "kindergarten-garden",
    "model": "openai/gpt-5",
    "edit_format": "diff",
    "tests_outcomes": [
        false,
        true
    ],
    "cost": 0.23155050000000002,
    "duration": 473.019570350647,
    "test_timeouts": 0,
    "commit_hash": "32faf82-dirty",
    "num_error_outputs": 0,
    "num_user_asks": 3,
    "num_exhausted_context_windows": 0,
    "num_malformed_responses": 0,
    "syntax_errors": 0,
    "indentation_errors": 0,
    "lazy_comments": 0,
    "reasoning_effort": null,
    "prompt_tokens": 62594,
    "completion_tokens": 16886,
    "thinking_tokens": null,
    "chat_hashes": [
        [
            "5a29f5974d4a87ced71fd7b4b1ae521a58381d25",
            "513fe6c0d298a1d93af10db6e4ea34104b31be92"
        ],
        [
            "5a29f5974d4a87ced71fd7b4b1ae521a58381d25",
            "bbe924b2970a8191d906a6734f91b79ff43750b4"
        ],
        [
            "5a29f5974d4a87ced71fd7b4b1ae521a58381d25",
            "2f80557645781579c45800ce1aac0c9e20898b34"
        ],
        [
            "5a29f5974d4a87ced71fd7b4b1ae521a58381d25",
            "f3ee54546f04274d61a99586d5486dc7abded136"
        ],
        [
            "5a29f5974d4a87ced71fd7b4b1ae521a58381d25",
            "3c339320f1edfaea6f8eeca5822a79c01f024367"
        ]
    ]
}