{
    "testdir": "/benchmarks/2025-08-27-15-58-16--misracpp_baseline_o3.19/cpp/exercises/practice/diamond",
    "testcase": "diamond",
    "model": "o3",
    "edit_format": "diff",
    "tests_outcomes": [
        false,
        true
    ],
    "cost": 0.06376599999999999,
    "duration": 119.25660753250122,
    "test_timeouts": 0,
    "commit_hash": "32faf82-dirty",
    "num_error_outputs": 0,
    "num_user_asks": 2,
    "num_exhausted_context_windows": 0,
    "num_malformed_responses": 0,
    "syntax_errors": 0,
    "indentation_errors": 0,
    "lazy_comments": 0,
    "reasoning_effort": null,
    "prompt_tokens": 15047,
    "completion_tokens": 5217,
    "thinking_tokens": null,
    "chat_hashes": [
        [
            "5570d71e63f5d28449be40ac390705d540cb9709",
            "e5e504db80e45642616896bc3a67899b979c33cc"
        ],
        [
            "5570d71e63f5d28449be40ac390705d540cb9709",
            "d897db0c5e66300a4a767cf735bbb5466360d501"
        ],
        [
            "5570d71e63f5d28449be40ac390705d540cb9709",
            "af0dd33d8d7ab78fc435e0cc8482d0aadead12e1"
        ],
        [
            "5570d71e63f5d28449be40ac390705d540cb9709",
            "f718641c4ac0b73f050b0e28ffb7f2536993d96d"
        ]
    ]
}