{
    "testdir": "/benchmarks/2025-08-21-13-43-54--misracpp_baseline.18/cpp/exercises/practice/gigasecond",
    "testcase": "gigasecond",
    "model": "gpt-4.1",
    "edit_format": "diff",
    "tests_outcomes": [
        false,
        true
    ],
    "cost": 0.04444,
    "duration": 21.559537172317505,
    "test_timeouts": 0,
    "commit_hash": "32faf82-dirty",
    "num_error_outputs": 0,
    "num_user_asks": 8,
    "num_exhausted_context_windows": 0,
    "num_malformed_responses": 0,
    "syntax_errors": 0,
    "indentation_errors": 0,
    "lazy_comments": 0,
    "reasoning_effort": null,
    "prompt_tokens": 33652,
    "completion_tokens": 982,
    "thinking_tokens": null,
    "chat_hashes": [
        [
            "dd5eb8c6e1e03320d0933ca63c0164ae9d2a0152",
            "d081b5c999d9a261376f492eeef67c31a03e9b1b"
        ],
        [
            "dd5eb8c6e1e03320d0933ca63c0164ae9d2a0152",
            "7e94c1d28ce471e3dfc4a2a77dd9387a9253d886"
        ],
        [
            "dd5eb8c6e1e03320d0933ca63c0164ae9d2a0152",
            "e800cf8ae2da7bc7403e4c4ca7ff322ddd279ed9"
        ],
        [
            "dd5eb8c6e1e03320d0933ca63c0164ae9d2a0152",
            "f9d743049d48433b255e416d6e1a385ab98decfa"
        ],
        [
            "dd5eb8c6e1e03320d0933ca63c0164ae9d2a0152",
            "76f94ab209a8038ebca0243ed5bdfb56ec962698"
        ],
        [
            "dd5eb8c6e1e03320d0933ca63c0164ae9d2a0152",
            "9a18d5dfc61503730c02fbe1abf1300e2e0cbd9e"
        ],
        [
            "dd5eb8c6e1e03320d0933ca63c0164ae9d2a0152",
            "aeb9ab114751ac4b481dfa75837f9cb2922ba7d5"
        ],
        [
            "dd5eb8c6e1e03320d0933ca63c0164ae9d2a0152",
            "9972365c7575af2e497ca33d1d5061b4647aeb4c"
        ]
    ]
}