{
    "testdir": "/benchmarks/2025-08-21-09-48-51--misracpp_baseline.8/cpp/exercises/practice/clock",
    "testcase": "clock",
    "model": "gpt-4.1",
    "edit_format": "diff",
    "tests_outcomes": [
        false,
        false
    ],
    "cost": 0.06572599999999999,
    "duration": 57.02687311172485,
    "test_timeouts": 0,
    "commit_hash": "32faf82-dirty",
    "num_error_outputs": 0,
    "num_user_asks": 8,
    "num_exhausted_context_windows": 0,
    "num_malformed_responses": 0,
    "syntax_errors": 0,
    "indentation_errors": 0,
    "lazy_comments": 0,
    "reasoning_effort": null,
    "prompt_tokens": 36951,
    "completion_tokens": 2746,
    "thinking_tokens": null,
    "chat_hashes": [
        [
            "dd5eb8c6e1e03320d0933ca63c0164ae9d2a0152",
            "2c145d3e86c8626bef72937fbed97abbb1096841"
        ],
        [
            "dd5eb8c6e1e03320d0933ca63c0164ae9d2a0152",
            "2026a9b86b429e21e7e2e43d6dcb6f86637143dd"
        ],
        [
            "dd5eb8c6e1e03320d0933ca63c0164ae9d2a0152",
            "e77f7147def5d094c208b2aea27c58c069b6708e"
        ],
        [
            "dd5eb8c6e1e03320d0933ca63c0164ae9d2a0152",
            "47a3b9be79068306c2accb4808e3ddc879ae80bd"
        ],
        [
            "dd5eb8c6e1e03320d0933ca63c0164ae9d2a0152",
            "7eb9108123dc21b48431b538e436cfcdf44e2fa4"
        ],
        [
            "dd5eb8c6e1e03320d0933ca63c0164ae9d2a0152",
            "8d9dc28c225c5bb48b82e901ffd6299f4f41633c"
        ],
        [
            "dd5eb8c6e1e03320d0933ca63c0164ae9d2a0152",
            "a0531f6501f4969fe0dc9988d85b4cce511093d8"
        ],
        [
            "dd5eb8c6e1e03320d0933ca63c0164ae9d2a0152",
            "38398b1e5cdde2c6cc325b0ff10b18f79bec053f"
        ]
    ]
}