{
    "testdir": "/benchmarks/2025-09-23-17-24-50--cpp_misra_gpt5.top5.15/cpp/exercises/practice/clock",
    "testcase": "clock",
    "model": "openai/gpt-5",
    "edit_format": "diff",
    "tests_outcomes": [
        true
    ],
    "cost": 0.1263815,
    "duration": 266.06816577911377,
    "test_timeouts": 0,
    "commit_hash": "32faf82-dirty",
    "num_error_outputs": 1,
    "num_user_asks": 1,
    "num_exhausted_context_windows": 0,
    "num_malformed_responses": 1,
    "syntax_errors": 0,
    "indentation_errors": 0,
    "lazy_comments": 0,
    "reasoning_effort": null,
    "prompt_tokens": 13710,
    "completion_tokens": 11558,
    "thinking_tokens": null,
    "chat_hashes": [
        [
            "5a29f5974d4a87ced71fd7b4b1ae521a58381d25",
            "5b9dba2f44bae05798f16b2d05622e63b29626d4"
        ],
        [
            "5a29f5974d4a87ced71fd7b4b1ae521a58381d25",
            "d873a2857065a4b00177d957614809573e1fbca6"
        ],
        [
            "5a29f5974d4a87ced71fd7b4b1ae521a58381d25",
            "415fac0ad3b1785d422c47fb2c074924ef0aef64"
        ]
    ]
}