{
    "testdir": "/benchmarks/2025-08-22-11-49-53--misracpp_baseline_deepseek-chat.17/cpp/exercises/practice/bank-account",
    "testcase": "bank-account",
    "model": "deepseek/deepseek-chat",
    "edit_format": "diff",
    "tests_outcomes": [
        true
    ],
    "cost": 0.00887367,
    "duration": 299.78514099121094,
    "test_timeouts": 0,
    "commit_hash": "32faf82-dirty",
    "num_error_outputs": 0,
    "num_user_asks": 4,
    "num_exhausted_context_windows": 0,
    "num_malformed_responses": 0,
    "syntax_errors": 0,
    "indentation_errors": 0,
    "lazy_comments": 0,
    "reasoning_effort": null,
    "prompt_tokens": 19991,
    "completion_tokens": 5627,
    "thinking_tokens": null,
    "chat_hashes": [
        [
            "d229a439b83a277ab75364ece3dd8437f0cca388",
            "56c776a25924e56043ecddf6d52e2429fe305704"
        ],
        [
            "d229a439b83a277ab75364ece3dd8437f0cca388",
            "903a76a0261c905c06e8902157f125a8dcae6824"
        ],
        [
            "d229a439b83a277ab75364ece3dd8437f0cca388",
            "754641a5728d7aff4cfffdbeb68e1e98ad8ab1f6"
        ],
        [
            "d229a439b83a277ab75364ece3dd8437f0cca388",
            "382bc4a86574b5f648bf50e9cc98491cdb1f99c8"
        ]
    ]
}