{
    "testdir": "/benchmarks/2025-08-22-09-19-52--misracpp_baseline_deepseek-chat.9/cpp/exercises/practice/all-your-base",
    "testcase": "all-your-base",
    "model": "deepseek/deepseek-chat",
    "edit_format": "diff",
    "tests_outcomes": [
        false,
        true
    ],
    "cost": 0.004987120000000001,
    "duration": 163.55104231834412,
    "test_timeouts": 0,
    "commit_hash": "32faf82-dirty",
    "num_error_outputs": 0,
    "num_user_asks": 1,
    "num_exhausted_context_windows": 0,
    "num_malformed_responses": 0,
    "syntax_errors": 0,
    "indentation_errors": 0,
    "lazy_comments": 0,
    "reasoning_effort": null,
    "prompt_tokens": 12056,
    "completion_tokens": 3064,
    "thinking_tokens": null,
    "chat_hashes": [
        [
            "d229a439b83a277ab75364ece3dd8437f0cca388",
            "d83cd9ed5e7ea0cbf4dc249e2289e3334cec7e68"
        ],
        [
            "d229a439b83a277ab75364ece3dd8437f0cca388",
            "e1ab8a36a985122bd61c61034ea950e8f25c25a4"
        ],
        [
            "d229a439b83a277ab75364ece3dd8437f0cca388",
            "ecc92352dcf57b27ae2594c288f479badf1797d5"
        ]
    ]
}