{
    "testdir": "/benchmarks/2025-08-31-19-56-44--cpp_misra_o3.top5.18/cpp/exercises/practice/parallel-letter-frequency",
    "testcase": "parallel-letter-frequency",
    "model": "o3",
    "edit_format": "diff",
    "tests_outcomes": [
        false,
        true
    ],
    "cost": 0.10472000000000001,
    "duration": 137.83172726631165,
    "test_timeouts": 0,
    "commit_hash": "32faf82-dirty",
    "num_error_outputs": 0,
    "num_user_asks": 2,
    "num_exhausted_context_windows": 0,
    "num_malformed_responses": 0,
    "syntax_errors": 0,
    "indentation_errors": 0,
    "lazy_comments": 0,
    "reasoning_effort": null,
    "prompt_tokens": 25912,
    "completion_tokens": 8700,
    "thinking_tokens": null,
    "chat_hashes": [
        [
            "5570d71e63f5d28449be40ac390705d540cb9709",
            "ddacd38b72ad3647631f1f7b18b57635ddb765bc"
        ],
        [
            "5570d71e63f5d28449be40ac390705d540cb9709",
            "f65d7f0879af8a75234101fb211c579263ae32bf"
        ],
        [
            "5570d71e63f5d28449be40ac390705d540cb9709",
            "e48c360f12adcaa97483924fcccd0fe2f338e595"
        ],
        [
            "5570d71e63f5d28449be40ac390705d540cb9709",
            "70bbe227b29e459d8238eeba67c6f68c14e376be"
        ]
    ]
}