{
    "testdir": "/benchmarks/2025-09-09-16-56-01--misracpp_baseline_gpt5.2/cpp/exercises/practice/phone-number",
    "testcase": "phone-number",
    "model": "openai/gpt-5",
    "edit_format": "diff",
    "tests_outcomes": [
        false,
        true
    ],
    "cost": 0.09263675,
    "duration": 146.68875312805176,
    "test_timeouts": 0,
    "commit_hash": "32faf82-dirty",
    "num_error_outputs": 1,
    "num_user_asks": 1,
    "num_exhausted_context_windows": 0,
    "num_malformed_responses": 1,
    "syntax_errors": 0,
    "indentation_errors": 0,
    "lazy_comments": 0,
    "reasoning_effort": null,
    "prompt_tokens": 15759,
    "completion_tokens": 7553,
    "thinking_tokens": null,
    "chat_hashes": [
        [
            "5a29f5974d4a87ced71fd7b4b1ae521a58381d25",
            "f95adf99d588c297e450ae2b7077ca609de8fe7f"
        ],
        [
            "5a29f5974d4a87ced71fd7b4b1ae521a58381d25",
            "452e27b52cd29ab5a6ac7ab3d8cbaae7de0a14a1"
        ],
        [
            "5a29f5974d4a87ced71fd7b4b1ae521a58381d25",
            "950055f37b71ac59b1397866941495f519dac403"
        ],
        [
            "5a29f5974d4a87ced71fd7b4b1ae521a58381d25",
            "0b5949065fd106690a4e0623906e7627ce5b7367"
        ]
    ]
}