{
    "testdir": "/benchmarks/2025-08-21-13-35-36--misracpp_baseline.17/cpp/exercises/practice/meetup",
    "testcase": "meetup",
    "model": "gpt-4.1",
    "edit_format": "diff",
    "tests_outcomes": [
        false,
        true
    ],
    "cost": 0.26801200000000003,
    "duration": 448.1766276359558,
    "test_timeouts": 0,
    "commit_hash": "32faf82-dirty",
    "num_error_outputs": 1,
    "num_user_asks": 7,
    "num_exhausted_context_windows": 0,
    "num_malformed_responses": 1,
    "syntax_errors": 0,
    "indentation_errors": 0,
    "lazy_comments": 0,
    "reasoning_effort": null,
    "prompt_tokens": 154506,
    "completion_tokens": 9059,
    "thinking_tokens": null,
    "chat_hashes": [
        [
            "dd5eb8c6e1e03320d0933ca63c0164ae9d2a0152",
            "07e83e91b3130ae30dfb9866f618e993f5336a6d"
        ],
        [
            "dd5eb8c6e1e03320d0933ca63c0164ae9d2a0152",
            "5f0606704de04d69c464225bb80d26240d9ec932"
        ],
        [
            "dd5eb8c6e1e03320d0933ca63c0164ae9d2a0152",
            "7d8a413c6774f3e00bb288af7634b683d9b222b3"
        ],
        [
            "dd5eb8c6e1e03320d0933ca63c0164ae9d2a0152",
            "fdb8f97bb09a6227c2677bcb5b677f2c291eb3e0"
        ],
        [
            "dd5eb8c6e1e03320d0933ca63c0164ae9d2a0152",
            "fa6cff61d5e4083a8220601b5feecf7c670ab5b4"
        ],
        [
            "dd5eb8c6e1e03320d0933ca63c0164ae9d2a0152",
            "309778fab6116617f874c4ecc6ff091f350ede8f"
        ],
        [
            "dd5eb8c6e1e03320d0933ca63c0164ae9d2a0152",
            "309778fab6116617f874c4ecc6ff091f350ede8f"
        ],
        [
            "dd5eb8c6e1e03320d0933ca63c0164ae9d2a0152",
            "31528541b614805dc2cdb1ce6852006e8ea13598"
        ]
    ]
}