{
    "testdir": "/benchmarks/2025-08-27-16-06-36--misracpp_baseline_o3.20/cpp/exercises/practice/complex-numbers",
    "testcase": "complex-numbers",
    "model": "o3",
    "edit_format": "diff",
    "tests_outcomes": [
        false,
        true
    ],
    "cost": 0.177808,
    "duration": 392.78445529937744,
    "test_timeouts": 0,
    "commit_hash": "32faf82-dirty",
    "num_error_outputs": 1,
    "num_user_asks": 4,
    "num_exhausted_context_windows": 0,
    "num_malformed_responses": 1,
    "syntax_errors": 0,
    "indentation_errors": 0,
    "lazy_comments": 0,
    "reasoning_effort": null,
    "prompt_tokens": 35140,
    "completion_tokens": 16081,
    "thinking_tokens": null,
    "chat_hashes": [
        [
            "5570d71e63f5d28449be40ac390705d540cb9709",
            "0315d1d96dc7cd064e039a132ab14bb020f82470"
        ],
        [
            "5570d71e63f5d28449be40ac390705d540cb9709",
            "a1437389c470e5d7cab847fda50b9b7337dd5589"
        ],
        [
            "5570d71e63f5d28449be40ac390705d540cb9709",
            "ded3592c9979c10d5f76835f9e13c673431db64c"
        ],
        [
            "5570d71e63f5d28449be40ac390705d540cb9709",
            "eedd72d3282eb7ace3bb474ec513423edc67db3d"
        ],
        [
            "5570d71e63f5d28449be40ac390705d540cb9709",
            "01ef56b91f575c7ef0cbf45f7b61d53738091da8"
        ],
        [
            "5570d71e63f5d28449be40ac390705d540cb9709",
            "aa161e6aa214e8f0446440cdbd0a13ba316e1b99"
        ]
    ]
}