{
    "testdir": "/benchmarks/2025-08-22-10-44-45--misracpp_baseline_deepseek-chat.11/cpp/exercises/practice/linked-list",
    "testcase": "linked-list",
    "model": "deepseek/deepseek-chat",
    "edit_format": "diff",
    "tests_outcomes": [
        true
    ],
    "cost": 0.00611155,
    "duration": 190.48925161361694,
    "test_timeouts": 0,
    "commit_hash": "32faf82-dirty",
    "num_error_outputs": 0,
    "num_user_asks": 2,
    "num_exhausted_context_windows": 0,
    "num_malformed_responses": 0,
    "syntax_errors": 0,
    "indentation_errors": 0,
    "lazy_comments": 0,
    "reasoning_effort": null,
    "prompt_tokens": 15725,
    "completion_tokens": 3430,
    "thinking_tokens": null,
    "chat_hashes": [
        [
            "d229a439b83a277ab75364ece3dd8437f0cca388",
            "513fb7cb723754a3c1d696d89d6530683e7ee506"
        ],
        [
            "d229a439b83a277ab75364ece3dd8437f0cca388",
            "e03cfbd8870c42782045dc5778ba59c540ef1197"
        ],
        [
            "d229a439b83a277ab75364ece3dd8437f0cca388",
            "795333023b088551d181a5f1ae84e0c549ad37af"
        ]
    ]
}