{
    "testdir": "/benchmarks/2025-08-26-11-00-16--cpp_misra.top3.2/cpp/exercises/practice/allergies",
    "testcase": "allergies",
    "model": "gpt-4.1",
    "edit_format": "diff",
    "tests_outcomes": [
        true
    ],
    "cost": 0.034277999999999996,
    "duration": 27.771061420440674,
    "test_timeouts": 0,
    "commit_hash": "32faf82-dirty",
    "num_error_outputs": 0,
    "num_user_asks": 4,
    "num_exhausted_context_windows": 0,
    "num_malformed_responses": 0,
    "syntax_errors": 0,
    "indentation_errors": 0,
    "lazy_comments": 0,
    "reasoning_effort": null,
    "prompt_tokens": 17039,
    "completion_tokens": 1009,
    "thinking_tokens": null,
    "chat_hashes": [
        [
            "dd5eb8c6e1e03320d0933ca63c0164ae9d2a0152",
            "30d59b840f37649c26b2bbc86ed398d0ef7ac6a3"
        ],
        [
            "dd5eb8c6e1e03320d0933ca63c0164ae9d2a0152",
            "37f7b16ca22ae91aef1cdebc442ccf727ab04214"
        ],
        [
            "dd5eb8c6e1e03320d0933ca63c0164ae9d2a0152",
            "801ca3addc8d066c012108a82ce4707f52401963"
        ],
        [
            "dd5eb8c6e1e03320d0933ca63c0164ae9d2a0152",
            "421f87871bb2e19945679ae5b9c2b93646f5d7ea"
        ]
    ]
}