{
    "testdir": "/benchmarks/2025-09-19-18-33-44--misracpp_baseline_gpt5.15/cpp/exercises/practice/parallel-letter-frequency",
    "testcase": "parallel-letter-frequency",
    "model": "openai/gpt-5",
    "edit_format": "diff",
    "tests_outcomes": [
        false,
        true
    ],
    "cost": 0.1989495,
    "duration": 303.52169704437256,
    "test_timeouts": 0,
    "commit_hash": "32faf82-dirty",
    "num_error_outputs": 0,
    "num_user_asks": 8,
    "num_exhausted_context_windows": 0,
    "num_malformed_responses": 0,
    "syntax_errors": 0,
    "indentation_errors": 0,
    "lazy_comments": 0,
    "reasoning_effort": null,
    "prompt_tokens": 44326,
    "completion_tokens": 17191,
    "thinking_tokens": null,
    "chat_hashes": [
        [
            "5a29f5974d4a87ced71fd7b4b1ae521a58381d25",
            "d08ed98c2a1239d6ebc883af43270cd858e655c2"
        ],
        [
            "5a29f5974d4a87ced71fd7b4b1ae521a58381d25",
            "7329f291a330ef9bd145bd4384055667c40bfd56"
        ],
        [
            "5a29f5974d4a87ced71fd7b4b1ae521a58381d25",
            "55555afdc66f2b95d5617b89a03f0c3fe562bea5"
        ],
        [
            "5a29f5974d4a87ced71fd7b4b1ae521a58381d25",
            "d9ab6c325d2202cce83c19c8132c8a9a2bed8b94"
        ],
        [
            "5a29f5974d4a87ced71fd7b4b1ae521a58381d25",
            "0a100ac983c0e1a4290315717d98e8fbe4e47708"
        ],
        [
            "5a29f5974d4a87ced71fd7b4b1ae521a58381d25",
            "a8e64237ab867f845e7bc54a34aa0ab991bbeccf"
        ],
        [
            "5a29f5974d4a87ced71fd7b4b1ae521a58381d25",
            "c634dbf21eec7fae0ccc66fe0ef3c9bb54b25821"
        ],
        [
            "5a29f5974d4a87ced71fd7b4b1ae521a58381d25",
            "b2066243ca61320cb1297e49479d1ae651cc4ede"
        ]
    ]
}