{
    "testdir": "/benchmarks/2025-08-31-23-55-54--cpp_misra_deepseek-chat.top5.12/cpp/exercises/practice/diamond",
    "testcase": "diamond",
    "model": "deepseek/deepseek-chat",
    "edit_format": "diff",
    "tests_outcomes": [
        true
    ],
    "cost": 0.008120060000000002,
    "duration": 214.03532576560974,
    "test_timeouts": 0,
    "commit_hash": "32faf82-dirty",
    "num_error_outputs": 0,
    "num_user_asks": 4,
    "num_exhausted_context_windows": 0,
    "num_malformed_responses": 0,
    "syntax_errors": 0,
    "indentation_errors": 0,
    "lazy_comments": 0,
    "reasoning_effort": null,
    "prompt_tokens": 21998,
    "completion_tokens": 4810,
    "thinking_tokens": null,
    "chat_hashes": [
        [
            "d229a439b83a277ab75364ece3dd8437f0cca388",
            "be7c26b524257e3d49decb8ad6e36ddb60a2d028"
        ],
        [
            "d229a439b83a277ab75364ece3dd8437f0cca388",
            "914b3f65d049004c493f1b5c299e48d2f5c6be19"
        ],
        [
            "d229a439b83a277ab75364ece3dd8437f0cca388",
            "07590903c235370810d1597690c4c502fb198998"
        ],
        [
            "d229a439b83a277ab75364ece3dd8437f0cca388",
            "07590903c235370810d1597690c4c502fb198998"
        ]
    ]
}