{
    "testdir": "/benchmarks/2025-08-26-22-23-32--cpp_misra_deepseek-chat.19/cpp/exercises/practice/gigasecond",
    "testcase": "gigasecond",
    "model": "deepseek/deepseek-chat",
    "edit_format": "diff",
    "tests_outcomes": [
        false,
        true
    ],
    "cost": 0.00969319,
    "duration": 280.6675033569336,
    "test_timeouts": 0,
    "commit_hash": "32faf82-dirty",
    "num_error_outputs": 0,
    "num_user_asks": 4,
    "num_exhausted_context_windows": 0,
    "num_malformed_responses": 0,
    "syntax_errors": 0,
    "indentation_errors": 0,
    "lazy_comments": 0,
    "reasoning_effort": null,
    "prompt_tokens": 37117,
    "completion_tokens": 4868,
    "thinking_tokens": null,
    "chat_hashes": [
        [
            "d229a439b83a277ab75364ece3dd8437f0cca388",
            "df4740accdbf06c1f94ced18bdd21f61506f7680"
        ],
        [
            "d229a439b83a277ab75364ece3dd8437f0cca388",
            "ef25ed0ccab8321edf75207b8351dbc71b3abb9e"
        ],
        [
            "d229a439b83a277ab75364ece3dd8437f0cca388",
            "1117220ef9ded1db4653cdd500c34bc17a2a3139"
        ],
        [
            "d229a439b83a277ab75364ece3dd8437f0cca388",
            "efda20f1ac3a13ba91124916759a3e5e270476ed"
        ],
        [
            "d229a439b83a277ab75364ece3dd8437f0cca388",
            "aecc5c7374020feb88457e57452af42f26cf57ec"
        ],
        [
            "d229a439b83a277ab75364ece3dd8437f0cca388",
            "721ac5806118bf746a12e28097ef4593b5c436c7"
        ]
    ]
}