{
    "testdir": "/benchmarks/2025-08-26-14-19-31--cpp_misra_deepseek-chat.8/cpp/exercises/practice/space-age",
    "testcase": "space-age",
    "model": "deepseek/deepseek-chat",
    "edit_format": "diff",
    "tests_outcomes": [
        true
    ],
    "cost": 0.00440385,
    "duration": 148.70061993598938,
    "test_timeouts": 0,
    "commit_hash": "32faf82-dirty",
    "num_error_outputs": 0,
    "num_user_asks": 2,
    "num_exhausted_context_windows": 0,
    "num_malformed_responses": 0,
    "syntax_errors": 0,
    "indentation_errors": 0,
    "lazy_comments": 0,
    "reasoning_effort": null,
    "prompt_tokens": 13605,
    "completion_tokens": 2619,
    "thinking_tokens": null,
    "chat_hashes": [
        [
            "d229a439b83a277ab75364ece3dd8437f0cca388",
            "f1a9beac58f17ddf97c0f34251b384a86290a040"
        ],
        [
            "d229a439b83a277ab75364ece3dd8437f0cca388",
            "d582a35b10cf6c4e39506ca60c76741c90c80aa0"
        ],
        [
            "d229a439b83a277ab75364ece3dd8437f0cca388",
            "c42a915c0babe338a0840f9d39e98d764357caba"
        ]
    ]
}