{
    "testdir": "/benchmarks/2025-08-27-16-06-36--misracpp_baseline_o3.20/cpp/exercises/practice/meetup",
    "testcase": "meetup",
    "model": "o3",
    "edit_format": "diff",
    "tests_outcomes": [
        false,
        false
    ],
    "cost": 0.29209799999999997,
    "duration": 618.953821182251,
    "test_timeouts": 0,
    "commit_hash": "32faf82-dirty",
    "num_error_outputs": 0,
    "num_user_asks": 2,
    "num_exhausted_context_windows": 0,
    "num_malformed_responses": 0,
    "syntax_errors": 0,
    "indentation_errors": 0,
    "lazy_comments": 0,
    "reasoning_effort": null,
    "prompt_tokens": 57653,
    "completion_tokens": 23611,
    "thinking_tokens": null,
    "chat_hashes": [
        [
            "5570d71e63f5d28449be40ac390705d540cb9709",
            "1e834ca8159690f16379084d57a379b47e810598"
        ],
        [
            "5570d71e63f5d28449be40ac390705d540cb9709",
            "9e73c07f5cc68a96048d84c1b88275257d5df034"
        ],
        [
            "5570d71e63f5d28449be40ac390705d540cb9709",
            "2ee3d0e6b596237adedbf3ed5f4823bcaffc11af"
        ],
        [
            "5570d71e63f5d28449be40ac390705d540cb9709",
            "fecdc04447f3673e9d16f477b066fafd49fd247f"
        ]
    ]
}