{
    "testdir": "/benchmarks/2025-09-01-21-47-48--cpp_misra_o3.top10.9/cpp/exercises/practice/phone-number",
    "testcase": "phone-number",
    "model": "o3",
    "edit_format": "diff",
    "tests_outcomes": [
        false,
        true
    ],
    "cost": 0.08974,
    "duration": 122.52033925056458,
    "test_timeouts": 0,
    "commit_hash": "32faf82-dirty",
    "num_error_outputs": 0,
    "num_user_asks": 2,
    "num_exhausted_context_windows": 0,
    "num_malformed_responses": 0,
    "syntax_errors": 0,
    "indentation_errors": 0,
    "lazy_comments": 0,
    "reasoning_effort": null,
    "prompt_tokens": 24682,
    "completion_tokens": 8287,
    "thinking_tokens": null,
    "chat_hashes": [
        [
            "5570d71e63f5d28449be40ac390705d540cb9709",
            "7b13577a0bc5f50496b9918f9793c0c55c706857"
        ],
        [
            "5570d71e63f5d28449be40ac390705d540cb9709",
            "96523a2a84fbe925d20cf2637c62189559e858ef"
        ],
        [
            "5570d71e63f5d28449be40ac390705d540cb9709",
            "b04a0b95d6407b37178ee1a2fc20eee31cd06bfa"
        ],
        [
            "5570d71e63f5d28449be40ac390705d540cb9709",
            "24b145f143d6fe56d1c9cbdb52b79a2e73709d82"
        ]
    ]
}