{
    "testdir": "/benchmarks/2025-09-23-14-29-36--cpp_misra_gpt5.top5.6/cpp/exercises/practice/all-your-base",
    "testcase": "all-your-base",
    "model": "openai/gpt-5",
    "edit_format": "diff",
    "tests_outcomes": [
        false,
        true
    ],
    "cost": 0.185098,
    "duration": 459.4195091724396,
    "test_timeouts": 0,
    "commit_hash": "32faf82-dirty",
    "num_error_outputs": 1,
    "num_user_asks": 3,
    "num_exhausted_context_windows": 0,
    "num_malformed_responses": 1,
    "syntax_errors": 0,
    "indentation_errors": 0,
    "lazy_comments": 0,
    "reasoning_effort": null,
    "prompt_tokens": 30032,
    "completion_tokens": 16455,
    "thinking_tokens": null,
    "chat_hashes": [
        [
            "5a29f5974d4a87ced71fd7b4b1ae521a58381d25",
            "85a3ccf4b69688b3d867c84fe3af0b27f706e38b"
        ],
        [
            "5a29f5974d4a87ced71fd7b4b1ae521a58381d25",
            "d0da8cd8a76dbd91ce4322b66bdf00605e7d3058"
        ],
        [
            "5a29f5974d4a87ced71fd7b4b1ae521a58381d25",
            "758588c8f0f3b24f1787d1fa3c1c8c6428834051"
        ],
        [
            "5a29f5974d4a87ced71fd7b4b1ae521a58381d25",
            "e1e19107f66f47c52507ebc5290c7f29e9a9003f"
        ],
        [
            "5a29f5974d4a87ced71fd7b4b1ae521a58381d25",
            "31b37eae2054fa08ff90ec2265623b01aecebccc"
        ]
    ]
}