{
    "testdir": "/benchmarks/2025-09-01-22-03-08--cpp_misra_o3.top10.11/cpp/exercises/practice/clock",
    "testcase": "clock",
    "model": "o3",
    "edit_format": "diff",
    "tests_outcomes": [
        false,
        true
    ],
    "cost": 0.108446,
    "duration": 179.78771495819092,
    "test_timeouts": 0,
    "commit_hash": "32faf82-dirty",
    "num_error_outputs": 0,
    "num_user_asks": 2,
    "num_exhausted_context_windows": 0,
    "num_malformed_responses": 0,
    "syntax_errors": 0,
    "indentation_errors": 0,
    "lazy_comments": 0,
    "reasoning_effort": null,
    "prompt_tokens": 24563,
    "completion_tokens": 9911,
    "thinking_tokens": null,
    "chat_hashes": [
        [
            "5570d71e63f5d28449be40ac390705d540cb9709",
            "b097abe99444bc93119da88d450d6e63d6acffdf"
        ],
        [
            "5570d71e63f5d28449be40ac390705d540cb9709",
            "c79817af48cf50b0253011bfafde3785a19c41be"
        ],
        [
            "5570d71e63f5d28449be40ac390705d540cb9709",
            "0f5edc30095f602dcf8efdc8279df663548ef65f"
        ],
        [
            "5570d71e63f5d28449be40ac390705d540cb9709",
            "8f6880a79a2cab658930f9d3bfe09e8f3338d9da"
        ]
    ]
}