{
    "testdir": "/benchmarks/2025-08-31-23-25-32--cpp_misra_deepseek-chat.top5.9/cpp/exercises/practice/grade-school",
    "testcase": "grade-school",
    "model": "deepseek/deepseek-chat",
    "edit_format": "diff",
    "tests_outcomes": [
        false,
        false
    ],
    "cost": 0.0399087499999811,
    "duration": 181.1642644405365,
    "test_timeouts": 0,
    "commit_hash": "32faf82-dirty",
    "num_error_outputs": 2,
    "num_user_asks": 4,
    "num_exhausted_context_windows": 1,
    "num_malformed_responses": 0,
    "syntax_errors": 0,
    "indentation_errors": 0,
    "lazy_comments": 0,
    "reasoning_effort": null,
    "prompt_tokens": 140225,
    "completion_tokens": 3968,
    "thinking_tokens": null,
    "chat_hashes": [
        [
            "d229a439b83a277ab75364ece3dd8437f0cca388",
            "dfd918ad4dea8619546715cda43182036fd37bac"
        ],
        [
            "d229a439b83a277ab75364ece3dd8437f0cca388",
            "bfb29a1e8452797e7efb551a78138f2d565f21bb"
        ],
        [
            "d229a439b83a277ab75364ece3dd8437f0cca388",
            "d167719fba30567a8d8f192402ece1a38760885a"
        ]
    ]
}