{
    "testdir": "/benchmarks/2025-09-19-18-33-44--misracpp_baseline_gpt5.15/cpp/exercises/practice/robot-name",
    "testcase": "robot-name",
    "model": "openai/gpt-5",
    "edit_format": "diff",
    "tests_outcomes": [
        false,
        false
    ],
    "cost": 0.18659475,
    "duration": 364.60837268829346,
    "test_timeouts": 0,
    "commit_hash": "32faf82-dirty",
    "num_error_outputs": 4,
    "num_user_asks": 4,
    "num_exhausted_context_windows": 0,
    "num_malformed_responses": 4,
    "syntax_errors": 0,
    "indentation_errors": 0,
    "lazy_comments": 0,
    "reasoning_effort": null,
    "prompt_tokens": 39391,
    "completion_tokens": 16342,
    "thinking_tokens": null,
    "chat_hashes": [
        [
            "5a29f5974d4a87ced71fd7b4b1ae521a58381d25",
            "1839e7a1a91bd20df8ab0835a9486c5a0617cca7"
        ],
        [
            "5a29f5974d4a87ced71fd7b4b1ae521a58381d25",
            "21383fd07abc18577197ba82d41ee8e5ce956d6b"
        ],
        [
            "5a29f5974d4a87ced71fd7b4b1ae521a58381d25",
            "cd9596b0d287663f1e71eb72fa4cfe31e0723eba"
        ],
        [
            "5a29f5974d4a87ced71fd7b4b1ae521a58381d25",
            "cd9596b0d287663f1e71eb72fa4cfe31e0723eba"
        ],
        [
            "5a29f5974d4a87ced71fd7b4b1ae521a58381d25",
            "03646d4bc64056073e4e4f4e0192762da877e12b"
        ],
        [
            "5a29f5974d4a87ced71fd7b4b1ae521a58381d25",
            "2ff9291bd7c5cadf316a0c3769253b5ee598544f"
        ],
        [
            "5a29f5974d4a87ced71fd7b4b1ae521a58381d25",
            "afa6ab07a1a1be0260d73a9ebc660899f2e623a9"
        ],
        [
            "5a29f5974d4a87ced71fd7b4b1ae521a58381d25",
            "56c531206af6d28a20c2e15073e1c32a40580f62"
        ]
    ]
}