{
    "testdir": "/benchmarks/2025-08-21-13-31-26--misracpp_baseline.16/cpp/exercises/practice/grade-school",
    "testcase": "grade-school",
    "model": "gpt-4.1",
    "edit_format": "diff",
    "tests_outcomes": [
        true
    ],
    "cost": 0.026191999999999997,
    "duration": 15.20490050315857,
    "test_timeouts": 0,
    "commit_hash": "32faf82-dirty",
    "num_error_outputs": 0,
    "num_user_asks": 3,
    "num_exhausted_context_windows": 0,
    "num_malformed_responses": 0,
    "syntax_errors": 0,
    "indentation_errors": 0,
    "lazy_comments": 0,
    "reasoning_effort": null,
    "prompt_tokens": 14096,
    "completion_tokens": 1166,
    "thinking_tokens": null,
    "chat_hashes": [
        [
            "dd5eb8c6e1e03320d0933ca63c0164ae9d2a0152",
            "7ed3ebd45dbb9ca74ef4718fbc7ffa2c91d2628a"
        ],
        [
            "dd5eb8c6e1e03320d0933ca63c0164ae9d2a0152",
            "42538dbee36b96b14de97550a8be2d6e96437952"
        ],
        [
            "dd5eb8c6e1e03320d0933ca63c0164ae9d2a0152",
            "8a4fbe9e870e9038bba41c65e5a8eb1ac56e4332"
        ],
        [
            "dd5eb8c6e1e03320d0933ca63c0164ae9d2a0152",
            "9f4807215b0acbc2667c2371fa556ccd2161fa5d"
        ]
    ]
}