{
    "testdir": "/benchmarks/2025-09-01-22-45-52--cpp_misra_o3.top10.16/cpp/exercises/practice/meetup",
    "testcase": "meetup",
    "model": "o3",
    "edit_format": "diff",
    "tests_outcomes": [
        false,
        false
    ],
    "cost": 0.46770399999999995,
    "duration": 659.1790482997894,
    "test_timeouts": 0,
    "commit_hash": "32faf82-dirty",
    "num_error_outputs": 0,
    "num_user_asks": 5,
    "num_exhausted_context_windows": 0,
    "num_malformed_responses": 0,
    "syntax_errors": 0,
    "indentation_errors": 0,
    "lazy_comments": 0,
    "reasoning_effort": null,
    "prompt_tokens": 155900,
    "completion_tokens": 28752,
    "thinking_tokens": null,
    "chat_hashes": [
        [
            "5570d71e63f5d28449be40ac390705d540cb9709",
            "e176ba1b7e4d79aa54b30b1660a8fae50419ac42"
        ],
        [
            "5570d71e63f5d28449be40ac390705d540cb9709",
            "31f6c84d4d17d282cf77e0176f977515c43913bf"
        ],
        [
            "5570d71e63f5d28449be40ac390705d540cb9709",
            "ceb97456bf5b654009baa6b1695f1a559530cede"
        ],
        [
            "5570d71e63f5d28449be40ac390705d540cb9709",
            "39c8899bba82223fe32624689389757f1245063a"
        ],
        [
            "5570d71e63f5d28449be40ac390705d540cb9709",
            "a9322bf418cb471f40aaa1df8422cbe2c68a95ca"
        ],
        [
            "5570d71e63f5d28449be40ac390705d540cb9709",
            "ae445f1f95a5dfbe9d86d94d53b213fca2bd07cf"
        ]
    ]
}