{
    "testdir": "/benchmarks/2025-08-31-23-03-31--cpp_misra_deepseek-chat.top5.7/cpp/exercises/practice/robot-name",
    "testcase": "robot-name",
    "model": "deepseek/deepseek-chat",
    "edit_format": "diff",
    "tests_outcomes": [
        true
    ],
    "cost": 0.00637151,
    "duration": 182.49134922027588,
    "test_timeouts": 0,
    "commit_hash": "32faf82-dirty",
    "num_error_outputs": 0,
    "num_user_asks": 2,
    "num_exhausted_context_windows": 0,
    "num_malformed_responses": 0,
    "syntax_errors": 0,
    "indentation_errors": 0,
    "lazy_comments": 0,
    "reasoning_effort": null,
    "prompt_tokens": 15333,
    "completion_tokens": 4100,
    "thinking_tokens": null,
    "chat_hashes": [
        [
            "d229a439b83a277ab75364ece3dd8437f0cca388",
            "eba093cc517e8aa2fa746c624171eaf9b28403f5"
        ],
        [
            "d229a439b83a277ab75364ece3dd8437f0cca388",
            "e7a914f79c49fe11499af965b75fdc188e5ad7ec"
        ],
        [
            "d229a439b83a277ab75364ece3dd8437f0cca388",
            "43c2582598450a793ed2c8d47022bbf01532a49f"
        ]
    ]
}