{
    "testdir": "/benchmarks/2025-09-19-18-57-30--misracpp_baseline_gpt5.17/cpp/exercises/practice/binary-search-tree",
    "testcase": "binary-search-tree",
    "model": "openai/gpt-5",
    "edit_format": "diff",
    "tests_outcomes": [
        false,
        false
    ],
    "cost": 0.32642250000000006,
    "duration": 631.1924135684967,
    "test_timeouts": 0,
    "commit_hash": "32faf82-dirty",
    "num_error_outputs": 1,
    "num_user_asks": 7,
    "num_exhausted_context_windows": 0,
    "num_malformed_responses": 1,
    "syntax_errors": 0,
    "indentation_errors": 0,
    "lazy_comments": 0,
    "reasoning_effort": null,
    "prompt_tokens": 134258,
    "completion_tokens": 23996,
    "thinking_tokens": null,
    "chat_hashes": [
        [
            "5a29f5974d4a87ced71fd7b4b1ae521a58381d25",
            "bd36dadcf586b91f4a915c21511b8ba073860178"
        ],
        [
            "5a29f5974d4a87ced71fd7b4b1ae521a58381d25",
            "f9a668cf4e7050514419e83f3d2bd5ffe1904b96"
        ],
        [
            "5a29f5974d4a87ced71fd7b4b1ae521a58381d25",
            "65882a9c0aa8507e6825c73f7f4bc3126a157aca"
        ],
        [
            "5a29f5974d4a87ced71fd7b4b1ae521a58381d25",
            "0938d58190fce24f562f193115f5a4625acc4c68"
        ],
        [
            "5a29f5974d4a87ced71fd7b4b1ae521a58381d25",
            "0fc42937e4def336014486454fff3c267bf7bad4"
        ],
        [
            "5a29f5974d4a87ced71fd7b4b1ae521a58381d25",
            "2967badaba656377f9a5313451fd460efe94c48a"
        ],
        [
            "5a29f5974d4a87ced71fd7b4b1ae521a58381d25",
            "8dc16ad6d48a2abe30c7fc617224613e30384b2c"
        ],
        [
            "5a29f5974d4a87ced71fd7b4b1ae521a58381d25",
            "f41653b79b073eee9ff2de43c3eb96f5a4aaf9d5"
        ]
    ]
}