{
    "testdir": "/benchmarks/2025-08-31-18-01-31--cpp_misra_o3.top5.1/cpp/exercises/practice/spiral-matrix",
    "testcase": "spiral-matrix",
    "model": "o3",
    "edit_format": "diff",
    "tests_outcomes": [
        false,
        true
    ],
    "cost": 0.06862,
    "duration": 91.64069318771362,
    "test_timeouts": 0,
    "commit_hash": "32faf82-dirty",
    "num_error_outputs": 0,
    "num_user_asks": 1,
    "num_exhausted_context_windows": 0,
    "num_malformed_responses": 0,
    "syntax_errors": 0,
    "indentation_errors": 0,
    "lazy_comments": 0,
    "reasoning_effort": null,
    "prompt_tokens": 13998,
    "completion_tokens": 6134,
    "thinking_tokens": null,
    "chat_hashes": [
        [
            "5570d71e63f5d28449be40ac390705d540cb9709",
            "011196decab3af198241eaa3445733d123733a6e"
        ],
        [
            "5570d71e63f5d28449be40ac390705d540cb9709",
            "975c215ffeecfb9b976a3adf720b67847dd18ea6"
        ],
        [
            "5570d71e63f5d28449be40ac390705d540cb9709",
            "c604635b52b8ed364f0b4a7bd08d8e53879bce8f"
        ]
    ]
}