{
    "testdir": "/benchmarks/2025-08-26-11-14-59--cpp_misra.top3.5/cpp/exercises/practice/perfect-numbers",
    "testcase": "perfect-numbers",
    "model": "gpt-4.1",
    "edit_format": "diff",
    "tests_outcomes": [
        false,
        false
    ],
    "cost": 0.067232,
    "duration": 28.25504446029663,
    "test_timeouts": 0,
    "commit_hash": "32faf82-dirty",
    "num_error_outputs": 0,
    "num_user_asks": 8,
    "num_exhausted_context_windows": 0,
    "num_malformed_responses": 0,
    "syntax_errors": 0,
    "indentation_errors": 0,
    "lazy_comments": 0,
    "reasoning_effort": null,
    "prompt_tokens": 46856,
    "completion_tokens": 1058,
    "thinking_tokens": null,
    "chat_hashes": [
        [
            "dd5eb8c6e1e03320d0933ca63c0164ae9d2a0152",
            "c336d23b079c99cc0dd9fbbb516ac64763badad0"
        ],
        [
            "dd5eb8c6e1e03320d0933ca63c0164ae9d2a0152",
            "ca79cea663589130b9ab0d5bfb0f6f589c5e35fb"
        ],
        [
            "dd5eb8c6e1e03320d0933ca63c0164ae9d2a0152",
            "861685f7322d91a292d92026e7500756166af520"
        ],
        [
            "dd5eb8c6e1e03320d0933ca63c0164ae9d2a0152",
            "ca79cea663589130b9ab0d5bfb0f6f589c5e35fb"
        ],
        [
            "dd5eb8c6e1e03320d0933ca63c0164ae9d2a0152",
            "6d0b35d5bdb1dca969b3ce498ece0efeeeab814e"
        ],
        [
            "dd5eb8c6e1e03320d0933ca63c0164ae9d2a0152",
            "6bb35fc392a88a3b9557007f8fca3f20ca3c3482"
        ],
        [
            "dd5eb8c6e1e03320d0933ca63c0164ae9d2a0152",
            "a0610f0ea7d741449150f134c296264c82c473b1"
        ],
        [
            "dd5eb8c6e1e03320d0933ca63c0164ae9d2a0152",
            "ec57f498ead249972dc414cfe63905055c768754"
        ]
    ]
}