{
    "testdir": "/benchmarks/2025-08-22-08-20-05--misracpp_baseline_deepseek-chat.4/cpp/exercises/practice/kindergarten-garden",
    "testcase": "kindergarten-garden",
    "model": "deepseek/deepseek-chat",
    "edit_format": "diff",
    "tests_outcomes": [
        false,
        false
    ],
    "cost": 0.01343704,
    "duration": 273.5277428627014,
    "test_timeouts": 0,
    "commit_hash": "32faf82-dirty",
    "num_error_outputs": 0,
    "num_user_asks": 2,
    "num_exhausted_context_windows": 0,
    "num_malformed_responses": 0,
    "syntax_errors": 0,
    "indentation_errors": 0,
    "lazy_comments": 0,
    "reasoning_effort": null,
    "prompt_tokens": 42852,
    "completion_tokens": 4106,
    "thinking_tokens": null,
    "chat_hashes": [
        [
            "d229a439b83a277ab75364ece3dd8437f0cca388",
            "e1a78103a7f1bbf01a2667abc0323f9f65bd74c5"
        ],
        [
            "d229a439b83a277ab75364ece3dd8437f0cca388",
            "19efe3c902501376ed45c041ef20215c0fc679c9"
        ],
        [
            "d229a439b83a277ab75364ece3dd8437f0cca388",
            "731f4d65a416027b58e74d25de264f6568206dec"
        ],
        [
            "d229a439b83a277ab75364ece3dd8437f0cca388",
            "d0ae3d2fc37efcf30322e66c3161b2e3c94f52b8"
        ]
    ]
}