{
    "testdir": "/benchmarks/2025-08-22-10-44-45--misracpp_baseline_deepseek-chat.11/cpp/exercises/practice/zebra-puzzle",
    "testcase": "zebra-puzzle",
    "model": "deepseek/deepseek-chat",
    "edit_format": "diff",
    "tests_outcomes": [
        false,
        false
    ],
    "cost": 0.009554050000000001,
    "duration": 300.53500485420227,
    "test_timeouts": 0,
    "commit_hash": "32faf82-dirty",
    "num_error_outputs": 0,
    "num_user_asks": 1,
    "num_exhausted_context_windows": 0,
    "num_malformed_responses": 0,
    "syntax_errors": 0,
    "indentation_errors": 0,
    "lazy_comments": 0,
    "reasoning_effort": null,
    "prompt_tokens": 18985,
    "completion_tokens": 5771,
    "thinking_tokens": null,
    "chat_hashes": [
        [
            "d229a439b83a277ab75364ece3dd8437f0cca388",
            "1dfbe3b284ae966cd02888d021a324b87c4af7ef"
        ],
        [
            "d229a439b83a277ab75364ece3dd8437f0cca388",
            "87a92df673429adc88d66cf105b1dc3921432fc8"
        ],
        [
            "d229a439b83a277ab75364ece3dd8437f0cca388",
            "6467ddedc2f260445e584aa8bbb3d0a8c7ea1c44"
        ]
    ]
}