{
    "testdir": "/benchmarks/2025-09-23-14-57-47--cpp_misra_gpt5.top5.7/cpp/exercises/practice/queen-attack",
    "testcase": "queen-attack",
    "model": "openai/gpt-5",
    "edit_format": "diff",
    "tests_outcomes": [
        false,
        true
    ],
    "cost": 0.52614475,
    "duration": 968.3622653484344,
    "test_timeouts": 0,
    "commit_hash": "32faf82-dirty",
    "num_error_outputs": 1,
    "num_user_asks": 7,
    "num_exhausted_context_windows": 0,
    "num_malformed_responses": 1,
    "syntax_errors": 0,
    "indentation_errors": 0,
    "lazy_comments": 0,
    "reasoning_effort": null,
    "prompt_tokens": 259335,
    "completion_tokens": 34900,
    "thinking_tokens": null,
    "chat_hashes": [
        [
            "5a29f5974d4a87ced71fd7b4b1ae521a58381d25",
            "0a60681568738703f75489531c549c504240bb7c"
        ],
        [
            "5a29f5974d4a87ced71fd7b4b1ae521a58381d25",
            "b8ac904da2f314c6028498169770788a7268ef04"
        ],
        [
            "5a29f5974d4a87ced71fd7b4b1ae521a58381d25",
            "9c6f630acf5accf0480020a43da631b760a12cdd"
        ],
        [
            "5a29f5974d4a87ced71fd7b4b1ae521a58381d25",
            "21df438465f6db2c8c8945f6424415dd1cff23d6"
        ],
        [
            "5a29f5974d4a87ced71fd7b4b1ae521a58381d25",
            "1404b0a1fea1ac67dc4a2968e25744d0a5e0b4fa"
        ],
        [
            "5a29f5974d4a87ced71fd7b4b1ae521a58381d25",
            "5dd352d1f0357505f04f0f6918ab12544729ba25"
        ],
        [
            "5a29f5974d4a87ced71fd7b4b1ae521a58381d25",
            "3d9748c7b1880bffe5e76f6f0cc51118f7d7dd16"
        ],
        [
            "5a29f5974d4a87ced71fd7b4b1ae521a58381d25",
            "9264a372e1f854a3b35f1578244993f05fee58a3"
        ]
    ]
}