{
    "testdir": "/benchmarks/2025-08-21-13-17-55--misracpp_baseline.14/cpp/exercises/practice/yacht",
    "testcase": "yacht",
    "model": "gpt-4.1",
    "edit_format": "diff",
    "tests_outcomes": [
        false,
        false
    ],
    "cost": 0.15899,
    "duration": 99.68644571304321,
    "test_timeouts": 0,
    "commit_hash": "32faf82-dirty",
    "num_error_outputs": 0,
    "num_user_asks": 8,
    "num_exhausted_context_windows": 0,
    "num_malformed_responses": 0,
    "syntax_errors": 0,
    "indentation_errors": 0,
    "lazy_comments": 0,
    "reasoning_effort": null,
    "prompt_tokens": 99659,
    "completion_tokens": 1823,
    "thinking_tokens": null,
    "chat_hashes": [
        [
            "dd5eb8c6e1e03320d0933ca63c0164ae9d2a0152",
            "88b999bc1926297b625763325f06230120ef4c1c"
        ],
        [
            "dd5eb8c6e1e03320d0933ca63c0164ae9d2a0152",
            "2c7a45d982c634d590c7da02249e780dbfba1971"
        ],
        [
            "dd5eb8c6e1e03320d0933ca63c0164ae9d2a0152",
            "3de0d1d90a68c9cf461e8879040b208566b064a8"
        ],
        [
            "dd5eb8c6e1e03320d0933ca63c0164ae9d2a0152",
            "3d1007018d7b072f4f28ac41ed9efcd5ee35daa0"
        ],
        [
            "dd5eb8c6e1e03320d0933ca63c0164ae9d2a0152",
            "9cef420091db7e05d03dc787ae829e1da9253e1e"
        ],
        [
            "dd5eb8c6e1e03320d0933ca63c0164ae9d2a0152",
            "a658a4da475e6b5762e3dbcb18ef1c005056b72f"
        ],
        [
            "dd5eb8c6e1e03320d0933ca63c0164ae9d2a0152",
            "1889f1818741b7600ffc26e84bda8e941e8c7eb4"
        ],
        [
            "dd5eb8c6e1e03320d0933ca63c0164ae9d2a0152",
            "5d032378df246aaa52980ff24ec15cf21794ad71"
        ]
    ]
}