{
    "testdir": "/benchmarks/2025-09-19-18-45-19--misracpp_baseline_gpt5.16/cpp/exercises/practice/kindergarten-garden",
    "testcase": "kindergarten-garden",
    "model": "openai/gpt-5",
    "edit_format": "diff",
    "tests_outcomes": [
        false,
        true
    ],
    "cost": 0.2281205,
    "duration": 470.4013192653656,
    "test_timeouts": 0,
    "commit_hash": "32faf82-dirty",
    "num_error_outputs": 0,
    "num_user_asks": 3,
    "num_exhausted_context_windows": 0,
    "num_malformed_responses": 0,
    "syntax_errors": 0,
    "indentation_errors": 0,
    "lazy_comments": 0,
    "reasoning_effort": null,
    "prompt_tokens": 73026,
    "completion_tokens": 16895,
    "thinking_tokens": null,
    "chat_hashes": [
        [
            "5a29f5974d4a87ced71fd7b4b1ae521a58381d25",
            "9ff0a39d7a3a0e8152b33f9601bd0e710d9b6c26"
        ],
        [
            "5a29f5974d4a87ced71fd7b4b1ae521a58381d25",
            "925f5181e5aac7434b637ff1214a9390583f0fbe"
        ],
        [
            "5a29f5974d4a87ced71fd7b4b1ae521a58381d25",
            "02338c95271373e5af3690bd71f0a008d504fd68"
        ],
        [
            "5a29f5974d4a87ced71fd7b4b1ae521a58381d25",
            "ebdd22c5e4ad9ba3ef585526a7ca9131bc7457aa"
        ],
        [
            "5a29f5974d4a87ced71fd7b4b1ae521a58381d25",
            "0d2417f9a86fd0f22212bbe97cd5a9691f9e353b"
        ]
    ]
}