{
    "testdir": "/benchmarks/2025-08-22-11-29-58--misracpp_baseline_deepseek-chat.15/cpp/exercises/practice/kindergarten-garden",
    "testcase": "kindergarten-garden",
    "model": "deepseek/deepseek-chat",
    "edit_format": "diff",
    "tests_outcomes": [
        false,
        false
    ],
    "cost": 0.01375568,
    "duration": 255.6036217212677,
    "test_timeouts": 0,
    "commit_hash": "32faf82-dirty",
    "num_error_outputs": 0,
    "num_user_asks": 2,
    "num_exhausted_context_windows": 0,
    "num_malformed_responses": 0,
    "syntax_errors": 0,
    "indentation_errors": 0,
    "lazy_comments": 0,
    "reasoning_effort": null,
    "prompt_tokens": 43134,
    "completion_tokens": 4373,
    "thinking_tokens": null,
    "chat_hashes": [
        [
            "d229a439b83a277ab75364ece3dd8437f0cca388",
            "78d75b6754327d32a0b1bce84c41490da9b70b06"
        ],
        [
            "d229a439b83a277ab75364ece3dd8437f0cca388",
            "686be0227611f018b31d9ef3c44805dc74b47378"
        ],
        [
            "d229a439b83a277ab75364ece3dd8437f0cca388",
            "512dc88dedc436e5c5fd095dba354efb5ffa9676"
        ],
        [
            "d229a439b83a277ab75364ece3dd8437f0cca388",
            "32e3e880a71dcadf955ee39658e491e9a35e1f28"
        ]
    ]
}