{
    "testdir": "/benchmarks/2025-08-26-12-23-53--cpp_misra.top3.20/cpp/exercises/practice/yacht",
    "testcase": "yacht",
    "model": "gpt-4.1",
    "edit_format": "diff",
    "tests_outcomes": [
        false,
        false
    ],
    "cost": 0.16747599999999999,
    "duration": 177.19091844558716,
    "test_timeouts": 0,
    "commit_hash": "32faf82-dirty",
    "num_error_outputs": 0,
    "num_user_asks": 8,
    "num_exhausted_context_windows": 0,
    "num_malformed_responses": 0,
    "syntax_errors": 0,
    "indentation_errors": 0,
    "lazy_comments": 0,
    "reasoning_effort": null,
    "prompt_tokens": 118714,
    "completion_tokens": 3616,
    "thinking_tokens": null,
    "chat_hashes": [
        [
            "dd5eb8c6e1e03320d0933ca63c0164ae9d2a0152",
            "ef21280f5c4062b00d7e65f523bb63b47bd623fc"
        ],
        [
            "dd5eb8c6e1e03320d0933ca63c0164ae9d2a0152",
            "082d3ea01cf869a94719ac7d1ecbb8a60c90f4c6"
        ],
        [
            "dd5eb8c6e1e03320d0933ca63c0164ae9d2a0152",
            "3f7c92dff3dd8e627d2de5f186444cdb6b8fca7f"
        ],
        [
            "dd5eb8c6e1e03320d0933ca63c0164ae9d2a0152",
            "64e9bc4003808363b07e0086e15b13b011386b2e"
        ],
        [
            "dd5eb8c6e1e03320d0933ca63c0164ae9d2a0152",
            "81c4020337365ac2223776f6a1cf87b0d2743852"
        ],
        [
            "dd5eb8c6e1e03320d0933ca63c0164ae9d2a0152",
            "7e15609dd9672cadab0b4b32da73d2ce9effa71e"
        ],
        [
            "dd5eb8c6e1e03320d0933ca63c0164ae9d2a0152",
            "c12b715086f90c0192dfb348f2c5c4fbd18e08db"
        ],
        [
            "dd5eb8c6e1e03320d0933ca63c0164ae9d2a0152",
            "2602f7ff789ca813c3e35c60522157f90cd627e6"
        ]
    ]
}