{
    "testdir": "/benchmarks/2025-09-01-21-40-22--cpp_misra_o3.top10.8/cpp/exercises/practice/clock",
    "testcase": "clock",
    "model": "o3",
    "edit_format": "diff",
    "tests_outcomes": [
        false,
        true
    ],
    "cost": 0.335234,
    "duration": 412.58487010002136,
    "test_timeouts": 0,
    "commit_hash": "32faf82-dirty",
    "num_error_outputs": 0,
    "num_user_asks": 6,
    "num_exhausted_context_windows": 0,
    "num_malformed_responses": 0,
    "syntax_errors": 0,
    "indentation_errors": 0,
    "lazy_comments": 0,
    "reasoning_effort": null,
    "prompt_tokens": 116417,
    "completion_tokens": 23744,
    "thinking_tokens": null,
    "chat_hashes": [
        [
            "5570d71e63f5d28449be40ac390705d540cb9709",
            "93581ec450c518d14bc31edd3683eff078247e53"
        ],
        [
            "5570d71e63f5d28449be40ac390705d540cb9709",
            "42b52458d89cbb9beaf7d2b48dad9901f836d65a"
        ],
        [
            "5570d71e63f5d28449be40ac390705d540cb9709",
            "f9562b2500027ccaeb9dd4624cbdaed4b186da72"
        ],
        [
            "5570d71e63f5d28449be40ac390705d540cb9709",
            "017ec8d9ff3100a76aa98cfe470fd57f1cce83ed"
        ],
        [
            "5570d71e63f5d28449be40ac390705d540cb9709",
            "5bd51335f21e8f801847a23582116b0e99feed83"
        ],
        [
            "5570d71e63f5d28449be40ac390705d540cb9709",
            "9b075b9b539b714eced5f3e643abff359c2b725f"
        ],
        [
            "5570d71e63f5d28449be40ac390705d540cb9709",
            "ba0112907f83846cd9ce80b5c0e9671d488f7176"
        ]
    ]
}