{
    "testdir": "/benchmarks/2025-09-23-18-10-09--cpp_misra_gpt5.top5.17/cpp/exercises/practice/gigasecond",
    "testcase": "gigasecond",
    "model": "openai/gpt-5",
    "edit_format": "diff",
    "tests_outcomes": [
        false,
        true
    ],
    "cost": 0.18306699999999998,
    "duration": 390.80635356903076,
    "test_timeouts": 0,
    "commit_hash": "32faf82-dirty",
    "num_error_outputs": 1,
    "num_user_asks": 7,
    "num_exhausted_context_windows": 0,
    "num_malformed_responses": 1,
    "syntax_errors": 0,
    "indentation_errors": 0,
    "lazy_comments": 0,
    "reasoning_effort": null,
    "prompt_tokens": 43404,
    "completion_tokens": 16006,
    "thinking_tokens": null,
    "chat_hashes": [
        [
            "5a29f5974d4a87ced71fd7b4b1ae521a58381d25",
            "6fc88d41cf721ce6aea5fe97d64160d15c200a9f"
        ],
        [
            "5a29f5974d4a87ced71fd7b4b1ae521a58381d25",
            "e59a51e3765050838bda73ccf8f7acff3e28512c"
        ],
        [
            "5a29f5974d4a87ced71fd7b4b1ae521a58381d25",
            "2d34a17e831ad89980a8cb76956e29ce646814ea"
        ],
        [
            "5a29f5974d4a87ced71fd7b4b1ae521a58381d25",
            "9196c254c772f42e8c4a999b91d7e9659ec1925a"
        ],
        [
            "5a29f5974d4a87ced71fd7b4b1ae521a58381d25",
            "8445f1117b51c4541914fc800a49945b4a9eda24"
        ],
        [
            "5a29f5974d4a87ced71fd7b4b1ae521a58381d25",
            "2555927806c515e5f998cbbb271335caea344471"
        ],
        [
            "5a29f5974d4a87ced71fd7b4b1ae521a58381d25",
            "e39e78ea424efba70dcdf57711caab792f598276"
        ],
        [
            "5a29f5974d4a87ced71fd7b4b1ae521a58381d25",
            "2555927806c515e5f998cbbb271335caea344471"
        ]
    ]
}