{
    "testdir": "/benchmarks/2025-09-23-15-36-54--cpp_misra_gpt5.top5.9/cpp/exercises/practice/grade-school",
    "testcase": "grade-school",
    "model": "openai/gpt-5",
    "edit_format": "diff",
    "tests_outcomes": [
        false,
        true
    ],
    "cost": 0.5933645,
    "duration": 601.706235408783,
    "test_timeouts": 0,
    "commit_hash": "32faf82-dirty",
    "num_error_outputs": 1,
    "num_user_asks": 7,
    "num_exhausted_context_windows": 0,
    "num_malformed_responses": 1,
    "syntax_errors": 0,
    "indentation_errors": 0,
    "lazy_comments": 0,
    "reasoning_effort": null,
    "prompt_tokens": 512490,
    "completion_tokens": 24320,
    "thinking_tokens": null,
    "chat_hashes": [
        [
            "5a29f5974d4a87ced71fd7b4b1ae521a58381d25",
            "a07fd6ffde17bf502fba32e8822e6b4530615343"
        ],
        [
            "5a29f5974d4a87ced71fd7b4b1ae521a58381d25",
            "21d190cbdb0a90edb2360352121539289f6f21c5"
        ],
        [
            "5a29f5974d4a87ced71fd7b4b1ae521a58381d25",
            "ddb7d2082ba6e20eabbe7736e9e488344880ac2f"
        ],
        [
            "5a29f5974d4a87ced71fd7b4b1ae521a58381d25",
            "64316b1e9868ddfc206fc5ff34cafc3a6bc474f8"
        ],
        [
            "5a29f5974d4a87ced71fd7b4b1ae521a58381d25",
            "9ec9c87b9e0c215c0678aa43e62989b48749b1c1"
        ],
        [
            "5a29f5974d4a87ced71fd7b4b1ae521a58381d25",
            "7a98f1c773a2890472b9171fc4cf2ea98ce74917"
        ],
        [
            "5a29f5974d4a87ced71fd7b4b1ae521a58381d25",
            "2d71f4f60eb90aec1ecaab2df086274a728704f2"
        ],
        [
            "5a29f5974d4a87ced71fd7b4b1ae521a58381d25",
            "3b00c9a10fb02e7255e9de1677a8f27e04bd4179"
        ]
    ]
}