{
    "testdir": "/benchmarks/2025-08-21-13-31-26--misracpp_baseline.16/cpp/exercises/practice/clock",
    "testcase": "clock",
    "model": "gpt-4.1",
    "edit_format": "diff",
    "tests_outcomes": [
        false,
        true
    ],
    "cost": 0.05047799999999999,
    "duration": 31.882107257843018,
    "test_timeouts": 0,
    "commit_hash": "32faf82-dirty",
    "num_error_outputs": 0,
    "num_user_asks": 8,
    "num_exhausted_context_windows": 0,
    "num_malformed_responses": 0,
    "syntax_errors": 0,
    "indentation_errors": 0,
    "lazy_comments": 0,
    "reasoning_effort": null,
    "prompt_tokens": 32711,
    "completion_tokens": 1756,
    "thinking_tokens": null,
    "chat_hashes": [
        [
            "dd5eb8c6e1e03320d0933ca63c0164ae9d2a0152",
            "71310c0c936aab3fd40b1c0c3f55d97da8465a30"
        ],
        [
            "dd5eb8c6e1e03320d0933ca63c0164ae9d2a0152",
            "a9483c91ccf2a892a6b2b123add393cb49f0c5fe"
        ],
        [
            "dd5eb8c6e1e03320d0933ca63c0164ae9d2a0152",
            "901e75e440333c04b10fc0a332465b71b3e6bab9"
        ],
        [
            "dd5eb8c6e1e03320d0933ca63c0164ae9d2a0152",
            "9f0b2cbfb2b973a6b9cdcc7c2a564b570c98d397"
        ],
        [
            "dd5eb8c6e1e03320d0933ca63c0164ae9d2a0152",
            "846f0cf117c946d343401f78066ab2860c7e8a8d"
        ],
        [
            "dd5eb8c6e1e03320d0933ca63c0164ae9d2a0152",
            "b0449d59f424399c618024aa6ce5ffef39ccb477"
        ],
        [
            "dd5eb8c6e1e03320d0933ca63c0164ae9d2a0152",
            "5cf2446dc19936aa0747a28d8cf1170fafa85142"
        ],
        [
            "dd5eb8c6e1e03320d0933ca63c0164ae9d2a0152",
            "35be58404127cb58ff21afb11bec89b8b0cb28d9"
        ]
    ]
}