{
    "testdir": "/benchmarks/2025-08-26-13-32-50--cpp_misra_deepseek-chat.4/cpp/exercises/practice/yacht",
    "testcase": "yacht",
    "model": "deepseek/deepseek-chat",
    "edit_format": "diff",
    "tests_outcomes": [
        false,
        true
    ],
    "cost": 0.0260662,
    "duration": 580.8518567085266,
    "test_timeouts": 0,
    "commit_hash": "32faf82-dirty",
    "num_error_outputs": 0,
    "num_user_asks": 3,
    "num_exhausted_context_windows": 0,
    "num_malformed_responses": 0,
    "syntax_errors": 0,
    "indentation_errors": 0,
    "lazy_comments": 0,
    "reasoning_effort": null,
    "prompt_tokens": 96320,
    "completion_tokens": 9538,
    "thinking_tokens": null,
    "chat_hashes": [
        [
            "d229a439b83a277ab75364ece3dd8437f0cca388",
            "b0a8a1eea3ee7cc4df0f4d657247e02b7c77e1f2"
        ],
        [
            "d229a439b83a277ab75364ece3dd8437f0cca388",
            "b70806d9ca54f1619c8d4cd4d4da2678626b86a9"
        ],
        [
            "d229a439b83a277ab75364ece3dd8437f0cca388",
            "b113656170d87f81e8b5f2fee58f5df020bdc42f"
        ],
        [
            "d229a439b83a277ab75364ece3dd8437f0cca388",
            "993254553fe7b5d721f2f09d18758a685a7e3995"
        ],
        [
            "d229a439b83a277ab75364ece3dd8437f0cca388",
            "412ab1c4e4630d665520122e915ffde4f3754f67"
        ]
    ]
}