{
    "testdir": "/benchmarks/2025-08-22-10-44-45--misracpp_baseline_deepseek-chat.11/cpp/exercises/practice/gigasecond",
    "testcase": "gigasecond",
    "model": "deepseek/deepseek-chat",
    "edit_format": "diff",
    "tests_outcomes": [
        false,
        true
    ],
    "cost": 0.010334179999999998,
    "duration": 305.4791042804718,
    "test_timeouts": 0,
    "commit_hash": "32faf82-dirty",
    "num_error_outputs": 0,
    "num_user_asks": 4,
    "num_exhausted_context_windows": 0,
    "num_malformed_responses": 0,
    "syntax_errors": 0,
    "indentation_errors": 0,
    "lazy_comments": 0,
    "reasoning_effort": null,
    "prompt_tokens": 34074,
    "completion_tokens": 5418,
    "thinking_tokens": null,
    "chat_hashes": [
        [
            "d229a439b83a277ab75364ece3dd8437f0cca388",
            "00f79a377b11bfeb5ed6f8986f44a915ac220a5e"
        ],
        [
            "d229a439b83a277ab75364ece3dd8437f0cca388",
            "3a3b006a3d077e03dda41957da540cf3f63b0ffa"
        ],
        [
            "d229a439b83a277ab75364ece3dd8437f0cca388",
            "e7311b0837067d750de8be8cedf4ce2a7d9965d9"
        ],
        [
            "d229a439b83a277ab75364ece3dd8437f0cca388",
            "e0debac81ca4de8ec2cc21537644bce948663563"
        ],
        [
            "d229a439b83a277ab75364ece3dd8437f0cca388",
            "cbfb75c595b30f88a420cc24bfd68c1c8eb379b4"
        ],
        [
            "d229a439b83a277ab75364ece3dd8437f0cca388",
            "0b7085c6d113ab067a8861d856186b8bce6b45ce"
        ]
    ]
}