{
    "testdir": "/benchmarks/2025-09-23-18-54-08--cpp_misra_gpt5.top5.19/cpp/exercises/practice/perfect-numbers",
    "testcase": "perfect-numbers",
    "model": "openai/gpt-5",
    "edit_format": "diff",
    "tests_outcomes": [
        true
    ],
    "cost": 0.10679200000000001,
    "duration": 159.3606514930725,
    "test_timeouts": 0,
    "commit_hash": "32faf82-dirty",
    "num_error_outputs": 1,
    "num_user_asks": 3,
    "num_exhausted_context_windows": 0,
    "num_malformed_responses": 1,
    "syntax_errors": 0,
    "indentation_errors": 0,
    "lazy_comments": 0,
    "reasoning_effort": null,
    "prompt_tokens": 18240,
    "completion_tokens": 9652,
    "thinking_tokens": null,
    "chat_hashes": [
        [
            "5a29f5974d4a87ced71fd7b4b1ae521a58381d25",
            "dae7d03338167705717e577399a03fb966a1878d"
        ],
        [
            "5a29f5974d4a87ced71fd7b4b1ae521a58381d25",
            "7353f28610e0d2c5426a9beb05699c3d2f5b63e6"
        ],
        [
            "5a29f5974d4a87ced71fd7b4b1ae521a58381d25",
            "7fbcdad342fa9d55db069b8daea5548ee1932e7a"
        ],
        [
            "5a29f5974d4a87ced71fd7b4b1ae521a58381d25",
            "0b7e818f8e826d4f13248802ae022000e554c7c0"
        ]
    ]
}