{
    "testdir": "/benchmarks/2025-08-31-19-33-23--cpp_misra_o3.top5.14/cpp/exercises/practice/spiral-matrix",
    "testcase": "spiral-matrix",
    "model": "o3",
    "edit_format": "diff",
    "tests_outcomes": [
        false,
        false
    ],
    "cost": 0.19063799999999997,
    "duration": 225.43062901496887,
    "test_timeouts": 0,
    "commit_hash": "32faf82-dirty",
    "num_error_outputs": 0,
    "num_user_asks": 3,
    "num_exhausted_context_windows": 0,
    "num_malformed_responses": 0,
    "syntax_errors": 0,
    "indentation_errors": 0,
    "lazy_comments": 0,
    "reasoning_effort": null,
    "prompt_tokens": 33479,
    "completion_tokens": 18268,
    "thinking_tokens": null,
    "chat_hashes": [
        [
            "5570d71e63f5d28449be40ac390705d540cb9709",
            "1b7fa2c62be16e6ee71750c60cc226ab5d5c33c6"
        ],
        [
            "5570d71e63f5d28449be40ac390705d540cb9709",
            "46e6024bed0b87f504956fbc6b42e0ed643cff34"
        ],
        [
            "5570d71e63f5d28449be40ac390705d540cb9709",
            "a41d354f38a63d61fd6201d2d81378691ec52a7f"
        ],
        [
            "5570d71e63f5d28449be40ac390705d540cb9709",
            "2616fda2bd877b9ba638b93879ac649305a0cd92"
        ],
        [
            "5570d71e63f5d28449be40ac390705d540cb9709",
            "315647855576d16b3c99efcce59b5ab42a618810"
        ]
    ]
}