{
    "testdir": "/benchmarks/2025-08-31-19-56-44--cpp_misra_o3.top5.18/cpp/exercises/practice/diamond",
    "testcase": "diamond",
    "model": "o3",
    "edit_format": "diff",
    "tests_outcomes": [
        false,
        true
    ],
    "cost": 0.06966599999999999,
    "duration": 72.7650158405304,
    "test_timeouts": 0,
    "commit_hash": "32faf82-dirty",
    "num_error_outputs": 0,
    "num_user_asks": 2,
    "num_exhausted_context_windows": 0,
    "num_malformed_responses": 0,
    "syntax_errors": 0,
    "indentation_errors": 0,
    "lazy_comments": 0,
    "reasoning_effort": null,
    "prompt_tokens": 21097,
    "completion_tokens": 5882,
    "thinking_tokens": null,
    "chat_hashes": [
        [
            "5570d71e63f5d28449be40ac390705d540cb9709",
            "5bf9f6064c2acd6d64d3102d395a805c935706a5"
        ],
        [
            "5570d71e63f5d28449be40ac390705d540cb9709",
            "1a72e782510c6a0fd78751f4c21f5cefd1283f49"
        ],
        [
            "5570d71e63f5d28449be40ac390705d540cb9709",
            "f0ddc7ae06ec1e432ce0e013ae48ad2646a9f47f"
        ],
        [
            "5570d71e63f5d28449be40ac390705d540cb9709",
            "2534a6a5c966dda2921026e5bd389775eead6ccc"
        ]
    ]
}