{
    "testdir": "/benchmarks/2025-09-24-10-08-48--cpp_misra_gpt5.top5.20/cpp/exercises/practice/circular-buffer",
    "testcase": "circular-buffer",
    "model": "openai/gpt-5",
    "edit_format": "diff",
    "tests_outcomes": [
        false,
        true
    ],
    "cost": 0.245241,
    "duration": 556.0361268520355,
    "test_timeouts": 0,
    "commit_hash": "32faf82-dirty",
    "num_error_outputs": 1,
    "num_user_asks": 4,
    "num_exhausted_context_windows": 0,
    "num_malformed_responses": 1,
    "syntax_errors": 0,
    "indentation_errors": 0,
    "lazy_comments": 0,
    "reasoning_effort": null,
    "prompt_tokens": 42396,
    "completion_tokens": 20967,
    "thinking_tokens": null,
    "chat_hashes": [
        [
            "5a29f5974d4a87ced71fd7b4b1ae521a58381d25",
            "13ad2882a217dc4d3c228210d1061b84df5eaca6"
        ],
        [
            "5a29f5974d4a87ced71fd7b4b1ae521a58381d25",
            "73ad46f0bff28d16c4c39ba30a5afc4c07e5dd61"
        ],
        [
            "5a29f5974d4a87ced71fd7b4b1ae521a58381d25",
            "f6037fc5e56411e72357fd665065739bfb4d7955"
        ],
        [
            "5a29f5974d4a87ced71fd7b4b1ae521a58381d25",
            "7627b1694690ca657f9b1831e3b080885432a945"
        ],
        [
            "5a29f5974d4a87ced71fd7b4b1ae521a58381d25",
            "28c43f7382ae3d7efa13b48446e61217c710afb4"
        ],
        [
            "5a29f5974d4a87ced71fd7b4b1ae521a58381d25",
            "5d1692b3fdb02cd32e0fa4c6b7b8c8c03540ed56"
        ]
    ]
}