{
    "testdir": "/benchmarks/2025-09-19-19-34-55--misracpp_baseline_gpt5.19/cpp/exercises/practice/parallel-letter-frequency",
    "testcase": "parallel-letter-frequency",
    "model": "openai/gpt-5",
    "edit_format": "diff",
    "tests_outcomes": [
        false,
        true
    ],
    "cost": 0.1717275,
    "duration": 411.7057058811188,
    "test_timeouts": 0,
    "commit_hash": "32faf82-dirty",
    "num_error_outputs": 0,
    "num_user_asks": 5,
    "num_exhausted_context_windows": 0,
    "num_malformed_responses": 0,
    "syntax_errors": 0,
    "indentation_errors": 0,
    "lazy_comments": 0,
    "reasoning_effort": null,
    "prompt_tokens": 35550,
    "completion_tokens": 14961,
    "thinking_tokens": null,
    "chat_hashes": [
        [
            "5a29f5974d4a87ced71fd7b4b1ae521a58381d25",
            "4adc03103a539300f833cb1efdc002137d9be278"
        ],
        [
            "5a29f5974d4a87ced71fd7b4b1ae521a58381d25",
            "7609e36bcffb41f48a9dee32cdc364db2aaeabde"
        ],
        [
            "5a29f5974d4a87ced71fd7b4b1ae521a58381d25",
            "44081a7a3d35aafea548bebeb8efc7e8d770673e"
        ],
        [
            "5a29f5974d4a87ced71fd7b4b1ae521a58381d25",
            "f9b63506effd4c37c52c706ee2d0210f44020f7d"
        ],
        [
            "5a29f5974d4a87ced71fd7b4b1ae521a58381d25",
            "6a8493470a482e4de42821a04b57136c92e3bcf7"
        ],
        [
            "5a29f5974d4a87ced71fd7b4b1ae521a58381d25",
            "68eb922c895af40f8cfe07fe8cf0ab4e0b01497c"
        ]
    ]
}