{
    "testdir": "/benchmarks/2025-08-22-11-41-07--misracpp_baseline_deepseek-chat.16/cpp/exercises/practice/perfect-numbers",
    "testcase": "perfect-numbers",
    "model": "deepseek/deepseek-chat",
    "edit_format": "diff",
    "tests_outcomes": [
        true
    ],
    "cost": 0.00619489,
    "duration": 201.0543508529663,
    "test_timeouts": 0,
    "commit_hash": "32faf82-dirty",
    "num_error_outputs": 0,
    "num_user_asks": 3,
    "num_exhausted_context_windows": 0,
    "num_malformed_responses": 0,
    "syntax_errors": 0,
    "indentation_errors": 0,
    "lazy_comments": 0,
    "reasoning_effort": null,
    "prompt_tokens": 17007,
    "completion_tokens": 3738,
    "thinking_tokens": null,
    "chat_hashes": [
        [
            "d229a439b83a277ab75364ece3dd8437f0cca388",
            "55494231dee74c59fbe0df2812fce69b23782a04"
        ],
        [
            "d229a439b83a277ab75364ece3dd8437f0cca388",
            "3bbcea5f220ade2504d613de186985cff9abaadf"
        ],
        [
            "d229a439b83a277ab75364ece3dd8437f0cca388",
            "7d7189cbc0536d76161ff35999b3469d0c5bf441"
        ],
        [
            "d229a439b83a277ab75364ece3dd8437f0cca388",
            "304b66d726ab3536692bdb522dc04444f5d69a0c"
        ]
    ]
}