{
    "testdir": "/benchmarks/2025-08-26-12-11-03--cpp_misra.top3.17/cpp/exercises/practice/meetup",
    "testcase": "meetup",
    "model": "gpt-4.1",
    "edit_format": "diff",
    "tests_outcomes": [
        false,
        false
    ],
    "cost": 0.237744,
    "duration": 212.09215998649597,
    "test_timeouts": 0,
    "commit_hash": "32faf82-dirty",
    "num_error_outputs": 0,
    "num_user_asks": 8,
    "num_exhausted_context_windows": 0,
    "num_malformed_responses": 0,
    "syntax_errors": 0,
    "indentation_errors": 0,
    "lazy_comments": 0,
    "reasoning_effort": null,
    "prompt_tokens": 158124,
    "completion_tokens": 5979,
    "thinking_tokens": null,
    "chat_hashes": [
        [
            "dd5eb8c6e1e03320d0933ca63c0164ae9d2a0152",
            "806be8c53bac68edaea11765f379b8cbcd3f8b78"
        ],
        [
            "dd5eb8c6e1e03320d0933ca63c0164ae9d2a0152",
            "1feec0de9c98319c75b63503a62054de54a1cfb7"
        ],
        [
            "dd5eb8c6e1e03320d0933ca63c0164ae9d2a0152",
            "8068c8b1c513b342508fcccd8b5aabf67f030d37"
        ],
        [
            "dd5eb8c6e1e03320d0933ca63c0164ae9d2a0152",
            "7aba33d4449bd00f81008215afead071222e025e"
        ],
        [
            "dd5eb8c6e1e03320d0933ca63c0164ae9d2a0152",
            "2d5f04592b3d1de7208787d2d772facfe3489c73"
        ],
        [
            "dd5eb8c6e1e03320d0933ca63c0164ae9d2a0152",
            "d8654bccbe0fcfaf41a492e906ad3080705a82dc"
        ],
        [
            "dd5eb8c6e1e03320d0933ca63c0164ae9d2a0152",
            "e736987ab60ed87b3049f4dd806eed2ca076c7a5"
        ],
        [
            "dd5eb8c6e1e03320d0933ca63c0164ae9d2a0152",
            "44fedb953db0a870d1122f9ca300b0c79ffa3ba3"
        ]
    ]
}