{
    "testdir": "/benchmarks/2025-08-26-21-32-53--cpp_misra_deepseek-chat.14/cpp/exercises/practice/dnd-character",
    "testcase": "dnd-character",
    "model": "deepseek/deepseek-chat",
    "edit_format": "diff",
    "tests_outcomes": [
        false,
        false
    ],
    "cost": 0.007188430000000001,
    "duration": 210.88484072685242,
    "test_timeouts": 0,
    "commit_hash": "32faf82-dirty",
    "num_error_outputs": 0,
    "num_user_asks": 2,
    "num_exhausted_context_windows": 0,
    "num_malformed_responses": 0,
    "syntax_errors": 0,
    "indentation_errors": 0,
    "lazy_comments": 0,
    "reasoning_effort": null,
    "prompt_tokens": 24379,
    "completion_tokens": 3751,
    "thinking_tokens": null,
    "chat_hashes": [
        [
            "d229a439b83a277ab75364ece3dd8437f0cca388",
            "ce3b9c3005418c8f7e1353b1408af7647e5b31ec"
        ],
        [
            "d229a439b83a277ab75364ece3dd8437f0cca388",
            "bd244c9c32f9363cdabd1032f261e7892a483fcc"
        ],
        [
            "d229a439b83a277ab75364ece3dd8437f0cca388",
            "6c66990805b4ba1b84354a1a003188849adf61bf"
        ],
        [
            "d229a439b83a277ab75364ece3dd8437f0cca388",
            "999ff83033082cc83fc13cdbd582161c6c4dfd50"
        ]
    ]
}