{
    "testdir": "/benchmarks/2025-08-27-13-29-50--misracpp_baseline_o3.4/cpp/exercises/practice/binary-search-tree",
    "testcase": "binary-search-tree",
    "model": "o3",
    "edit_format": "diff",
    "tests_outcomes": [
        false,
        false
    ],
    "cost": 0.28967200000000004,
    "duration": 434.9240131378174,
    "test_timeouts": 0,
    "commit_hash": "32faf82-dirty",
    "num_error_outputs": 0,
    "num_user_asks": 6,
    "num_exhausted_context_windows": 0,
    "num_malformed_responses": 0,
    "syntax_errors": 0,
    "indentation_errors": 0,
    "lazy_comments": 0,
    "reasoning_effort": null,
    "prompt_tokens": 75268,
    "completion_tokens": 21928,
    "thinking_tokens": null,
    "chat_hashes": [
        [
            "5570d71e63f5d28449be40ac390705d540cb9709",
            "6463eb99027099b7e1254369b43d189a1be91d3f"
        ],
        [
            "5570d71e63f5d28449be40ac390705d540cb9709",
            "2d8cc29c98a5ec881fc71e74aa46880d505c9676"
        ],
        [
            "5570d71e63f5d28449be40ac390705d540cb9709",
            "a040deeb7308608314dad55aa1e8ff92c2882495"
        ],
        [
            "5570d71e63f5d28449be40ac390705d540cb9709",
            "da160755555e19a87b4a9a38f46dd5f295c3b155"
        ],
        [
            "5570d71e63f5d28449be40ac390705d540cb9709",
            "a85714fcd2932349bfb96117d45e634341c97924"
        ],
        [
            "5570d71e63f5d28449be40ac390705d540cb9709",
            "2d31062ab67a4988371bae7c898aabee15299aee"
        ],
        [
            "5570d71e63f5d28449be40ac390705d540cb9709",
            "fa503e1922f79ef133170be1d23bf7d8cd8f60e8"
        ],
        [
            "5570d71e63f5d28449be40ac390705d540cb9709",
            "b98a6dd99bc1cf41b193a48818bccf09d4927c11"
        ]
    ]
}