{
    "testdir": "/benchmarks/2025-08-31-19-38-15--cpp_misra_o3.top5.15/cpp/exercises/practice/grade-school",
    "testcase": "grade-school",
    "model": "o3",
    "edit_format": "diff",
    "tests_outcomes": [
        true
    ],
    "cost": 0.083144,
    "duration": 99.46709251403809,
    "test_timeouts": 0,
    "commit_hash": "32faf82-dirty",
    "num_error_outputs": 0,
    "num_user_asks": 2,
    "num_exhausted_context_windows": 0,
    "num_malformed_responses": 0,
    "syntax_errors": 0,
    "indentation_errors": 0,
    "lazy_comments": 0,
    "reasoning_effort": null,
    "prompt_tokens": 13088,
    "completion_tokens": 8441,
    "thinking_tokens": null,
    "chat_hashes": [
        [
            "5570d71e63f5d28449be40ac390705d540cb9709",
            "e75af9f271d54bb32eb7420ca4c28f8b3425351b"
        ],
        [
            "5570d71e63f5d28449be40ac390705d540cb9709",
            "75a93966d90f74b792c3aac78e2957005b61234e"
        ],
        [
            "5570d71e63f5d28449be40ac390705d540cb9709",
            "5f0564dc7eb34f23f087c1743612d4a0e5374aae"
        ]
    ]
}