{
    "testdir": "/benchmarks/2025-08-31-18-53-19--cpp_misra_o3.top5.8/cpp/exercises/practice/spiral-matrix",
    "testcase": "spiral-matrix",
    "model": "o3",
    "edit_format": "diff",
    "tests_outcomes": [
        false,
        true
    ],
    "cost": 0.16575,
    "duration": 247.3666980266571,
    "test_timeouts": 0,
    "commit_hash": "32faf82-dirty",
    "num_error_outputs": 0,
    "num_user_asks": 3,
    "num_exhausted_context_windows": 0,
    "num_malformed_responses": 0,
    "syntax_errors": 0,
    "indentation_errors": 0,
    "lazy_comments": 0,
    "reasoning_effort": null,
    "prompt_tokens": 25755,
    "completion_tokens": 16536,
    "thinking_tokens": null,
    "chat_hashes": [
        [
            "5570d71e63f5d28449be40ac390705d540cb9709",
            "a3e2cf06c59f27ce4a81257b9c9965ca167f11f2"
        ],
        [
            "5570d71e63f5d28449be40ac390705d540cb9709",
            "b7e4f6f6482d203f7af2116606df9a7363f9c759"
        ],
        [
            "5570d71e63f5d28449be40ac390705d540cb9709",
            "13d65d523ce7260180aab567e2b2d951588e1dd9"
        ],
        [
            "5570d71e63f5d28449be40ac390705d540cb9709",
            "ed82e041df613ac53263ce8a4f9f416d32f8051b"
        ],
        [
            "5570d71e63f5d28449be40ac390705d540cb9709",
            "97861acbda63b92fef34930119750ac833a1a507"
        ]
    ]
}