{
    "testdir": "/benchmarks/2025-09-23-17-09-24--cpp_misra_gpt5.top5.14/cpp/exercises/practice/circular-buffer",
    "testcase": "circular-buffer",
    "model": "openai/gpt-5",
    "edit_format": "diff",
    "tests_outcomes": [
        true
    ],
    "cost": 0.12146625,
    "duration": 225.6693172454834,
    "test_timeouts": 0,
    "commit_hash": "32faf82-dirty",
    "num_error_outputs": 1,
    "num_user_asks": 1,
    "num_exhausted_context_windows": 0,
    "num_malformed_responses": 1,
    "syntax_errors": 0,
    "indentation_errors": 0,
    "lazy_comments": 0,
    "reasoning_effort": null,
    "prompt_tokens": 18341,
    "completion_tokens": 11006,
    "thinking_tokens": null,
    "chat_hashes": [
        [
            "5a29f5974d4a87ced71fd7b4b1ae521a58381d25",
            "a8226b323088b88c42801513e615be8f2c207272"
        ],
        [
            "5a29f5974d4a87ced71fd7b4b1ae521a58381d25",
            "a26ebcb62426b7a9c36c18511a2db54464ad9c80"
        ],
        [
            "5a29f5974d4a87ced71fd7b4b1ae521a58381d25",
            "d04bec291f81078ce6aa19fe8754cfe9bc2aa652"
        ]
    ]
}