{
    "testdir": "/benchmarks/2025-08-21-09-23-39--misracpp_baseline.3/cpp/exercises/practice/complex-numbers",
    "testcase": "complex-numbers",
    "model": "gpt-4.1",
    "edit_format": "diff",
    "tests_outcomes": [
        false,
        true
    ],
    "cost": 0.080108,
    "duration": 71.58894991874695,
    "test_timeouts": 0,
    "commit_hash": "32faf82-dirty",
    "num_error_outputs": 1,
    "num_user_asks": 7,
    "num_exhausted_context_windows": 0,
    "num_malformed_responses": 1,
    "syntax_errors": 0,
    "indentation_errors": 0,
    "lazy_comments": 0,
    "reasoning_effort": null,
    "prompt_tokens": 48594,
    "completion_tokens": 3121,
    "thinking_tokens": null,
    "chat_hashes": [
        [
            "dd5eb8c6e1e03320d0933ca63c0164ae9d2a0152",
            "b7503db8d012e37932e763e1c8b569f4d0f40c67"
        ],
        [
            "dd5eb8c6e1e03320d0933ca63c0164ae9d2a0152",
            "a9d59a9e67635002a4a6b8d4f4aecc33101fcdd1"
        ],
        [
            "dd5eb8c6e1e03320d0933ca63c0164ae9d2a0152",
            "3633d6d58795b794fcaa007048c913b923c0c432"
        ],
        [
            "dd5eb8c6e1e03320d0933ca63c0164ae9d2a0152",
            "3633d6d58795b794fcaa007048c913b923c0c432"
        ],
        [
            "dd5eb8c6e1e03320d0933ca63c0164ae9d2a0152",
            "148293ed7c443e8ce04864050347114c9b358a90"
        ],
        [
            "dd5eb8c6e1e03320d0933ca63c0164ae9d2a0152",
            "d63f54f9ea68dbade837b91984536fe996b4a1d5"
        ],
        [
            "dd5eb8c6e1e03320d0933ca63c0164ae9d2a0152",
            "3e6496eecaa611e6a8f4e2c5b3e45a57d66ec35d"
        ],
        [
            "dd5eb8c6e1e03320d0933ca63c0164ae9d2a0152",
            "a7b21e9c7c2c9aacb06cae4352ea4c0ed10cc504"
        ]
    ]
}