{
    "testdir": "/benchmarks/2025-08-31-19-33-23--cpp_misra_o3.top5.14/cpp/exercises/practice/knapsack",
    "testcase": "knapsack",
    "model": "o3",
    "edit_format": "diff",
    "tests_outcomes": [
        false,
        true
    ],
    "cost": 0.14644000000000001,
    "duration": 167.0932276248932,
    "test_timeouts": 0,
    "commit_hash": "32faf82-dirty",
    "num_error_outputs": 0,
    "num_user_asks": 3,
    "num_exhausted_context_windows": 0,
    "num_malformed_responses": 0,
    "syntax_errors": 0,
    "indentation_errors": 0,
    "lazy_comments": 0,
    "reasoning_effort": null,
    "prompt_tokens": 34564,
    "completion_tokens": 12616,
    "thinking_tokens": null,
    "chat_hashes": [
        [
            "5570d71e63f5d28449be40ac390705d540cb9709",
            "436d3ec7742eb82a9c336742bf1da0666a1beb65"
        ],
        [
            "5570d71e63f5d28449be40ac390705d540cb9709",
            "33b622930ef9f50bd959c5ba30e540b6f408c83e"
        ],
        [
            "5570d71e63f5d28449be40ac390705d540cb9709",
            "29a5f3545fde5001b779242ab6997801ef2e6fca"
        ],
        [
            "5570d71e63f5d28449be40ac390705d540cb9709",
            "6e858584db35a4370e0ed6558fe02a7ed3865184"
        ],
        [
            "5570d71e63f5d28449be40ac390705d540cb9709",
            "eadbf6068003cb2f70bddd985c8867baaca0a9b4"
        ]
    ]
}