{
    "testdir": "/benchmarks/2025-09-23-14-29-36--cpp_misra_gpt5.top5.6/cpp/exercises/practice/sublist",
    "testcase": "sublist",
    "model": "openai/gpt-5",
    "edit_format": "diff",
    "tests_outcomes": [
        false,
        true
    ],
    "cost": 0.37602175000000004,
    "duration": 1198.336353302002,
    "test_timeouts": 0,
    "commit_hash": "32faf82-dirty",
    "num_error_outputs": 0,
    "num_user_asks": 8,
    "num_exhausted_context_windows": 0,
    "num_malformed_responses": 0,
    "syntax_errors": 0,
    "indentation_errors": 0,
    "lazy_comments": 0,
    "reasoning_effort": null,
    "prompt_tokens": 103595,
    "completion_tokens": 31176,
    "thinking_tokens": null,
    "chat_hashes": [
        [
            "5a29f5974d4a87ced71fd7b4b1ae521a58381d25",
            "0a9d869c1c8a161b15933b4602394584b9596354"
        ],
        [
            "5a29f5974d4a87ced71fd7b4b1ae521a58381d25",
            "47a92bf0cb4d1f3ba3361abd46f60e2fdb90ea3b"
        ],
        [
            "5a29f5974d4a87ced71fd7b4b1ae521a58381d25",
            "c525481cfc635091915312d5bb52d254d596c171"
        ],
        [
            "5a29f5974d4a87ced71fd7b4b1ae521a58381d25",
            "66098316dd3260a28fc916a0cdf7655fad79c5a2"
        ],
        [
            "5a29f5974d4a87ced71fd7b4b1ae521a58381d25",
            "12b06f70eadf9ed9a860c0c46d0a7c2e7e239d38"
        ],
        [
            "5a29f5974d4a87ced71fd7b4b1ae521a58381d25",
            "da8829be48e5552a3af487d36d1693a806718841"
        ],
        [
            "5a29f5974d4a87ced71fd7b4b1ae521a58381d25",
            "a3053dfe2c89fb56eb1c290f71c64cf0f85c7693"
        ],
        [
            "5a29f5974d4a87ced71fd7b4b1ae521a58381d25",
            "260f19e8cf2d1b4f48530ad256892b0b09c97337"
        ]
    ]
}