{
    "testdir": "/benchmarks/2025-08-21-13-52-26--misracpp_baseline.20/cpp/exercises/practice/clock",
    "testcase": "clock",
    "model": "gpt-4.1",
    "edit_format": "diff",
    "tests_outcomes": [
        false,
        false
    ],
    "cost": 0.046522,
    "duration": 27.559667825698853,
    "test_timeouts": 0,
    "commit_hash": "32faf82-dirty",
    "num_error_outputs": 0,
    "num_user_asks": 6,
    "num_exhausted_context_windows": 0,
    "num_malformed_responses": 0,
    "syntax_errors": 0,
    "indentation_errors": 0,
    "lazy_comments": 0,
    "reasoning_effort": null,
    "prompt_tokens": 28501,
    "completion_tokens": 1666,
    "thinking_tokens": null,
    "chat_hashes": [
        [
            "dd5eb8c6e1e03320d0933ca63c0164ae9d2a0152",
            "4e85ec24990d0cc37e48a2d5e34230e7a9b0bedb"
        ],
        [
            "dd5eb8c6e1e03320d0933ca63c0164ae9d2a0152",
            "142aade7afc20a0010b30a4b45ca2323432faa18"
        ],
        [
            "dd5eb8c6e1e03320d0933ca63c0164ae9d2a0152",
            "80c4f6a2107ce01afd1dba03ef297dc2da147e38"
        ],
        [
            "dd5eb8c6e1e03320d0933ca63c0164ae9d2a0152",
            "d5bd015636907fb436bad07c7c942f8137bb6b26"
        ],
        [
            "dd5eb8c6e1e03320d0933ca63c0164ae9d2a0152",
            "ed803e52b7025242320ce5f6e7da3bc6af4b9820"
        ],
        [
            "dd5eb8c6e1e03320d0933ca63c0164ae9d2a0152",
            "6e71f9973438ed3715dce03284d29176ac4beb28"
        ],
        [
            "dd5eb8c6e1e03320d0933ca63c0164ae9d2a0152",
            "e533222849b134933ef067deb21995954f8ec2f7"
        ]
    ]
}