{
    "testdir": "/benchmarks/2025-09-24-10-08-48--cpp_misra_gpt5.top5.20/cpp/exercises/practice/space-age",
    "testcase": "space-age",
    "model": "openai/gpt-5",
    "edit_format": "diff",
    "tests_outcomes": [
        true
    ],
    "cost": 0.130538,
    "duration": 308.90512681007385,
    "test_timeouts": 0,
    "commit_hash": "32faf82-dirty",
    "num_error_outputs": 1,
    "num_user_asks": 3,
    "num_exhausted_context_windows": 0,
    "num_malformed_responses": 1,
    "syntax_errors": 0,
    "indentation_errors": 0,
    "lazy_comments": 0,
    "reasoning_effort": null,
    "prompt_tokens": 21488,
    "completion_tokens": 11059,
    "thinking_tokens": null,
    "chat_hashes": [
        [
            "5a29f5974d4a87ced71fd7b4b1ae521a58381d25",
            "a87b178f1e9e42a5b80917395c3f943190f45765"
        ],
        [
            "5a29f5974d4a87ced71fd7b4b1ae521a58381d25",
            "6608e2056e2c10ca8b4f39fabec6dd4869e506ca"
        ],
        [
            "5a29f5974d4a87ced71fd7b4b1ae521a58381d25",
            "658e6a10a1722106f405c19e312e0a34b8711eb4"
        ],
        [
            "5a29f5974d4a87ced71fd7b4b1ae521a58381d25",
            "a196ecb8d1b52d06453dc1b6f86b23116ef13f62"
        ]
    ]
}