{
    "testdir": "/benchmarks/2025-08-27-13-13-47--misracpp_baseline_o3.2/cpp/exercises/practice/linked-list",
    "testcase": "linked-list",
    "model": "o3",
    "edit_format": "diff",
    "tests_outcomes": [
        true
    ],
    "cost": 0.06556999999999999,
    "duration": 108.46757912635803,
    "test_timeouts": 0,
    "commit_hash": "32faf82-dirty",
    "num_error_outputs": 0,
    "num_user_asks": 1,
    "num_exhausted_context_windows": 0,
    "num_malformed_responses": 0,
    "syntax_errors": 0,
    "indentation_errors": 0,
    "lazy_comments": 0,
    "reasoning_effort": null,
    "prompt_tokens": 8433,
    "completion_tokens": 6928,
    "thinking_tokens": null,
    "chat_hashes": [
        [
            "5570d71e63f5d28449be40ac390705d540cb9709",
            "d887053f9936189601a4ca0d6fd666785244a664"
        ],
        [
            "5570d71e63f5d28449be40ac390705d540cb9709",
            "9a5f6e19a501a56254a7152bb009f51356ba92de"
        ]
    ]
}