{
    "testdir": "/benchmarks/2025-08-26-11-14-59--cpp_misra.top3.5/cpp/exercises/practice/all-your-base",
    "testcase": "all-your-base",
    "model": "gpt-4.1",
    "edit_format": "diff",
    "tests_outcomes": [
        false,
        true
    ],
    "cost": 0.038501999999999995,
    "duration": 30.39514970779419,
    "test_timeouts": 0,
    "commit_hash": "32faf82-dirty",
    "num_error_outputs": 0,
    "num_user_asks": 4,
    "num_exhausted_context_windows": 0,
    "num_malformed_responses": 0,
    "syntax_errors": 0,
    "indentation_errors": 0,
    "lazy_comments": 0,
    "reasoning_effort": null,
    "prompt_tokens": 22891,
    "completion_tokens": 1322,
    "thinking_tokens": null,
    "chat_hashes": [
        [
            "dd5eb8c6e1e03320d0933ca63c0164ae9d2a0152",
            "589ecb14801dfad2cc9bb20d1a1cac3d5ae97792"
        ],
        [
            "dd5eb8c6e1e03320d0933ca63c0164ae9d2a0152",
            "4c7783967af1300b392d9bd7108edebf45b63de1"
        ],
        [
            "dd5eb8c6e1e03320d0933ca63c0164ae9d2a0152",
            "d3df48d8fb646336b4a79713b45bf2eef24e4227"
        ],
        [
            "dd5eb8c6e1e03320d0933ca63c0164ae9d2a0152",
            "4c7783967af1300b392d9bd7108edebf45b63de1"
        ],
        [
            "dd5eb8c6e1e03320d0933ca63c0164ae9d2a0152",
            "8eb08b2b0c62e17c1bf08b41ddd08bc06ce62660"
        ]
    ]
}