{
    "testdir": "/benchmarks/2025-08-31-19-09-19--cpp_misra_o3.top5.10/cpp/exercises/practice/sublist",
    "testcase": "sublist",
    "model": "o3",
    "edit_format": "diff",
    "tests_outcomes": [
        false,
        false
    ],
    "cost": 0.25568599999999997,
    "duration": 253.30618166923523,
    "test_timeouts": 0,
    "commit_hash": "32faf82-dirty",
    "num_error_outputs": 0,
    "num_user_asks": 7,
    "num_exhausted_context_windows": 0,
    "num_malformed_responses": 0,
    "syntax_errors": 0,
    "indentation_errors": 0,
    "lazy_comments": 0,
    "reasoning_effort": null,
    "prompt_tokens": 90731,
    "completion_tokens": 14750,
    "thinking_tokens": null,
    "chat_hashes": [
        [
            "5570d71e63f5d28449be40ac390705d540cb9709",
            "a8981fdd32b5659f16b7f72d842a12e7ec98d732"
        ],
        [
            "5570d71e63f5d28449be40ac390705d540cb9709",
            "877a1c2451bce5dab26bffdba94ad6e4c3563de5"
        ],
        [
            "5570d71e63f5d28449be40ac390705d540cb9709",
            "e6e9c9e9df5a15ce3aae7e3f926b405d39d4263e"
        ],
        [
            "5570d71e63f5d28449be40ac390705d540cb9709",
            "50d5ff48ad89a12fafb75b9fb092f0d266a88d58"
        ],
        [
            "5570d71e63f5d28449be40ac390705d540cb9709",
            "c8af538c0a95421a885704fd361f02b4baf71daa"
        ],
        [
            "5570d71e63f5d28449be40ac390705d540cb9709",
            "9897569de7b9ba10bfa7532a473919c662d1cd01"
        ],
        [
            "5570d71e63f5d28449be40ac390705d540cb9709",
            "a0e7961239915c4a1bf79cc398ed3d1f96d4d908"
        ],
        [
            "5570d71e63f5d28449be40ac390705d540cb9709",
            "36dab9a43e762d6051e35f1a3fa3f8232a05cb93"
        ]
    ]
}