{
    "testdir": "/benchmarks/2025-08-26-21-45-09--cpp_misra_deepseek-chat.15/cpp/exercises/practice/parallel-letter-frequency",
    "testcase": "parallel-letter-frequency",
    "model": "deepseek/deepseek-chat",
    "edit_format": "diff",
    "tests_outcomes": [
        false,
        false
    ],
    "cost": 0.008378110000000001,
    "duration": 247.78758764266968,
    "test_timeouts": 0,
    "commit_hash": "32faf82-dirty",
    "num_error_outputs": 0,
    "num_user_asks": 2,
    "num_exhausted_context_windows": 0,
    "num_malformed_responses": 0,
    "syntax_errors": 0,
    "indentation_errors": 0,
    "lazy_comments": 0,
    "reasoning_effort": null,
    "prompt_tokens": 25193,
    "completion_tokens": 4528,
    "thinking_tokens": null,
    "chat_hashes": [
        [
            "d229a439b83a277ab75364ece3dd8437f0cca388",
            "73d113c5f9bc96da0ff298f274a30bf83768608c"
        ],
        [
            "d229a439b83a277ab75364ece3dd8437f0cca388",
            "cde7d554e1f5cab93af675303d63a5eef00862bf"
        ],
        [
            "d229a439b83a277ab75364ece3dd8437f0cca388",
            "4364ba0d681b4475c8f38406f6aa655a0d16fddf"
        ],
        [
            "d229a439b83a277ab75364ece3dd8437f0cca388",
            "d855e541c1efdebb574e58d7b6a420a7bc76403e"
        ]
    ]
}