{
    "testdir": "/benchmarks/2025-08-27-15-38-40--misracpp_baseline_o3.17/cpp/exercises/practice/diamond",
    "testcase": "diamond",
    "model": "o3",
    "edit_format": "diff",
    "tests_outcomes": [
        false,
        true
    ],
    "cost": 0.076808,
    "duration": 89.76049160957336,
    "test_timeouts": 0,
    "commit_hash": "32faf82-dirty",
    "num_error_outputs": 0,
    "num_user_asks": 2,
    "num_exhausted_context_windows": 0,
    "num_malformed_responses": 0,
    "syntax_errors": 0,
    "indentation_errors": 0,
    "lazy_comments": 0,
    "reasoning_effort": null,
    "prompt_tokens": 14380,
    "completion_tokens": 7302,
    "thinking_tokens": null,
    "chat_hashes": [
        [
            "5570d71e63f5d28449be40ac390705d540cb9709",
            "4b8c3b78904cd98231cd8771f95cf51580689522"
        ],
        [
            "5570d71e63f5d28449be40ac390705d540cb9709",
            "e31f4a6285017bd1783706a1dfd60d0c274455d1"
        ],
        [
            "5570d71e63f5d28449be40ac390705d540cb9709",
            "9ff7f96ca38d0e7b85b88609e150c73d8499eaa0"
        ],
        [
            "5570d71e63f5d28449be40ac390705d540cb9709",
            "d1931866781735feb3069121c0604d0d9ed3212f"
        ]
    ]
}