{
    "testdir": "/benchmarks/2025-09-01-01-51-19--cpp_misra_deepseek-chat.top5.16/cpp/exercises/practice/diamond",
    "testcase": "diamond",
    "model": "deepseek/deepseek-chat",
    "edit_format": "diff",
    "tests_outcomes": [
        false,
        true
    ],
    "cost": 0.008748780000000001,
    "duration": 242.44867634773254,
    "test_timeouts": 0,
    "commit_hash": "32faf82-dirty",
    "num_error_outputs": 0,
    "num_user_asks": 2,
    "num_exhausted_context_windows": 0,
    "num_malformed_responses": 0,
    "syntax_errors": 0,
    "indentation_errors": 0,
    "lazy_comments": 0,
    "reasoning_effort": null,
    "prompt_tokens": 25244,
    "completion_tokens": 4771,
    "thinking_tokens": null,
    "chat_hashes": [
        [
            "d229a439b83a277ab75364ece3dd8437f0cca388",
            "7109f49203c4a4c744f765417dc5e53b0161fffa"
        ],
        [
            "d229a439b83a277ab75364ece3dd8437f0cca388",
            "8a92ddc7a9d6bcb8fa10480d9d80e68ee359bad6"
        ],
        [
            "d229a439b83a277ab75364ece3dd8437f0cca388",
            "8358b36e5b3855581cd8f4f5914affb87b42950f"
        ],
        [
            "d229a439b83a277ab75364ece3dd8437f0cca388",
            "091a23ac5e7c31f5af9ec2757f1f75d864698fbb"
        ]
    ]
}