{
    "testdir": "/benchmarks/2025-09-19-17-43-05--misracpp_baseline_gpt5.11/cpp/exercises/practice/diamond",
    "testcase": "diamond",
    "model": "openai/gpt-5",
    "edit_format": "diff",
    "tests_outcomes": [
        false,
        true
    ],
    "cost": 0.20349175,
    "duration": 346.6590139865875,
    "test_timeouts": 0,
    "commit_hash": "32faf82-dirty",
    "num_error_outputs": 0,
    "num_user_asks": 8,
    "num_exhausted_context_windows": 0,
    "num_malformed_responses": 0,
    "syntax_errors": 0,
    "indentation_errors": 0,
    "lazy_comments": 0,
    "reasoning_effort": null,
    "prompt_tokens": 41323,
    "completion_tokens": 17747,
    "thinking_tokens": null,
    "chat_hashes": [
        [
            "5a29f5974d4a87ced71fd7b4b1ae521a58381d25",
            "5db0e43046a1d230ee6806f90d286bd6352c42a8"
        ],
        [
            "5a29f5974d4a87ced71fd7b4b1ae521a58381d25",
            "ae7f03837bcc27be2f9adcaa6f4f4b17c8dd456d"
        ],
        [
            "5a29f5974d4a87ced71fd7b4b1ae521a58381d25",
            "8204ac5566e14e504ded2cee321b1070394f55b6"
        ],
        [
            "5a29f5974d4a87ced71fd7b4b1ae521a58381d25",
            "d49b5f026002c2c883c3513516972bfa16266aeb"
        ],
        [
            "5a29f5974d4a87ced71fd7b4b1ae521a58381d25",
            "fcd737382d606c4b5da4d24d958effe97cf11c00"
        ],
        [
            "5a29f5974d4a87ced71fd7b4b1ae521a58381d25",
            "d92f040bc53f9e14f2bbb5acae938e04e435dd42"
        ],
        [
            "5a29f5974d4a87ced71fd7b4b1ae521a58381d25",
            "2d1cdfb778982ee58dd0e7afcc574051a4016e13"
        ],
        [
            "5a29f5974d4a87ced71fd7b4b1ae521a58381d25",
            "5d17003744c32059aad5d2bc5e18d5a1c98f78d1"
        ]
    ]
}