{
    "testdir": "/benchmarks/2025-08-21-09-48-51--misracpp_baseline.8/cpp/exercises/practice/gigasecond",
    "testcase": "gigasecond",
    "model": "gpt-4.1",
    "edit_format": "diff",
    "tests_outcomes": [
        false,
        true
    ],
    "cost": 0.044842,
    "duration": 28.296069860458374,
    "test_timeouts": 0,
    "commit_hash": "32faf82-dirty",
    "num_error_outputs": 0,
    "num_user_asks": 8,
    "num_exhausted_context_windows": 0,
    "num_malformed_responses": 0,
    "syntax_errors": 0,
    "indentation_errors": 0,
    "lazy_comments": 0,
    "reasoning_effort": null,
    "prompt_tokens": 33197,
    "completion_tokens": 1242,
    "thinking_tokens": null,
    "chat_hashes": [
        [
            "dd5eb8c6e1e03320d0933ca63c0164ae9d2a0152",
            "d081b5c999d9a261376f492eeef67c31a03e9b1b"
        ],
        [
            "dd5eb8c6e1e03320d0933ca63c0164ae9d2a0152",
            "bd0af1204fbf54172c544f5e18c249c63c343770"
        ],
        [
            "dd5eb8c6e1e03320d0933ca63c0164ae9d2a0152",
            "027c8d50924845367d79cbda8f098d7b0b7752d4"
        ],
        [
            "dd5eb8c6e1e03320d0933ca63c0164ae9d2a0152",
            "1b6388c3617e499708f5468829eff0e9d9d7da68"
        ],
        [
            "dd5eb8c6e1e03320d0933ca63c0164ae9d2a0152",
            "bb5c10d2d45b5a96ecd37dd4c110840ee44c177e"
        ],
        [
            "dd5eb8c6e1e03320d0933ca63c0164ae9d2a0152",
            "c084386befcf6d81abff3354e6ca8723b4989d2a"
        ],
        [
            "dd5eb8c6e1e03320d0933ca63c0164ae9d2a0152",
            "ea3b4b29f4586e924d84141431030b5736cf3ef8"
        ],
        [
            "dd5eb8c6e1e03320d0933ca63c0164ae9d2a0152",
            "c084386befcf6d81abff3354e6ca8723b4989d2a"
        ]
    ]
}