{
    "testdir": "/benchmarks/2025-09-19-18-24-12--misracpp_baseline_gpt5.14/cpp/exercises/practice/crypto-square",
    "testcase": "crypto-square",
    "model": "openai/gpt-5",
    "edit_format": "diff",
    "tests_outcomes": [
        true
    ],
    "cost": 0.07944475000000001,
    "duration": 100.04702043533325,
    "test_timeouts": 0,
    "commit_hash": "32faf82-dirty",
    "num_error_outputs": 1,
    "num_user_asks": 1,
    "num_exhausted_context_windows": 0,
    "num_malformed_responses": 1,
    "syntax_errors": 0,
    "indentation_errors": 0,
    "lazy_comments": 0,
    "reasoning_effort": null,
    "prompt_tokens": 13031,
    "completion_tokens": 7050,
    "thinking_tokens": null,
    "chat_hashes": [
        [
            "5a29f5974d4a87ced71fd7b4b1ae521a58381d25",
            "3e60059e6c015b37b61c3c95afe8be29bd8edc51"
        ],
        [
            "5a29f5974d4a87ced71fd7b4b1ae521a58381d25",
            "c527a477d64fd082d8060fa2783fbe4d520f6229"
        ],
        [
            "5a29f5974d4a87ced71fd7b4b1ae521a58381d25",
            "b48b7e8ad86fe380f521fc0c56e136e72a9614f1"
        ]
    ]
}