{
    "testdir": "/benchmarks/2025-08-31-22-51-22--cpp_misra_deepseek-chat.top5.6/cpp/exercises/practice/knapsack",
    "testcase": "knapsack",
    "model": "deepseek/deepseek-chat",
    "edit_format": "diff",
    "tests_outcomes": [
        false,
        true
    ],
    "cost": 0.00879306,
    "duration": 252.26480841636658,
    "test_timeouts": 0,
    "commit_hash": "32faf82-dirty",
    "num_error_outputs": 0,
    "num_user_asks": 2,
    "num_exhausted_context_windows": 0,
    "num_malformed_responses": 0,
    "syntax_errors": 0,
    "indentation_errors": 0,
    "lazy_comments": 0,
    "reasoning_effort": null,
    "prompt_tokens": 26838,
    "completion_tokens": 4548,
    "thinking_tokens": null,
    "chat_hashes": [
        [
            "d229a439b83a277ab75364ece3dd8437f0cca388",
            "c6a8d235d223e03658fd9ac817a9208dd7c1c850"
        ],
        [
            "d229a439b83a277ab75364ece3dd8437f0cca388",
            "fbd0e2fb29541c365614bb7164c12be04e1a6ce4"
        ],
        [
            "d229a439b83a277ab75364ece3dd8437f0cca388",
            "a56d50a3a3572edcbc2a394c925d0c0876ec4318"
        ],
        [
            "d229a439b83a277ab75364ece3dd8437f0cca388",
            "2cbff54007c788f330bba1200dbe79dd308bcded"
        ]
    ]
}