{
    "testdir": "/benchmarks/2025-08-26-22-10-53--cpp_misra_deepseek-chat.18/cpp/exercises/practice/all-your-base",
    "testcase": "all-your-base",
    "model": "deepseek/deepseek-chat",
    "edit_format": "diff",
    "tests_outcomes": [
        false,
        true
    ],
    "cost": 0.00807556,
    "duration": 236.23987531661987,
    "test_timeouts": 0,
    "commit_hash": "32faf82-dirty",
    "num_error_outputs": 0,
    "num_user_asks": 2,
    "num_exhausted_context_windows": 0,
    "num_malformed_responses": 0,
    "syntax_errors": 0,
    "indentation_errors": 0,
    "lazy_comments": 0,
    "reasoning_effort": null,
    "prompt_tokens": 23758,
    "completion_tokens": 4547,
    "thinking_tokens": null,
    "chat_hashes": [
        [
            "d229a439b83a277ab75364ece3dd8437f0cca388",
            "3da1257c44f52e05b2b8fe07c12bb1743c0f784c"
        ],
        [
            "d229a439b83a277ab75364ece3dd8437f0cca388",
            "ce30bcad5cf3d45418f7d09b99d7a2fb950da278"
        ],
        [
            "d229a439b83a277ab75364ece3dd8437f0cca388",
            "24ddd0a17b31a488ca3c87d4ac0699369db3e1b4"
        ],
        [
            "d229a439b83a277ab75364ece3dd8437f0cca388",
            "48189ea09c606fbb27cab2ffb0148d54e911bf7f"
        ]
    ]
}