{
    "testdir": "/benchmarks/2025-09-09-19-31-11--misracpp_baseline_opus-41.1/cpp/exercises/practice/space-age",
    "testcase": "space-age",
    "model": "anthropic/claude-opus-4-1-20250805",
    "edit_format": "whole",
    "tests_outcomes": [
        true
    ],
    "cost": 0.36723,
    "duration": 50.001511573791504,
    "test_timeouts": 0,
    "commit_hash": "32faf82-dirty",
    "num_error_outputs": 0,
    "num_user_asks": 4,
    "num_exhausted_context_windows": 0,
    "num_malformed_responses": 0,
    "syntax_errors": 0,
    "indentation_errors": 0,
    "lazy_comments": 0,
    "reasoning_effort": null,
    "prompt_tokens": 12312,
    "completion_tokens": 2434,
    "thinking_tokens": null,
    "chat_hashes": [
        [
            "a621abd757c98a95fb7d210c3c769a89aa0659cc",
            "31b3187d54094e12e53b3bfe14be7bb463bace12"
        ],
        [
            "a621abd757c98a95fb7d210c3c769a89aa0659cc",
            "302d5098bb369c4ea2ab52734c8ea6afa04520e9"
        ],
        [
            "a621abd757c98a95fb7d210c3c769a89aa0659cc",
            "c0933891618e3c60da456a335f56884f9678819b"
        ],
        [
            "a621abd757c98a95fb7d210c3c769a89aa0659cc",
            "7a5dfc6bcecd91c663987e3cb0ee0b2d64ed7e5b"
        ]
    ]
}