{
    "testdir": "/benchmarks/2025-09-19-16-17-29--misracpp_baseline_gpt5.6/cpp/exercises/practice/gigasecond",
    "testcase": "gigasecond",
    "model": "openai/gpt-5",
    "edit_format": "diff",
    "tests_outcomes": [
        false,
        true
    ],
    "cost": 0.155496,
    "duration": 235.89153504371643,
    "test_timeouts": 0,
    "commit_hash": "32faf82-dirty",
    "num_error_outputs": 1,
    "num_user_asks": 7,
    "num_exhausted_context_windows": 0,
    "num_malformed_responses": 1,
    "syntax_errors": 0,
    "indentation_errors": 0,
    "lazy_comments": 0,
    "reasoning_effort": null,
    "prompt_tokens": 34744,
    "completion_tokens": 13381,
    "thinking_tokens": null,
    "chat_hashes": [
        [
            "5a29f5974d4a87ced71fd7b4b1ae521a58381d25",
            "401f49ebeaa12ba7cde1751ca12475a494e7c4b9"
        ],
        [
            "5a29f5974d4a87ced71fd7b4b1ae521a58381d25",
            "b33c52b5af0d3d659772892086b9970793467d2f"
        ],
        [
            "5a29f5974d4a87ced71fd7b4b1ae521a58381d25",
            "e74762a9b27e6eeeed39bc2f1adc7a9c03235b0b"
        ],
        [
            "5a29f5974d4a87ced71fd7b4b1ae521a58381d25",
            "a7e6a7b9f00da2e0a9bf8c718ede491aadece7e4"
        ],
        [
            "5a29f5974d4a87ced71fd7b4b1ae521a58381d25",
            "cb0d94119f31bbe3e2363235341a7fb4e76cae70"
        ],
        [
            "5a29f5974d4a87ced71fd7b4b1ae521a58381d25",
            "404de35be21126ba1647022cb244c87a50084125"
        ],
        [
            "5a29f5974d4a87ced71fd7b4b1ae521a58381d25",
            "5a40b0f29e92b301ff12270c36935e8564ea87f6"
        ],
        [
            "5a29f5974d4a87ced71fd7b4b1ae521a58381d25",
            "068696bc9999ca3e74e24d8ec01149f172f4357e"
        ]
    ]
}