{
    "testdir": "/benchmarks/2025-08-26-13-43-03--cpp_misra_deepseek-chat.5/cpp/exercises/practice/zebra-puzzle",
    "testcase": "zebra-puzzle",
    "model": "deepseek/deepseek-chat",
    "edit_format": "diff",
    "tests_outcomes": [
        false,
        false
    ],
    "cost": 0.01722498,
    "duration": 575.6208853721619,
    "test_timeouts": 1,
    "commit_hash": "32faf82-dirty",
    "num_error_outputs": 0,
    "num_user_asks": 2,
    "num_exhausted_context_windows": 0,
    "num_malformed_responses": 0,
    "syntax_errors": 0,
    "indentation_errors": 0,
    "lazy_comments": 0,
    "reasoning_effort": null,
    "prompt_tokens": 34414,
    "completion_tokens": 11052,
    "thinking_tokens": null,
    "chat_hashes": [
        [
            "d229a439b83a277ab75364ece3dd8437f0cca388",
            "8116f30db90cdef2a2da0e0c37d263de7df93ae0"
        ],
        [
            "d229a439b83a277ab75364ece3dd8437f0cca388",
            "cdc709bf9fe7162a6394b818d2d0ea8450fa9d68"
        ],
        [
            "d229a439b83a277ab75364ece3dd8437f0cca388",
            "88907fbbe6ed1bb16df850071cd8b8577a523b58"
        ],
        [
            "d229a439b83a277ab75364ece3dd8437f0cca388",
            "883392b36f712d6f15297773c1e3e33c292a7099"
        ]
    ]
}