{
    "testdir": "/benchmarks/2025-09-23-17-09-24--cpp_misra_gpt5.top5.14/cpp/exercises/practice/sublist",
    "testcase": "sublist",
    "model": "openai/gpt-5",
    "edit_format": "diff",
    "tests_outcomes": [
        false,
        true
    ],
    "cost": 0.36682825,
    "duration": 630.6664168834686,
    "test_timeouts": 0,
    "commit_hash": "32faf82-dirty",
    "num_error_outputs": 0,
    "num_user_asks": 8,
    "num_exhausted_context_windows": 0,
    "num_malformed_responses": 0,
    "syntax_errors": 0,
    "indentation_errors": 0,
    "lazy_comments": 0,
    "reasoning_effort": null,
    "prompt_tokens": 108045,
    "completion_tokens": 30118,
    "thinking_tokens": null,
    "chat_hashes": [
        [
            "5a29f5974d4a87ced71fd7b4b1ae521a58381d25",
            "b09b4c4f22b01cd52b43a324cf87f16257ffc007"
        ],
        [
            "5a29f5974d4a87ced71fd7b4b1ae521a58381d25",
            "6c43a149313d9fe2f2566c02dd0945f7a49606f0"
        ],
        [
            "5a29f5974d4a87ced71fd7b4b1ae521a58381d25",
            "adfa9b9da2b85eceb283e960feceddc15af3e2e6"
        ],
        [
            "5a29f5974d4a87ced71fd7b4b1ae521a58381d25",
            "3ee7fd7a61ea48876cf84469be6e574a1660b825"
        ],
        [
            "5a29f5974d4a87ced71fd7b4b1ae521a58381d25",
            "e203b84e25436d898cd66963c2ce177bdc067c34"
        ],
        [
            "5a29f5974d4a87ced71fd7b4b1ae521a58381d25",
            "ac71654d693312f2b20d806f4a35317dd1eaa852"
        ],
        [
            "5a29f5974d4a87ced71fd7b4b1ae521a58381d25",
            "9a4619fb0b7657d004e4119379050fa3ef3f1ac9"
        ],
        [
            "5a29f5974d4a87ced71fd7b4b1ae521a58381d25",
            "6102fc2a70a477e37678d674ba04a7f6dca0616a"
        ]
    ]
}