{
    "testdir": "/benchmarks/2025-08-31-18-39-45--cpp_misra_o3.top5.6/cpp/exercises/practice/robot-name",
    "testcase": "robot-name",
    "model": "o3",
    "edit_format": "diff",
    "tests_outcomes": [
        false,
        false
    ],
    "cost": 0.18597399999999997,
    "duration": 238.6369800567627,
    "test_timeouts": 0,
    "commit_hash": "32faf82-dirty",
    "num_error_outputs": 1,
    "num_user_asks": 7,
    "num_exhausted_context_windows": 0,
    "num_malformed_responses": 1,
    "syntax_errors": 0,
    "indentation_errors": 0,
    "lazy_comments": 0,
    "reasoning_effort": null,
    "prompt_tokens": 47659,
    "completion_tokens": 16492,
    "thinking_tokens": null,
    "chat_hashes": [
        [
            "5570d71e63f5d28449be40ac390705d540cb9709",
            "734eaf3abb0b4d29785f450454f6848773184398"
        ],
        [
            "5570d71e63f5d28449be40ac390705d540cb9709",
            "7f1403762a8a34fb1536283baa965d3674018dc0"
        ],
        [
            "5570d71e63f5d28449be40ac390705d540cb9709",
            "d2367f6031371b4d4ff536724aa3026ad9ea0c16"
        ],
        [
            "5570d71e63f5d28449be40ac390705d540cb9709",
            "488e5f0323cc99f6d86743db0199cfcbf21ad44b"
        ],
        [
            "5570d71e63f5d28449be40ac390705d540cb9709",
            "5de89d2ee64c320b67e411035d12b25a84f8bd51"
        ],
        [
            "5570d71e63f5d28449be40ac390705d540cb9709",
            "796b8ea4edd2d6278ee2f08303814aecb9748f2e"
        ],
        [
            "5570d71e63f5d28449be40ac390705d540cb9709",
            "fb35cee723b0d76662006f8e1d0e620c4e0637f9"
        ],
        [
            "5570d71e63f5d28449be40ac390705d540cb9709",
            "50069cd00f7b634eec24e2a9131317f886b05db1"
        ]
    ]
}