{
    "testdir": "/benchmarks/2025-08-31-23-55-54--cpp_misra_deepseek-chat.top5.12/cpp/exercises/practice/complex-numbers",
    "testcase": "complex-numbers",
    "model": "deepseek/deepseek-chat",
    "edit_format": "diff",
    "tests_outcomes": [
        false,
        true
    ],
    "cost": 0.00836771,
    "duration": 185.18155884742737,
    "test_timeouts": 0,
    "commit_hash": "32faf82-dirty",
    "num_error_outputs": 0,
    "num_user_asks": 2,
    "num_exhausted_context_windows": 0,
    "num_malformed_responses": 0,
    "syntax_errors": 0,
    "indentation_errors": 0,
    "lazy_comments": 0,
    "reasoning_effort": null,
    "prompt_tokens": 29433,
    "completion_tokens": 3792,
    "thinking_tokens": null,
    "chat_hashes": [
        [
            "d229a439b83a277ab75364ece3dd8437f0cca388",
            "8a0f27feaf596f3feee5bbd4dcd35160a9376dc7"
        ],
        [
            "d229a439b83a277ab75364ece3dd8437f0cca388",
            "2b4c61b92dd941fc29441d2f9b79dd37c670f588"
        ],
        [
            "d229a439b83a277ab75364ece3dd8437f0cca388",
            "05abbadf21c3085c531f64d027df804a4e34f8d7"
        ],
        [
            "d229a439b83a277ab75364ece3dd8437f0cca388",
            "c08703840ebfe290e7fb30a799b26c600531a1a3"
        ]
    ]
}