{
    "testdir": "/benchmarks/2025-09-10-11-35-04--misracpp_baseline_grok-code-fast-1.1/cpp/exercises/practice/crypto-square",
    "testcase": "crypto-square",
    "model": "xai/grok-code-fast-1-0825",
    "edit_format": "whole",
    "tests_outcomes": [
        false,
        true
    ],
    "cost": 0.009647,
    "duration": 43.21030831336975,
    "test_timeouts": 0,
    "commit_hash": "32faf82-dirty",
    "num_error_outputs": 0,
    "num_user_asks": 3,
    "num_exhausted_context_windows": 0,
    "num_malformed_responses": 0,
    "syntax_errors": 0,
    "indentation_errors": 0,
    "lazy_comments": 0,
    "reasoning_effort": null,
    "prompt_tokens": 36625,
    "completion_tokens": 1548,
    "thinking_tokens": null,
    "chat_hashes": [
        [
            "5ff365dd35144573aa175fcf9498e0f4e11204a7",
            "81de19aaecafe412e1d441c4359484a087d54bbb"
        ],
        [
            "5ff365dd35144573aa175fcf9498e0f4e11204a7",
            "64eb31501b3f31b80db93aaae55ef26e374316fd"
        ],
        [
            "5ff365dd35144573aa175fcf9498e0f4e11204a7",
            "a828e107358f13248ba9e9e04e7638144e036fa4"
        ],
        [
            "5ff365dd35144573aa175fcf9498e0f4e11204a7",
            "e91153c973eece30a64ea9ec1eb6a86a70e75bcf"
        ],
        [
            "5ff365dd35144573aa175fcf9498e0f4e11204a7",
            "82724a01a34da4c94e4ea90098529448ca1af120"
        ]
    ]
}