{
    "testdir": "/benchmarks/2025-09-23-17-09-24--cpp_misra_gpt5.top5.14/cpp/exercises/practice/knapsack",
    "testcase": "knapsack",
    "model": "openai/gpt-5",
    "edit_format": "diff",
    "tests_outcomes": [
        false,
        true
    ],
    "cost": 0.25349775,
    "duration": 479.86812376976013,
    "test_timeouts": 0,
    "commit_hash": "32faf82-dirty",
    "num_error_outputs": 0,
    "num_user_asks": 5,
    "num_exhausted_context_windows": 0,
    "num_malformed_responses": 0,
    "syntax_errors": 0,
    "indentation_errors": 0,
    "lazy_comments": 0,
    "reasoning_effort": null,
    "prompt_tokens": 40747,
    "completion_tokens": 23122,
    "thinking_tokens": null,
    "chat_hashes": [
        [
            "5a29f5974d4a87ced71fd7b4b1ae521a58381d25",
            "6ffb5cb11a122765f4ff8a8c6d23fee97cde9fbe"
        ],
        [
            "5a29f5974d4a87ced71fd7b4b1ae521a58381d25",
            "390cc9f0070a259d0aa4eb528baa4f41c19eed5b"
        ],
        [
            "5a29f5974d4a87ced71fd7b4b1ae521a58381d25",
            "37613236605d1780dd5aa1911076fc0c02558473"
        ],
        [
            "5a29f5974d4a87ced71fd7b4b1ae521a58381d25",
            "e25769100a4ca9184e90d74037934fa3acf0eaac"
        ],
        [
            "5a29f5974d4a87ced71fd7b4b1ae521a58381d25",
            "5825293bd7092c85f806e35253857f7c98e63c09"
        ],
        [
            "5a29f5974d4a87ced71fd7b4b1ae521a58381d25",
            "cf62b4d35c297fed118e89997494ad7bacf432b7"
        ]
    ]
}