{
    "testdir": "/benchmarks/2025-08-21-09-35-50--misracpp_baseline.6/cpp/exercises/practice/gigasecond",
    "testcase": "gigasecond",
    "model": "gpt-4.1",
    "edit_format": "diff",
    "tests_outcomes": [
        false,
        true
    ],
    "cost": 0.042269999999999995,
    "duration": 25.56260895729065,
    "test_timeouts": 0,
    "commit_hash": "32faf82-dirty",
    "num_error_outputs": 0,
    "num_user_asks": 8,
    "num_exhausted_context_windows": 0,
    "num_malformed_responses": 0,
    "syntax_errors": 0,
    "indentation_errors": 0,
    "lazy_comments": 0,
    "reasoning_effort": null,
    "prompt_tokens": 33511,
    "completion_tokens": 938,
    "thinking_tokens": null,
    "chat_hashes": [
        [
            "dd5eb8c6e1e03320d0933ca63c0164ae9d2a0152",
            "d081b5c999d9a261376f492eeef67c31a03e9b1b"
        ],
        [
            "dd5eb8c6e1e03320d0933ca63c0164ae9d2a0152",
            "da291600b9896d60446cdec1a66a94964d5500d5"
        ],
        [
            "dd5eb8c6e1e03320d0933ca63c0164ae9d2a0152",
            "027c8d50924845367d79cbda8f098d7b0b7752d4"
        ],
        [
            "dd5eb8c6e1e03320d0933ca63c0164ae9d2a0152",
            "bd0af1204fbf54172c544f5e18c249c63c343770"
        ],
        [
            "dd5eb8c6e1e03320d0933ca63c0164ae9d2a0152",
            "fc1071815d234f6e826eff3d595cd92575ea6924"
        ],
        [
            "dd5eb8c6e1e03320d0933ca63c0164ae9d2a0152",
            "d98775bf5ce150ec863ee87fd9fa24abba656055"
        ],
        [
            "dd5eb8c6e1e03320d0933ca63c0164ae9d2a0152",
            "aeb9ab114751ac4b481dfa75837f9cb2922ba7d5"
        ],
        [
            "dd5eb8c6e1e03320d0933ca63c0164ae9d2a0152",
            "df6df31439fc8459a9fb5c9afac3d6275bf3e732"
        ]
    ]
}