{
    "testdir": "/benchmarks/2025-09-19-19-47-38--misracpp_baseline_gpt5.20/cpp/exercises/practice/parallel-letter-frequency",
    "testcase": "parallel-letter-frequency",
    "model": "openai/gpt-5",
    "edit_format": "diff",
    "tests_outcomes": [
        false,
        true
    ],
    "cost": 0.23890650000000005,
    "duration": 342.69446873664856,
    "test_timeouts": 0,
    "commit_hash": "32faf82-dirty",
    "num_error_outputs": 0,
    "num_user_asks": 8,
    "num_exhausted_context_windows": 0,
    "num_malformed_responses": 0,
    "syntax_errors": 0,
    "indentation_errors": 0,
    "lazy_comments": 0,
    "reasoning_effort": null,
    "prompt_tokens": 43306,
    "completion_tokens": 21415,
    "thinking_tokens": null,
    "chat_hashes": [
        [
            "5a29f5974d4a87ced71fd7b4b1ae521a58381d25",
            "f3331b865cc535a38e5b61f7e063736f00a945a5"
        ],
        [
            "5a29f5974d4a87ced71fd7b4b1ae521a58381d25",
            "b0c492203ab6e4f786a25b0b298f6fa409b24d8d"
        ],
        [
            "5a29f5974d4a87ced71fd7b4b1ae521a58381d25",
            "9550331594f1801699d1af9bf4b6c3ea746551b5"
        ],
        [
            "5a29f5974d4a87ced71fd7b4b1ae521a58381d25",
            "42b8a92b561693cbea77749289c577d6a765bd68"
        ],
        [
            "5a29f5974d4a87ced71fd7b4b1ae521a58381d25",
            "d3533a0e91c4e9faab1e18cb2288e98577119a98"
        ],
        [
            "5a29f5974d4a87ced71fd7b4b1ae521a58381d25",
            "b8c947a367e07d00c0f007052bf9ebb891a091ea"
        ],
        [
            "5a29f5974d4a87ced71fd7b4b1ae521a58381d25",
            "42b8a92b561693cbea77749289c577d6a765bd68"
        ],
        [
            "5a29f5974d4a87ced71fd7b4b1ae521a58381d25",
            "b8c947a367e07d00c0f007052bf9ebb891a091ea"
        ]
    ]
}