{
    "testdir": "/benchmarks/2025-09-23-18-54-08--cpp_misra_gpt5.top5.19/cpp/exercises/practice/zebra-puzzle",
    "testcase": "zebra-puzzle",
    "model": "openai/gpt-5",
    "edit_format": "diff",
    "tests_outcomes": [
        false,
        true
    ],
    "cost": 0.2930575,
    "duration": 422.3959219455719,
    "test_timeouts": 0,
    "commit_hash": "32faf82-dirty",
    "num_error_outputs": 0,
    "num_user_asks": 7,
    "num_exhausted_context_windows": 0,
    "num_malformed_responses": 0,
    "syntax_errors": 0,
    "indentation_errors": 0,
    "lazy_comments": 0,
    "reasoning_effort": null,
    "prompt_tokens": 69222,
    "completion_tokens": 24397,
    "thinking_tokens": null,
    "chat_hashes": [
        [
            "5a29f5974d4a87ced71fd7b4b1ae521a58381d25",
            "fbd54cfb2a1e19f07886654342b9a55e1d8847f6"
        ],
        [
            "5a29f5974d4a87ced71fd7b4b1ae521a58381d25",
            "a966a8ef5a06a369cefa1f73d54185d9c586e3a2"
        ],
        [
            "5a29f5974d4a87ced71fd7b4b1ae521a58381d25",
            "64404833f2b54ae5c16240bb0bc13cc216ee7f0c"
        ],
        [
            "5a29f5974d4a87ced71fd7b4b1ae521a58381d25",
            "a966a8ef5a06a369cefa1f73d54185d9c586e3a2"
        ],
        [
            "5a29f5974d4a87ced71fd7b4b1ae521a58381d25",
            "64404833f2b54ae5c16240bb0bc13cc216ee7f0c"
        ],
        [
            "5a29f5974d4a87ced71fd7b4b1ae521a58381d25",
            "0f21e66acfb8439f76fb389a9f27a6545d7dd508"
        ],
        [
            "5a29f5974d4a87ced71fd7b4b1ae521a58381d25",
            "b4084e97fd09d58c08e9fd66e5ba23c106ec9530"
        ],
        [
            "5a29f5974d4a87ced71fd7b4b1ae521a58381d25",
            "c98a83452e34d9fef65424d3c43fa48d8c63bc50"
        ]
    ]
}