{
    "testdir": "/benchmarks/2025-08-27-13-06-42--misracpp_baseline_o3.1/cpp/exercises/practice/grade-school",
    "testcase": "grade-school",
    "model": "o3",
    "edit_format": "diff",
    "tests_outcomes": [
        true
    ],
    "cost": 0.05259,
    "duration": 84.4278039932251,
    "test_timeouts": 0,
    "commit_hash": "32faf82-dirty",
    "num_error_outputs": 0,
    "num_user_asks": 2,
    "num_exhausted_context_windows": 0,
    "num_malformed_responses": 0,
    "syntax_errors": 0,
    "indentation_errors": 0,
    "lazy_comments": 0,
    "reasoning_effort": null,
    "prompt_tokens": 9739,
    "completion_tokens": 4739,
    "thinking_tokens": null,
    "chat_hashes": [
        [
            "5570d71e63f5d28449be40ac390705d540cb9709",
            "e11e5a89d768c29075f5c8515fe33d9aac64594f"
        ],
        [
            "5570d71e63f5d28449be40ac390705d540cb9709",
            "23ba70eae08341f1eff408b18a3d0c5e27bcaf42"
        ],
        [
            "5570d71e63f5d28449be40ac390705d540cb9709",
            "e0519b4a425a967131697ccb9e28b4a1076d946f"
        ]
    ]
}