{
    "testdir": "/benchmarks/2025-08-27-13-13-47--misracpp_baseline_o3.2/cpp/exercises/practice/zebra-puzzle",
    "testcase": "zebra-puzzle",
    "model": "o3",
    "edit_format": "diff",
    "tests_outcomes": [
        false,
        true
    ],
    "cost": 0.09520799999999999,
    "duration": 152.65541625022888,
    "test_timeouts": 0,
    "commit_hash": "32faf82-dirty",
    "num_error_outputs": 0,
    "num_user_asks": 3,
    "num_exhausted_context_windows": 0,
    "num_malformed_responses": 0,
    "syntax_errors": 0,
    "indentation_errors": 0,
    "lazy_comments": 0,
    "reasoning_effort": null,
    "prompt_tokens": 27324,
    "completion_tokens": 7518,
    "thinking_tokens": null,
    "chat_hashes": [
        [
            "5570d71e63f5d28449be40ac390705d540cb9709",
            "f22205aa54c6845ea8e7c269bb10d62fdcddfcea"
        ],
        [
            "5570d71e63f5d28449be40ac390705d540cb9709",
            "f8b482990c3c07189f3c639dd3e250de990fa074"
        ],
        [
            "5570d71e63f5d28449be40ac390705d540cb9709",
            "dabdc0e380a245e400a411741898d0b0e227e01d"
        ],
        [
            "5570d71e63f5d28449be40ac390705d540cb9709",
            "91fc4ea78bd36886c79d0777a2478fc633fe4645"
        ],
        [
            "5570d71e63f5d28449be40ac390705d540cb9709",
            "0ce601787730136f15a87733f33a443faa986d8b"
        ]
    ]
}