{
    "testdir": "/benchmarks/2025-09-23-13-32-57--cpp_misra_gpt5.top5.3/cpp/exercises/practice/spiral-matrix",
    "testcase": "spiral-matrix",
    "model": "openai/gpt-5",
    "edit_format": "diff",
    "tests_outcomes": [
        false,
        false
    ],
    "cost": 0.24624525000000003,
    "duration": 466.9487931728363,
    "test_timeouts": 0,
    "commit_hash": "32faf82-dirty",
    "num_error_outputs": 0,
    "num_user_asks": 8,
    "num_exhausted_context_windows": 0,
    "num_malformed_responses": 0,
    "syntax_errors": 0,
    "indentation_errors": 0,
    "lazy_comments": 0,
    "reasoning_effort": null,
    "prompt_tokens": 54361,
    "completion_tokens": 21559,
    "thinking_tokens": null,
    "chat_hashes": [
        [
            "5a29f5974d4a87ced71fd7b4b1ae521a58381d25",
            "40783e58f452a98c31b8c08d3993a127688ee691"
        ],
        [
            "5a29f5974d4a87ced71fd7b4b1ae521a58381d25",
            "e665d593610789418e79a5b319b99ba36cb6aa63"
        ],
        [
            "5a29f5974d4a87ced71fd7b4b1ae521a58381d25",
            "765188c983db8455cb31b244ebd514a14099871d"
        ],
        [
            "5a29f5974d4a87ced71fd7b4b1ae521a58381d25",
            "3fc8acfab41d9e7a1edd22d91690f41279424b2f"
        ],
        [
            "5a29f5974d4a87ced71fd7b4b1ae521a58381d25",
            "53fd551b440517d7656efde461f66aa8145df289"
        ],
        [
            "5a29f5974d4a87ced71fd7b4b1ae521a58381d25",
            "c7d6268e08e918a0c38aaaeb7314a96518ea345b"
        ],
        [
            "5a29f5974d4a87ced71fd7b4b1ae521a58381d25",
            "33ec07016204255eee6c8b5d709daeeee5da8905"
        ],
        [
            "5a29f5974d4a87ced71fd7b4b1ae521a58381d25",
            "e6b97f2beecf5129eff8bf278b4093cf030a9be2"
        ]
    ]
}