{
    "testdir": "/benchmarks/2025-09-23-17-24-50--cpp_misra_gpt5.top5.15/cpp/exercises/practice/parallel-letter-frequency",
    "testcase": "parallel-letter-frequency",
    "model": "openai/gpt-5",
    "edit_format": "diff",
    "tests_outcomes": [
        false,
        true
    ],
    "cost": 0.18975850000000002,
    "duration": 336.041729927063,
    "test_timeouts": 0,
    "commit_hash": "32faf82-dirty",
    "num_error_outputs": 0,
    "num_user_asks": 2,
    "num_exhausted_context_windows": 0,
    "num_malformed_responses": 0,
    "syntax_errors": 0,
    "indentation_errors": 0,
    "lazy_comments": 0,
    "reasoning_effort": null,
    "prompt_tokens": 26682,
    "completion_tokens": 17311,
    "thinking_tokens": null,
    "chat_hashes": [
        [
            "5a29f5974d4a87ced71fd7b4b1ae521a58381d25",
            "184571dab7680ab18884b13a50575213a0f7c826"
        ],
        [
            "5a29f5974d4a87ced71fd7b4b1ae521a58381d25",
            "bc76b218a380bd41e9556516f17636ba5e7399a4"
        ],
        [
            "5a29f5974d4a87ced71fd7b4b1ae521a58381d25",
            "fe5b8cc99c6404ca3f335088d75840086e1f31f2"
        ],
        [
            "5a29f5974d4a87ced71fd7b4b1ae521a58381d25",
            "3c7aa49e253a02cf5f7a962910087099620688d1"
        ]
    ]
}