{
    "testdir": "/benchmarks/2025-08-26-10-29-21--cpp_misra.top3.1/cpp/exercises/practice/kindergarten-garden",
    "testcase": "kindergarten-garden",
    "model": "gpt-4.1",
    "edit_format": "diff",
    "tests_outcomes": [
        false,
        false
    ],
    "cost": 0.163304,
    "duration": 125.25215935707092,
    "test_timeouts": 0,
    "commit_hash": "32faf82-dirty",
    "num_error_outputs": 0,
    "num_user_asks": 8,
    "num_exhausted_context_windows": 0,
    "num_malformed_responses": 0,
    "syntax_errors": 0,
    "indentation_errors": 0,
    "lazy_comments": 0,
    "reasoning_effort": null,
    "prompt_tokens": 115972,
    "completion_tokens": 2364,
    "thinking_tokens": null,
    "chat_hashes": [
        [
            "dd5eb8c6e1e03320d0933ca63c0164ae9d2a0152",
            "79a147e5ea23fcd6e8142fdf3bbef274d73277bd"
        ],
        [
            "dd5eb8c6e1e03320d0933ca63c0164ae9d2a0152",
            "2cd23bbb447437351aa66198f592daedb62ebe35"
        ],
        [
            "dd5eb8c6e1e03320d0933ca63c0164ae9d2a0152",
            "d0edf9c9c999d3603bffe1efc87357556e58ba9d"
        ],
        [
            "dd5eb8c6e1e03320d0933ca63c0164ae9d2a0152",
            "a3a1b1addb0b0a4161b81b50139b6b7a68c8b973"
        ],
        [
            "dd5eb8c6e1e03320d0933ca63c0164ae9d2a0152",
            "aef48d3bd52a46cab100d92afa055c9f0aea9777"
        ],
        [
            "dd5eb8c6e1e03320d0933ca63c0164ae9d2a0152",
            "94bab2a0abd5e68e0c865b0293c8654d40a8af7f"
        ],
        [
            "dd5eb8c6e1e03320d0933ca63c0164ae9d2a0152",
            "d2cedd145afde5dbd4d98f41462a99f57a6d6653"
        ],
        [
            "dd5eb8c6e1e03320d0933ca63c0164ae9d2a0152",
            "46e489c6cfcc1879d04250c5509e515a0ac1c521"
        ]
    ]
}