{
    "testdir": "/benchmarks/2025-08-31-18-27-14--cpp_misra_o3.top5.4/cpp/exercises/practice/gigasecond",
    "testcase": "gigasecond",
    "model": "o3",
    "edit_format": "diff",
    "tests_outcomes": [
        false,
        false
    ],
    "cost": 0.086586,
    "duration": 112.72442531585693,
    "test_timeouts": 0,
    "commit_hash": "32faf82-dirty",
    "num_error_outputs": 0,
    "num_user_asks": 2,
    "num_exhausted_context_windows": 0,
    "num_malformed_responses": 0,
    "syntax_errors": 0,
    "indentation_errors": 0,
    "lazy_comments": 0,
    "reasoning_effort": null,
    "prompt_tokens": 26817,
    "completion_tokens": 5895,
    "thinking_tokens": null,
    "chat_hashes": [
        [
            "5570d71e63f5d28449be40ac390705d540cb9709",
            "bf00062825bf9a59437acdf89fc9b884844b2e7e"
        ],
        [
            "5570d71e63f5d28449be40ac390705d540cb9709",
            "147416339d1ed6df6f661d9de868c35965c892f7"
        ],
        [
            "5570d71e63f5d28449be40ac390705d540cb9709",
            "923261df31387fda26b9275a41c5b33a2d30f8db"
        ],
        [
            "5570d71e63f5d28449be40ac390705d540cb9709",
            "dc7ee35198e79426468c717e3776974473bc123d"
        ]
    ]
}