{
    "testdir": "/benchmarks/2025-08-26-11-49-19--cpp_misra.top3.12/cpp/exercises/practice/parallel-letter-frequency",
    "testcase": "parallel-letter-frequency",
    "model": "gpt-4.1",
    "edit_format": "diff",
    "tests_outcomes": [
        false,
        false
    ],
    "cost": 0.06814,
    "duration": 51.08057451248169,
    "test_timeouts": 0,
    "commit_hash": "32faf82-dirty",
    "num_error_outputs": 0,
    "num_user_asks": 8,
    "num_exhausted_context_windows": 0,
    "num_malformed_responses": 0,
    "syntax_errors": 0,
    "indentation_errors": 0,
    "lazy_comments": 0,
    "reasoning_effort": null,
    "prompt_tokens": 46846,
    "completion_tokens": 2062,
    "thinking_tokens": null,
    "chat_hashes": [
        [
            "dd5eb8c6e1e03320d0933ca63c0164ae9d2a0152",
            "d00800618c504d19e769b9f7ea29de98f5cbb654"
        ],
        [
            "dd5eb8c6e1e03320d0933ca63c0164ae9d2a0152",
            "6b8ea10abd1a6ad6afca784d68e38d50fb2629a2"
        ],
        [
            "dd5eb8c6e1e03320d0933ca63c0164ae9d2a0152",
            "b26df1d238e0b6d1e3fbce6b8f4cb00ce9980650"
        ],
        [
            "dd5eb8c6e1e03320d0933ca63c0164ae9d2a0152",
            "4803acd0781cff3b58cda1069a7c142746c2460f"
        ],
        [
            "dd5eb8c6e1e03320d0933ca63c0164ae9d2a0152",
            "05d7c55ef17ddeef00ec46f3dda7ff4ed0ba3278"
        ],
        [
            "dd5eb8c6e1e03320d0933ca63c0164ae9d2a0152",
            "875dfb5f0e66022c29b14436106cbdceb8a6d197"
        ],
        [
            "dd5eb8c6e1e03320d0933ca63c0164ae9d2a0152",
            "b02b088993b89b254fde67fd7f0e28a79148bbdc"
        ],
        [
            "dd5eb8c6e1e03320d0933ca63c0164ae9d2a0152",
            "c7f8e86810eb7571596969e7d2272e8ba3525938"
        ]
    ]
}