{
    "testdir": "/benchmarks/2025-09-01-22-09-54--cpp_misra_o3.top10.12/cpp/exercises/practice/clock",
    "testcase": "clock",
    "model": "o3",
    "edit_format": "diff",
    "tests_outcomes": [
        false,
        true
    ],
    "cost": 0.198684,
    "duration": 293.7791476249695,
    "test_timeouts": 0,
    "commit_hash": "32faf82-dirty",
    "num_error_outputs": 0,
    "num_user_asks": 4,
    "num_exhausted_context_windows": 0,
    "num_malformed_responses": 0,
    "syntax_errors": 0,
    "indentation_errors": 0,
    "lazy_comments": 0,
    "reasoning_effort": null,
    "prompt_tokens": 44590,
    "completion_tokens": 17720,
    "thinking_tokens": null,
    "chat_hashes": [
        [
            "5570d71e63f5d28449be40ac390705d540cb9709",
            "0f72aab12796028e94dc2b0e55f8ae506adc4bcd"
        ],
        [
            "5570d71e63f5d28449be40ac390705d540cb9709",
            "fefdcd6347e45386a9741f5794f904514e96b786"
        ],
        [
            "5570d71e63f5d28449be40ac390705d540cb9709",
            "59d5ffc98888eb2105dfa6d61e9a1b776294b45f"
        ],
        [
            "5570d71e63f5d28449be40ac390705d540cb9709",
            "ee0fe92b9dc5cae61068df7dfe658da21ab07bf5"
        ],
        [
            "5570d71e63f5d28449be40ac390705d540cb9709",
            "46b14d3ed591f69f0d53ecb8f06f07f2d099c957"
        ],
        [
            "5570d71e63f5d28449be40ac390705d540cb9709",
            "8062fcd4aea9d42584d369a1e4eb7e5a43472d20"
        ]
    ]
}