{
    "testdir": "/benchmarks/2025-09-23-14-57-47--cpp_misra_gpt5.top5.7/cpp/exercises/practice/grade-school",
    "testcase": "grade-school",
    "model": "openai/gpt-5",
    "edit_format": "diff",
    "tests_outcomes": [
        false,
        true
    ],
    "cost": 0.74812375,
    "duration": 835.8209874629974,
    "test_timeouts": 0,
    "commit_hash": "32faf82-dirty",
    "num_error_outputs": 1,
    "num_user_asks": 7,
    "num_exhausted_context_windows": 0,
    "num_malformed_responses": 1,
    "syntax_errors": 0,
    "indentation_errors": 0,
    "lazy_comments": 0,
    "reasoning_effort": null,
    "prompt_tokens": 515635,
    "completion_tokens": 25262,
    "thinking_tokens": null,
    "chat_hashes": [
        [
            "5a29f5974d4a87ced71fd7b4b1ae521a58381d25",
            "06e663df3c6a6cd045baa2617d1b471bab3b65f1"
        ],
        [
            "5a29f5974d4a87ced71fd7b4b1ae521a58381d25",
            "3f8026993098708e984ffe2e04bd79ee189b266d"
        ],
        [
            "5a29f5974d4a87ced71fd7b4b1ae521a58381d25",
            "2ef94e3fc374df23dda990fb7ddda6a4897bfb9a"
        ],
        [
            "5a29f5974d4a87ced71fd7b4b1ae521a58381d25",
            "053f71bd043531fce23e46623aa1fccb53ffd10b"
        ],
        [
            "5a29f5974d4a87ced71fd7b4b1ae521a58381d25",
            "2761084c39346888919943fdc6f1d27fe5fdb32d"
        ],
        [
            "5a29f5974d4a87ced71fd7b4b1ae521a58381d25",
            "8e336606da2e53d6d13154740c13ac192131274e"
        ],
        [
            "5a29f5974d4a87ced71fd7b4b1ae521a58381d25",
            "dd03a4541a614b0cf84a70cd6edd0efb7d71825c"
        ],
        [
            "5a29f5974d4a87ced71fd7b4b1ae521a58381d25",
            "38ff1a65a2ff9eb8573379eb9102bfe7f8d2be40"
        ]
    ]
}