{
    "testdir": "/benchmarks/2025-08-21-13-05-31--misracpp_baseline.12/cpp/exercises/practice/queen-attack",
    "testcase": "queen-attack",
    "model": "gpt-4.1",
    "edit_format": "diff",
    "tests_outcomes": [
        false,
        true
    ],
    "cost": 0.056444,
    "duration": 45.36837816238403,
    "test_timeouts": 0,
    "commit_hash": "32faf82-dirty",
    "num_error_outputs": 0,
    "num_user_asks": 6,
    "num_exhausted_context_windows": 0,
    "num_malformed_responses": 0,
    "syntax_errors": 0,
    "indentation_errors": 0,
    "lazy_comments": 0,
    "reasoning_effort": null,
    "prompt_tokens": 38122,
    "completion_tokens": 1605,
    "thinking_tokens": null,
    "chat_hashes": [
        [
            "dd5eb8c6e1e03320d0933ca63c0164ae9d2a0152",
            "22a2cf3cc062d9d2b1d1d5494abbe8dc2622b0fb"
        ],
        [
            "dd5eb8c6e1e03320d0933ca63c0164ae9d2a0152",
            "719e53763b927c97c3ee386ce9e25e24654d3df1"
        ],
        [
            "dd5eb8c6e1e03320d0933ca63c0164ae9d2a0152",
            "4c6936263ea0e567d4c89bb08314730dc1be9c4f"
        ],
        [
            "dd5eb8c6e1e03320d0933ca63c0164ae9d2a0152",
            "a9c277118aa92c1e70e0eb6c5873bceccfd40cd0"
        ],
        [
            "dd5eb8c6e1e03320d0933ca63c0164ae9d2a0152",
            "b65da5421cce631fbade55adc5f8e92b650cea56"
        ],
        [
            "dd5eb8c6e1e03320d0933ca63c0164ae9d2a0152",
            "b2e6a7a577417f2d8f36a6459ebea4b2c2695ffd"
        ],
        [
            "dd5eb8c6e1e03320d0933ca63c0164ae9d2a0152",
            "b65da5421cce631fbade55adc5f8e92b650cea56"
        ]
    ]
}