{
    "testdir": "/benchmarks/2025-09-19-18-24-12--misracpp_baseline_gpt5.14/cpp/exercises/practice/allergies",
    "testcase": "allergies",
    "model": "openai/gpt-5",
    "edit_format": "diff",
    "tests_outcomes": [
        false,
        false
    ],
    "cost": 0.1012885,
    "duration": 168.5599262714386,
    "test_timeouts": 0,
    "commit_hash": "32faf82-dirty",
    "num_error_outputs": 2,
    "num_user_asks": 3,
    "num_exhausted_context_windows": 0,
    "num_malformed_responses": 1,
    "syntax_errors": 0,
    "indentation_errors": 0,
    "lazy_comments": 0,
    "reasoning_effort": null,
    "prompt_tokens": 15370,
    "completion_tokens": 8798,
    "thinking_tokens": null,
    "chat_hashes": [
        [
            "5a29f5974d4a87ced71fd7b4b1ae521a58381d25",
            "79d435d0cabaf6c8b0841762ebfdf6f9fb77c862"
        ],
        [
            "5a29f5974d4a87ced71fd7b4b1ae521a58381d25",
            "bd5e1437d44651682e16255d737a871488bc415d"
        ],
        [
            "5a29f5974d4a87ced71fd7b4b1ae521a58381d25",
            "c9f61af5a74c458623063adee406bcd862034904"
        ],
        [
            "5a29f5974d4a87ced71fd7b4b1ae521a58381d25",
            "199acc0abc648f19d0c99aa33cc8b21459da352b"
        ]
    ]
}