{
    "testdir": "/benchmarks/2025-09-23-16-52-24--cpp_misra_gpt5.top5.13/cpp/exercises/practice/meetup",
    "testcase": "meetup",
    "model": "openai/gpt-5",
    "edit_format": "diff",
    "tests_outcomes": [
        false,
        false
    ],
    "cost": 0.396243,
    "duration": 670.4846031665802,
    "test_timeouts": 0,
    "commit_hash": "32faf82-dirty",
    "num_error_outputs": 1,
    "num_user_asks": 4,
    "num_exhausted_context_windows": 0,
    "num_malformed_responses": 1,
    "syntax_errors": 0,
    "indentation_errors": 0,
    "lazy_comments": 0,
    "reasoning_effort": null,
    "prompt_tokens": 94500,
    "completion_tokens": 31311,
    "thinking_tokens": null,
    "chat_hashes": [
        [
            "5a29f5974d4a87ced71fd7b4b1ae521a58381d25",
            "068eb0001c7b74dc92253733ee2abc2d5bd91e9b"
        ],
        [
            "5a29f5974d4a87ced71fd7b4b1ae521a58381d25",
            "ab49b4f28560f56683a2dfd800d995c4ab512099"
        ],
        [
            "5a29f5974d4a87ced71fd7b4b1ae521a58381d25",
            "456cb7c8c62d16ce76622d4bd0228160074512ec"
        ],
        [
            "5a29f5974d4a87ced71fd7b4b1ae521a58381d25",
            "95270f0d39baf1fed15f6d5921d91a48d695d948"
        ],
        [
            "5a29f5974d4a87ced71fd7b4b1ae521a58381d25",
            "312eac50825ac9b56e7de5f011297634ad608ddb"
        ],
        [
            "5a29f5974d4a87ced71fd7b4b1ae521a58381d25",
            "9a4041cec4f759a04b8a3176c113ecb56352fd73"
        ]
    ]
}