{
    "testdir": "/benchmarks/2025-09-19-15-30-29--misracpp_baseline_gpt5.3/cpp/exercises/practice/crypto-square",
    "testcase": "crypto-square",
    "model": "openai/gpt-5",
    "edit_format": "diff",
    "tests_outcomes": [
        true
    ],
    "cost": 0.09853375,
    "duration": 216.2301263809204,
    "test_timeouts": 0,
    "commit_hash": "32faf82-dirty",
    "num_error_outputs": 1,
    "num_user_asks": 3,
    "num_exhausted_context_windows": 0,
    "num_malformed_responses": 1,
    "syntax_errors": 0,
    "indentation_errors": 0,
    "lazy_comments": 0,
    "reasoning_effort": null,
    "prompt_tokens": 17075,
    "completion_tokens": 8655,
    "thinking_tokens": null,
    "chat_hashes": [
        [
            "5a29f5974d4a87ced71fd7b4b1ae521a58381d25",
            "192a6eab7a28eab040a01dd07d21173c89d7cd34"
        ],
        [
            "5a29f5974d4a87ced71fd7b4b1ae521a58381d25",
            "0f40627ac4495480f8d7561722f6e172d37cb9e6"
        ],
        [
            "5a29f5974d4a87ced71fd7b4b1ae521a58381d25",
            "417620fe67dd202fe18b72cdce620b894f329c1a"
        ],
        [
            "5a29f5974d4a87ced71fd7b4b1ae521a58381d25",
            "5348d9708c4d9de6260dc25e562e4c5fb24f2bfb"
        ]
    ]
}