{
    "testdir": "/benchmarks/2025-08-22-11-41-07--misracpp_baseline_deepseek-chat.16/cpp/exercises/practice/robot-name",
    "testcase": "robot-name",
    "model": "deepseek/deepseek-chat",
    "edit_format": "diff",
    "tests_outcomes": [
        true
    ],
    "cost": 0.00607768,
    "duration": 180.20939588546753,
    "test_timeouts": 0,
    "commit_hash": "32faf82-dirty",
    "num_error_outputs": 0,
    "num_user_asks": 3,
    "num_exhausted_context_windows": 0,
    "num_malformed_responses": 0,
    "syntax_errors": 0,
    "indentation_errors": 0,
    "lazy_comments": 0,
    "reasoning_effort": null,
    "prompt_tokens": 16774,
    "completion_tokens": 3549,
    "thinking_tokens": null,
    "chat_hashes": [
        [
            "d229a439b83a277ab75364ece3dd8437f0cca388",
            "defd932b388a4965bd6b02ac5b3f45f6aef8875a"
        ],
        [
            "d229a439b83a277ab75364ece3dd8437f0cca388",
            "2f6b2ce8ad5ce0184134bcf1e20de8c61754e88e"
        ],
        [
            "d229a439b83a277ab75364ece3dd8437f0cca388",
            "19e3f4870703aaebb4e6cb57652d13996b8b1c4e"
        ],
        [
            "d229a439b83a277ab75364ece3dd8437f0cca388",
            "ffc3427e70feaf6f72c5f624fd6ae04f5dad78b7"
        ]
    ]
}