{
    "testdir": "/benchmarks/2025-09-23-18-54-08--cpp_misra_gpt5.top5.19/cpp/exercises/practice/parallel-letter-frequency",
    "testcase": "parallel-letter-frequency",
    "model": "openai/gpt-5",
    "edit_format": "diff",
    "tests_outcomes": [
        false,
        true
    ],
    "cost": 0.30645575,
    "duration": 426.6660306453705,
    "test_timeouts": 0,
    "commit_hash": "32faf82-dirty",
    "num_error_outputs": 0,
    "num_user_asks": 6,
    "num_exhausted_context_windows": 0,
    "num_malformed_responses": 0,
    "syntax_errors": 0,
    "indentation_errors": 0,
    "lazy_comments": 0,
    "reasoning_effort": null,
    "prompt_tokens": 48963,
    "completion_tokens": 28082,
    "thinking_tokens": null,
    "chat_hashes": [
        [
            "5a29f5974d4a87ced71fd7b4b1ae521a58381d25",
            "d5b9bd239b025a92e7c759d726395fec8a56c727"
        ],
        [
            "5a29f5974d4a87ced71fd7b4b1ae521a58381d25",
            "d1ef78efc44a61f3ee99f2c2a14d2f94e882bf3f"
        ],
        [
            "5a29f5974d4a87ced71fd7b4b1ae521a58381d25",
            "1b44e28316e3cbd5adb2c81459510447a4d93a4c"
        ],
        [
            "5a29f5974d4a87ced71fd7b4b1ae521a58381d25",
            "0d14ab553137fca0a9d965d21b1c6d66f6621dd9"
        ],
        [
            "5a29f5974d4a87ced71fd7b4b1ae521a58381d25",
            "42b568fd929bf7b686f858fb0a86650434fe1986"
        ],
        [
            "5a29f5974d4a87ced71fd7b4b1ae521a58381d25",
            "1af3fe0a6eb4a8c505605d73e17791f70d801ba4"
        ],
        [
            "5a29f5974d4a87ced71fd7b4b1ae521a58381d25",
            "48853609728ae5b90de9e8b3ca608060a17442ca"
        ]
    ]
}