{
    "testdir": "/benchmarks/2025-09-19-16-02-19--misracpp_baseline_gpt5.5/cpp/exercises/practice/grade-school",
    "testcase": "grade-school",
    "model": "openai/gpt-5",
    "edit_format": "diff",
    "tests_outcomes": [
        true
    ],
    "cost": 0.1049555,
    "duration": 202.23074507713318,
    "test_timeouts": 0,
    "commit_hash": "32faf82-dirty",
    "num_error_outputs": 1,
    "num_user_asks": 3,
    "num_exhausted_context_windows": 0,
    "num_malformed_responses": 1,
    "syntax_errors": 0,
    "indentation_errors": 0,
    "lazy_comments": 0,
    "reasoning_effort": null,
    "prompt_tokens": 14310,
    "completion_tokens": 9542,
    "thinking_tokens": null,
    "chat_hashes": [
        [
            "5a29f5974d4a87ced71fd7b4b1ae521a58381d25",
            "324994527c776a1ce84c8f0d6171fe12cd246d8f"
        ],
        [
            "5a29f5974d4a87ced71fd7b4b1ae521a58381d25",
            "907082c87a4f7ef46390a68790295e68d1a0bbd8"
        ],
        [
            "5a29f5974d4a87ced71fd7b4b1ae521a58381d25",
            "9fb67cf6d120c2c4761c5a9601dd187fa91f7690"
        ],
        [
            "5a29f5974d4a87ced71fd7b4b1ae521a58381d25",
            "76c10a3549f3afeaf14c67819058ef2c41ba8364"
        ]
    ]
}