{
    "testdir": "/benchmarks/2025-08-31-20-45-28--cpp_misra_deepseek-chat.top5.1/cpp/exercises/practice/gigasecond",
    "testcase": "gigasecond",
    "model": "deepseek/deepseek-chat",
    "edit_format": "diff",
    "tests_outcomes": [
        false,
        true
    ],
    "cost": 0.01047282,
    "duration": 271.98475193977356,
    "test_timeouts": 0,
    "commit_hash": "32faf82-dirty",
    "num_error_outputs": 0,
    "num_user_asks": 3,
    "num_exhausted_context_windows": 0,
    "num_malformed_responses": 0,
    "syntax_errors": 0,
    "indentation_errors": 0,
    "lazy_comments": 0,
    "reasoning_effort": null,
    "prompt_tokens": 33056,
    "completion_tokens": 4863,
    "thinking_tokens": null,
    "chat_hashes": [
        [
            "d229a439b83a277ab75364ece3dd8437f0cca388",
            "a017b531c67de0661753880479ebb1143b159d09"
        ],
        [
            "d229a439b83a277ab75364ece3dd8437f0cca388",
            "2394bdfd77d6100dc32989e5cd23938dd4ec527f"
        ],
        [
            "d229a439b83a277ab75364ece3dd8437f0cca388",
            "19b3bacffc2a3e4165b9024f8865390fefe31790"
        ],
        [
            "d229a439b83a277ab75364ece3dd8437f0cca388",
            "b7d17f2b4cfde9ee369a69076f86d6ce1d295190"
        ],
        [
            "d229a439b83a277ab75364ece3dd8437f0cca388",
            "e94cdbd056568294e4b81ada79d6bfb48934408c"
        ]
    ]
}