{
    "testdir": "/benchmarks/2025-08-26-11-00-16--cpp_misra.top3.2/cpp/exercises/practice/clock",
    "testcase": "clock",
    "model": "gpt-4.1",
    "edit_format": "diff",
    "tests_outcomes": [
        false,
        false
    ],
    "cost": 0.074378,
    "duration": 113.37734150886536,
    "test_timeouts": 0,
    "commit_hash": "32faf82-dirty",
    "num_error_outputs": 0,
    "num_user_asks": 8,
    "num_exhausted_context_windows": 0,
    "num_malformed_responses": 0,
    "syntax_errors": 0,
    "indentation_errors": 0,
    "lazy_comments": 0,
    "reasoning_effort": null,
    "prompt_tokens": 45429,
    "completion_tokens": 2932,
    "thinking_tokens": null,
    "chat_hashes": [
        [
            "dd5eb8c6e1e03320d0933ca63c0164ae9d2a0152",
            "a76a985d277e5f726db905e062dc50e3ff726932"
        ],
        [
            "dd5eb8c6e1e03320d0933ca63c0164ae9d2a0152",
            "ee0a0844c80e8adbfab12a44815f7b224f632644"
        ],
        [
            "dd5eb8c6e1e03320d0933ca63c0164ae9d2a0152",
            "c0854c0117ea57fdc4e1baec59f1add1e6564ab3"
        ],
        [
            "dd5eb8c6e1e03320d0933ca63c0164ae9d2a0152",
            "ee0a0844c80e8adbfab12a44815f7b224f632644"
        ],
        [
            "dd5eb8c6e1e03320d0933ca63c0164ae9d2a0152",
            "bf07290ce54c52f746ef028246ef9d72bd85c841"
        ],
        [
            "dd5eb8c6e1e03320d0933ca63c0164ae9d2a0152",
            "766a6e1bd3f7932d15196e68ef0e12272b73637d"
        ],
        [
            "dd5eb8c6e1e03320d0933ca63c0164ae9d2a0152",
            "48d95000fbaad56f23c94fb9d2026560b23182cd"
        ],
        [
            "dd5eb8c6e1e03320d0933ca63c0164ae9d2a0152",
            "8b0ea615537875fafd986a2b0e9cecfd16c5ea96"
        ]
    ]
}