{
    "testdir": "/benchmarks/2025-09-01-01-37-15--cpp_misra_deepseek-chat.top5.15/cpp/exercises/practice/binary-search-tree",
    "testcase": "binary-search-tree",
    "model": "deepseek/deepseek-chat",
    "edit_format": "diff",
    "tests_outcomes": [
        false,
        false
    ],
    "cost": 0.02641917,
    "duration": 570.7060079574585,
    "test_timeouts": 0,
    "commit_hash": "32faf82-dirty",
    "num_error_outputs": 1,
    "num_user_asks": 7,
    "num_exhausted_context_windows": 0,
    "num_malformed_responses": 1,
    "syntax_errors": 0,
    "indentation_errors": 0,
    "lazy_comments": 0,
    "reasoning_effort": null,
    "prompt_tokens": 111501,
    "completion_tokens": 10473,
    "thinking_tokens": null,
    "chat_hashes": [
        [
            "d229a439b83a277ab75364ece3dd8437f0cca388",
            "bb3615755059bdadef70627b215cc95bc7dce0db"
        ],
        [
            "d229a439b83a277ab75364ece3dd8437f0cca388",
            "f3e133f00893d98866ce6c362b8d5f119b99d451"
        ],
        [
            "d229a439b83a277ab75364ece3dd8437f0cca388",
            "07d618e69a42935946d314191128f194dea51b5e"
        ],
        [
            "d229a439b83a277ab75364ece3dd8437f0cca388",
            "baab44be4f5b122a8d4e7ca8821851db55cc370d"
        ],
        [
            "d229a439b83a277ab75364ece3dd8437f0cca388",
            "7df0cc7d517a13a8e4b42ac4ba49405fd35577b2"
        ],
        [
            "d229a439b83a277ab75364ece3dd8437f0cca388",
            "4f28152a4e6332167c0e0a0debac471123bcccc8"
        ],
        [
            "d229a439b83a277ab75364ece3dd8437f0cca388",
            "c15b4c84072740ec62ec13c7159410ddc2c2d7aa"
        ],
        [
            "d229a439b83a277ab75364ece3dd8437f0cca388",
            "cf2cc01881fcc8fd6c694fb97b232ff721d85223"
        ]
    ]
}