{
    "testdir": "/benchmarks/2025-08-26-12-20-03--cpp_misra.top3.19/cpp/exercises/practice/dnd-character",
    "testcase": "dnd-character",
    "model": "gpt-4.1",
    "edit_format": "diff",
    "tests_outcomes": [
        false,
        false
    ],
    "cost": 0.103492,
    "duration": 129.0494089126587,
    "test_timeouts": 0,
    "commit_hash": "32faf82-dirty",
    "num_error_outputs": 0,
    "num_user_asks": 8,
    "num_exhausted_context_windows": 0,
    "num_malformed_responses": 0,
    "syntax_errors": 0,
    "indentation_errors": 0,
    "lazy_comments": 0,
    "reasoning_effort": null,
    "prompt_tokens": 72230,
    "completion_tokens": 3447,
    "thinking_tokens": null,
    "chat_hashes": [
        [
            "dd5eb8c6e1e03320d0933ca63c0164ae9d2a0152",
            "ebd4252e26a5d7f58ce38e9020c3775a3dc06d00"
        ],
        [
            "dd5eb8c6e1e03320d0933ca63c0164ae9d2a0152",
            "a7ff77f803fbc127641a5c9288512954e10bf435"
        ],
        [
            "dd5eb8c6e1e03320d0933ca63c0164ae9d2a0152",
            "704ef7c4c92eee58ac3d9bd13ce29651a29e1d84"
        ],
        [
            "dd5eb8c6e1e03320d0933ca63c0164ae9d2a0152",
            "742312e55511cfb994fc9be8a705eb07355ae634"
        ],
        [
            "dd5eb8c6e1e03320d0933ca63c0164ae9d2a0152",
            "bf2523565abe69d2712c1b5a0e27b7b427b28608"
        ],
        [
            "dd5eb8c6e1e03320d0933ca63c0164ae9d2a0152",
            "bc54d769dcc5fe4d23099fdfa92a9f47ba440b00"
        ],
        [
            "dd5eb8c6e1e03320d0933ca63c0164ae9d2a0152",
            "b9cad297fed987451b495bc461e318fb47dfef51"
        ],
        [
            "dd5eb8c6e1e03320d0933ca63c0164ae9d2a0152",
            "3353d4178c2d76401b50761f7bc81f04c1f7ac9e"
        ]
    ]
}