{
    "testdir": "/benchmarks/2025-09-19-16-30-38--misracpp_baseline_gpt5.7/cpp/exercises/practice/diamond",
    "testcase": "diamond",
    "model": "openai/gpt-5",
    "edit_format": "diff",
    "tests_outcomes": [
        false,
        true
    ],
    "cost": 0.20758274999999998,
    "duration": 329.81333112716675,
    "test_timeouts": 0,
    "commit_hash": "32faf82-dirty",
    "num_error_outputs": 0,
    "num_user_asks": 8,
    "num_exhausted_context_windows": 0,
    "num_malformed_responses": 0,
    "syntax_errors": 0,
    "indentation_errors": 0,
    "lazy_comments": 0,
    "reasoning_effort": null,
    "prompt_tokens": 41391,
    "completion_tokens": 18306,
    "thinking_tokens": null,
    "chat_hashes": [
        [
            "5a29f5974d4a87ced71fd7b4b1ae521a58381d25",
            "152fbe9feaae889306ec05a7e32f234590535db8"
        ],
        [
            "5a29f5974d4a87ced71fd7b4b1ae521a58381d25",
            "bc271460d7984ab851ff8705c084516a69ba3b78"
        ],
        [
            "5a29f5974d4a87ced71fd7b4b1ae521a58381d25",
            "b12c6d5834a2141b7afe39f89a01445260884c29"
        ],
        [
            "5a29f5974d4a87ced71fd7b4b1ae521a58381d25",
            "f06fd03faab8dc37ffa3f8e6845fe988662c667e"
        ],
        [
            "5a29f5974d4a87ced71fd7b4b1ae521a58381d25",
            "6d5316343ba94def8c5e2540cfe64593fdfdd9d9"
        ],
        [
            "5a29f5974d4a87ced71fd7b4b1ae521a58381d25",
            "18b69b10bdf9d3d6c7d57f423309a3340e36c7e8"
        ],
        [
            "5a29f5974d4a87ced71fd7b4b1ae521a58381d25",
            "9c85d0541237a6243e28f027ce9b26adac9d702c"
        ],
        [
            "5a29f5974d4a87ced71fd7b4b1ae521a58381d25",
            "ad865d84fb0d5ca73ac0a9556288744cafb3da63"
        ]
    ]
}