{
    "testdir": "/benchmarks/2025-08-22-11-41-07--misracpp_baseline_deepseek-chat.16/cpp/exercises/practice/circular-buffer",
    "testcase": "circular-buffer",
    "model": "deepseek/deepseek-chat",
    "edit_format": "diff",
    "tests_outcomes": [
        true
    ],
    "cost": 0.007928290000000001,
    "duration": 247.88254809379578,
    "test_timeouts": 0,
    "commit_hash": "32faf82-dirty",
    "num_error_outputs": 0,
    "num_user_asks": 4,
    "num_exhausted_context_windows": 0,
    "num_malformed_responses": 0,
    "syntax_errors": 0,
    "indentation_errors": 0,
    "lazy_comments": 0,
    "reasoning_effort": null,
    "prompt_tokens": 22127,
    "completion_tokens": 4348,
    "thinking_tokens": null,
    "chat_hashes": [
        [
            "d229a439b83a277ab75364ece3dd8437f0cca388",
            "4df7f567323c46b9e192ec26ec2bb404fdb3ec47"
        ],
        [
            "d229a439b83a277ab75364ece3dd8437f0cca388",
            "b85c618466bddbd3e5e9164b2a9b17365b45d487"
        ],
        [
            "d229a439b83a277ab75364ece3dd8437f0cca388",
            "c34df6581bd876cb1a0f75a4f413f99e1835b7b8"
        ],
        [
            "d229a439b83a277ab75364ece3dd8437f0cca388",
            "5b34dea5848d5fd35fb7181535b19b350bcca778"
        ]
    ]
}