{
    "testdir": "/benchmarks/2025-09-19-17-22-52--misracpp_baseline_gpt5.10/cpp/exercises/practice/dnd-character",
    "testcase": "dnd-character",
    "model": "openai/gpt-5",
    "edit_format": "diff",
    "tests_outcomes": [
        false,
        true
    ],
    "cost": 0.12244050000000001,
    "duration": 171.7179000377655,
    "test_timeouts": 0,
    "commit_hash": "32faf82-dirty",
    "num_error_outputs": 0,
    "num_user_asks": 4,
    "num_exhausted_context_windows": 0,
    "num_malformed_responses": 0,
    "syntax_errors": 0,
    "indentation_errors": 0,
    "lazy_comments": 0,
    "reasoning_effort": null,
    "prompt_tokens": 23354,
    "completion_tokens": 10880,
    "thinking_tokens": null,
    "chat_hashes": [
        [
            "5a29f5974d4a87ced71fd7b4b1ae521a58381d25",
            "e0b12220480c0ef09888e1e7025e47f7bee03c68"
        ],
        [
            "5a29f5974d4a87ced71fd7b4b1ae521a58381d25",
            "6d5cd057dce99b0c722da6688070d957b8685b46"
        ],
        [
            "5a29f5974d4a87ced71fd7b4b1ae521a58381d25",
            "c33d7668e7ca441d0bf8aee62ec1400d6281930d"
        ],
        [
            "5a29f5974d4a87ced71fd7b4b1ae521a58381d25",
            "6d5cd057dce99b0c722da6688070d957b8685b46"
        ],
        [
            "5a29f5974d4a87ced71fd7b4b1ae521a58381d25",
            "a6031d65a1410f76cfe16d7437d2173ac755ff8e"
        ]
    ]
}