{
    "testdir": "/benchmarks/2025-09-19-16-17-29--misracpp_baseline_gpt5.6/cpp/exercises/practice/kindergarten-garden",
    "testcase": "kindergarten-garden",
    "model": "openai/gpt-5",
    "edit_format": "diff",
    "tests_outcomes": [
        false,
        true
    ],
    "cost": 0.17810725,
    "duration": 270.6824004650116,
    "test_timeouts": 0,
    "commit_hash": "32faf82-dirty",
    "num_error_outputs": 0,
    "num_user_asks": 2,
    "num_exhausted_context_windows": 0,
    "num_malformed_responses": 0,
    "syntax_errors": 0,
    "indentation_errors": 0,
    "lazy_comments": 0,
    "reasoning_effort": null,
    "prompt_tokens": 50281,
    "completion_tokens": 12404,
    "thinking_tokens": null,
    "chat_hashes": [
        [
            "5a29f5974d4a87ced71fd7b4b1ae521a58381d25",
            "e669f448dc1d65aff5cd229532079454c14831f5"
        ],
        [
            "5a29f5974d4a87ced71fd7b4b1ae521a58381d25",
            "dcff92b7fee830c56b3c995a2d42634847626275"
        ],
        [
            "5a29f5974d4a87ced71fd7b4b1ae521a58381d25",
            "d05d4f843357d84f031e3fd7d166063c2fbddd5f"
        ],
        [
            "5a29f5974d4a87ced71fd7b4b1ae521a58381d25",
            "9457dd7bef87e7d9c86904971c09cb36fd1af79e"
        ]
    ]
}