{
    "testdir": "/benchmarks/2025-09-19-19-19-06--misracpp_baseline_gpt5.18/cpp/exercises/practice/binary-search-tree",
    "testcase": "binary-search-tree",
    "model": "openai/gpt-5",
    "edit_format": "diff",
    "tests_outcomes": [
        false,
        true
    ],
    "cost": 0.25551875,
    "duration": 631.0388879776001,
    "test_timeouts": 0,
    "commit_hash": "32faf82-dirty",
    "num_error_outputs": 1,
    "num_user_asks": 5,
    "num_exhausted_context_windows": 0,
    "num_malformed_responses": 1,
    "syntax_errors": 0,
    "indentation_errors": 0,
    "lazy_comments": 0,
    "reasoning_effort": null,
    "prompt_tokens": 70455,
    "completion_tokens": 20561,
    "thinking_tokens": null,
    "chat_hashes": [
        [
            "5a29f5974d4a87ced71fd7b4b1ae521a58381d25",
            "b86cb518fb4a6bb1430bf966e0b3a4e81233326d"
        ],
        [
            "5a29f5974d4a87ced71fd7b4b1ae521a58381d25",
            "67643daba509f2b75706dad5f65b7d19d36e7b24"
        ],
        [
            "5a29f5974d4a87ced71fd7b4b1ae521a58381d25",
            "a9197424ca85526a812144216f37d2102b589e8a"
        ],
        [
            "5a29f5974d4a87ced71fd7b4b1ae521a58381d25",
            "f6763e60a1858cc245e2a913dfd7094736455698"
        ],
        [
            "5a29f5974d4a87ced71fd7b4b1ae521a58381d25",
            "72e3b78c039ef03f58c46191baa0f0c213b8afce"
        ],
        [
            "5a29f5974d4a87ced71fd7b4b1ae521a58381d25",
            "cca6081d029aea0b4b725ea292b6e079921a997b"
        ],
        [
            "5a29f5974d4a87ced71fd7b4b1ae521a58381d25",
            "45220deed172c8cca202517fab0b65300f18cff6"
        ]
    ]
}