{
    "testdir": "/benchmarks/2025-08-31-18-20-34--cpp_misra_o3.top5.3/cpp/exercises/practice/crypto-square",
    "testcase": "crypto-square",
    "model": "o3",
    "edit_format": "diff",
    "tests_outcomes": [
        false,
        false
    ],
    "cost": 0.160358,
    "duration": 241.79277920722961,
    "test_timeouts": 0,
    "commit_hash": "32faf82-dirty",
    "num_error_outputs": 0,
    "num_user_asks": 2,
    "num_exhausted_context_windows": 0,
    "num_malformed_responses": 0,
    "syntax_errors": 0,
    "indentation_errors": 0,
    "lazy_comments": 0,
    "reasoning_effort": null,
    "prompt_tokens": 26575,
    "completion_tokens": 15753,
    "thinking_tokens": null,
    "chat_hashes": [
        [
            "5570d71e63f5d28449be40ac390705d540cb9709",
            "15fab5c2b93801720ae36755e3a5020744b75d9e"
        ],
        [
            "5570d71e63f5d28449be40ac390705d540cb9709",
            "21182b028dbd995783754bc1b492c71dc55b67d3"
        ],
        [
            "5570d71e63f5d28449be40ac390705d540cb9709",
            "425154c3700ec2baf201da682ef946b8010cf8a4"
        ],
        [
            "5570d71e63f5d28449be40ac390705d540cb9709",
            "3a6a638d6ac0b1ae9536afbd19c52a40563f0c9b"
        ]
    ]
}