{
    "testdir": "/benchmarks/2025-09-23-15-56-44--cpp_misra_gpt5.top5.10/cpp/exercises/practice/dnd-character",
    "testcase": "dnd-character",
    "model": "openai/gpt-5",
    "edit_format": "diff",
    "tests_outcomes": [
        false,
        true
    ],
    "cost": 0.2960625,
    "duration": 816.4475076198578,
    "test_timeouts": 0,
    "commit_hash": "32faf82-dirty",
    "num_error_outputs": 0,
    "num_user_asks": 6,
    "num_exhausted_context_windows": 0,
    "num_malformed_responses": 0,
    "syntax_errors": 0,
    "indentation_errors": 0,
    "lazy_comments": 0,
    "reasoning_effort": null,
    "prompt_tokens": 53914,
    "completion_tokens": 27115,
    "thinking_tokens": null,
    "chat_hashes": [
        [
            "5a29f5974d4a87ced71fd7b4b1ae521a58381d25",
            "89c3c23f8a0899048d397f27c7d081d9162d75da"
        ],
        [
            "5a29f5974d4a87ced71fd7b4b1ae521a58381d25",
            "b36e0ca6dd55e469934a91cd4746c93e0fbd4648"
        ],
        [
            "5a29f5974d4a87ced71fd7b4b1ae521a58381d25",
            "19539ac3fef30ae47a049df2606fefc0f03222cb"
        ],
        [
            "5a29f5974d4a87ced71fd7b4b1ae521a58381d25",
            "2f886cd2a620340d8745a3bf87aed56e7d92b411"
        ],
        [
            "5a29f5974d4a87ced71fd7b4b1ae521a58381d25",
            "1f0634d53df3a848ebcc889609dc16d7a5bab8a1"
        ],
        [
            "5a29f5974d4a87ced71fd7b4b1ae521a58381d25",
            "09e8c7441aeb8d7641e21f7cd3ae0384cdb9e190"
        ],
        [
            "5a29f5974d4a87ced71fd7b4b1ae521a58381d25",
            "75382999caaf7bf19fb14e1f645ee89b321165b1"
        ]
    ]
}