{
    "testdir": "/benchmarks/2025-08-22-09-29-57--misracpp_baseline_deepseek-chat.10/cpp/exercises/practice/crypto-square",
    "testcase": "crypto-square",
    "model": "deepseek/deepseek-chat",
    "edit_format": "diff",
    "tests_outcomes": [
        false,
        true
    ],
    "cost": 0.01051318,
    "duration": 299.72164702415466,
    "test_timeouts": 0,
    "commit_hash": "32faf82-dirty",
    "num_error_outputs": 0,
    "num_user_asks": 2,
    "num_exhausted_context_windows": 0,
    "num_malformed_responses": 0,
    "syntax_errors": 0,
    "indentation_errors": 0,
    "lazy_comments": 0,
    "reasoning_effort": null,
    "prompt_tokens": 27044,
    "completion_tokens": 5619,
    "thinking_tokens": null,
    "chat_hashes": [
        [
            "d229a439b83a277ab75364ece3dd8437f0cca388",
            "4b16dfc5a7275998ec21f747ece38c89395cecb2"
        ],
        [
            "d229a439b83a277ab75364ece3dd8437f0cca388",
            "5d7c77fc90be8c461b5a49c7a18c51b9e9b1cf23"
        ],
        [
            "d229a439b83a277ab75364ece3dd8437f0cca388",
            "476a8e75d389703d7a8dd561948d04d75d79d82e"
        ],
        [
            "d229a439b83a277ab75364ece3dd8437f0cca388",
            "0166a25f569356cb84603e7b882fb17980007ec8"
        ]
    ]
}