{
    "testdir": "/benchmarks/2025-09-19-18-57-30--misracpp_baseline_gpt5.17/cpp/exercises/practice/queen-attack",
    "testcase": "queen-attack",
    "model": "openai/gpt-5",
    "edit_format": "diff",
    "tests_outcomes": [
        false,
        true
    ],
    "cost": 0.11180550000000002,
    "duration": 207.8656301498413,
    "test_timeouts": 0,
    "commit_hash": "32faf82-dirty",
    "num_error_outputs": 1,
    "num_user_asks": 3,
    "num_exhausted_context_windows": 0,
    "num_malformed_responses": 1,
    "syntax_errors": 0,
    "indentation_errors": 0,
    "lazy_comments": 0,
    "reasoning_effort": null,
    "prompt_tokens": 19174,
    "completion_tokens": 9763,
    "thinking_tokens": null,
    "chat_hashes": [
        [
            "5a29f5974d4a87ced71fd7b4b1ae521a58381d25",
            "80fba3da8cccb0f3e812f97940f18d0dc194e2b9"
        ],
        [
            "5a29f5974d4a87ced71fd7b4b1ae521a58381d25",
            "8517eb6776be4768cd1ec74c7a02187cf60f7a21"
        ],
        [
            "5a29f5974d4a87ced71fd7b4b1ae521a58381d25",
            "e85f371485bc08a580e75bc69054043a2e153f1f"
        ],
        [
            "5a29f5974d4a87ced71fd7b4b1ae521a58381d25",
            "4d06d3760f7cc36abb892bb2cc54ef90d366f050"
        ],
        [
            "5a29f5974d4a87ced71fd7b4b1ae521a58381d25",
            "1017f4072ccb053f0ae7a38008296141157ce9b9"
        ]
    ]
}