{
    "testdir": "/benchmarks/2025-09-23-17-44-48--cpp_misra_gpt5.top5.16/cpp/exercises/practice/gigasecond",
    "testcase": "gigasecond",
    "model": "openai/gpt-5",
    "edit_format": "diff",
    "tests_outcomes": [
        false,
        true
    ],
    "cost": 0.16738950000000002,
    "duration": 293.68376994132996,
    "test_timeouts": 0,
    "commit_hash": "32faf82-dirty",
    "num_error_outputs": 1,
    "num_user_asks": 7,
    "num_exhausted_context_windows": 0,
    "num_malformed_responses": 1,
    "syntax_errors": 0,
    "indentation_errors": 0,
    "lazy_comments": 0,
    "reasoning_effort": null,
    "prompt_tokens": 44814,
    "completion_tokens": 14550,
    "thinking_tokens": null,
    "chat_hashes": [
        [
            "5a29f5974d4a87ced71fd7b4b1ae521a58381d25",
            "6c52a44c7d92361a8b646f3b6dd4edbf55e32724"
        ],
        [
            "5a29f5974d4a87ced71fd7b4b1ae521a58381d25",
            "7840d32ab718432c7d191b91868374940db0ccac"
        ],
        [
            "5a29f5974d4a87ced71fd7b4b1ae521a58381d25",
            "5221e6563a083b6b98d5a206b052a8abfb721ea7"
        ],
        [
            "5a29f5974d4a87ced71fd7b4b1ae521a58381d25",
            "45eb1dab5301ee22db01f215f6cff6f06aa06565"
        ],
        [
            "5a29f5974d4a87ced71fd7b4b1ae521a58381d25",
            "c9167db50463fc314925797ca7c133fd5a5ce7af"
        ],
        [
            "5a29f5974d4a87ced71fd7b4b1ae521a58381d25",
            "8b766b726c5a00c250ffb7aae9868dbe5e805bd7"
        ],
        [
            "5a29f5974d4a87ced71fd7b4b1ae521a58381d25",
            "d68caa7ea940630045ef582778fdfe38c6f84797"
        ],
        [
            "5a29f5974d4a87ced71fd7b4b1ae521a58381d25",
            "8b766b726c5a00c250ffb7aae9868dbe5e805bd7"
        ]
    ]
}