{
    "testdir": "/benchmarks/2025-09-01-22-45-52--cpp_misra_o3.top10.16/cpp/exercises/practice/crypto-square",
    "testcase": "crypto-square",
    "model": "o3",
    "edit_format": "diff",
    "tests_outcomes": [
        false,
        false
    ],
    "cost": 0.21753199999999998,
    "duration": 503.96810603141785,
    "test_timeouts": 0,
    "commit_hash": "32faf82-dirty",
    "num_error_outputs": 0,
    "num_user_asks": 2,
    "num_exhausted_context_windows": 0,
    "num_malformed_responses": 0,
    "syntax_errors": 0,
    "indentation_errors": 0,
    "lazy_comments": 0,
    "reasoning_effort": null,
    "prompt_tokens": 30678,
    "completion_tokens": 22210,
    "thinking_tokens": null,
    "chat_hashes": [
        [
            "5570d71e63f5d28449be40ac390705d540cb9709",
            "ad48c0034b4606d6fa537fe773f7581867797a35"
        ],
        [
            "5570d71e63f5d28449be40ac390705d540cb9709",
            "bc0cf6497bfea5ae016a51203e6588b844b31a05"
        ],
        [
            "5570d71e63f5d28449be40ac390705d540cb9709",
            "6a4bc2392db79037945fd0364a9620b0e8efa14c"
        ],
        [
            "5570d71e63f5d28449be40ac390705d540cb9709",
            "617af1a55b23080b50f50e0b6d5e0fd4f07415b0"
        ]
    ]
}