{
    "testdir": "/benchmarks/2025-08-26-11-56-20--cpp_misra.top3.14/cpp/exercises/practice/sublist",
    "testcase": "sublist",
    "model": "gpt-4.1",
    "edit_format": "diff",
    "tests_outcomes": [
        false,
        false
    ],
    "cost": 0.10782199999999999,
    "duration": 132.1457736492157,
    "test_timeouts": 0,
    "commit_hash": "32faf82-dirty",
    "num_error_outputs": 0,
    "num_user_asks": 8,
    "num_exhausted_context_windows": 0,
    "num_malformed_responses": 0,
    "syntax_errors": 0,
    "indentation_errors": 0,
    "lazy_comments": 0,
    "reasoning_effort": null,
    "prompt_tokens": 77871,
    "completion_tokens": 2266,
    "thinking_tokens": null,
    "chat_hashes": [
        [
            "dd5eb8c6e1e03320d0933ca63c0164ae9d2a0152",
            "ca018d5b764d672be9808f2b8a1c8189fef1a1e5"
        ],
        [
            "dd5eb8c6e1e03320d0933ca63c0164ae9d2a0152",
            "9425fb59cc8816849b37a1e981c80dc09ee7062c"
        ],
        [
            "dd5eb8c6e1e03320d0933ca63c0164ae9d2a0152",
            "3324a132ff01aa212641c6cfe4680cf7b1ee4a7b"
        ],
        [
            "dd5eb8c6e1e03320d0933ca63c0164ae9d2a0152",
            "e1db1bd5c93f0b831265ef55cdfa440928cfac61"
        ],
        [
            "dd5eb8c6e1e03320d0933ca63c0164ae9d2a0152",
            "72d6b7c2e7d00052912581aeaa6d2454acea2736"
        ],
        [
            "dd5eb8c6e1e03320d0933ca63c0164ae9d2a0152",
            "1fdd6b2399472b8426185a24143d22054e5e5216"
        ],
        [
            "dd5eb8c6e1e03320d0933ca63c0164ae9d2a0152",
            "5755cac9953c7624588a08aaa2d9fd8310227cf4"
        ],
        [
            "dd5eb8c6e1e03320d0933ca63c0164ae9d2a0152",
            "eb6ffed860b45995dd010ed874b38c85abd022f7"
        ]
    ]
}