{
    "testdir": "/benchmarks/2025-08-21-09-35-50--misracpp_baseline.6/cpp/exercises/practice/bank-account",
    "testcase": "bank-account",
    "model": "gpt-4.1",
    "edit_format": "diff",
    "tests_outcomes": [
        false,
        true
    ],
    "cost": 0.060202,
    "duration": 48.049113512039185,
    "test_timeouts": 0,
    "commit_hash": "32faf82-dirty",
    "num_error_outputs": 0,
    "num_user_asks": 8,
    "num_exhausted_context_windows": 0,
    "num_malformed_responses": 0,
    "syntax_errors": 0,
    "indentation_errors": 0,
    "lazy_comments": 0,
    "reasoning_effort": null,
    "prompt_tokens": 40441,
    "completion_tokens": 1975,
    "thinking_tokens": null,
    "chat_hashes": [
        [
            "dd5eb8c6e1e03320d0933ca63c0164ae9d2a0152",
            "92d75c228f56dad68a7fdb39b1ae070bdeafe5ea"
        ],
        [
            "dd5eb8c6e1e03320d0933ca63c0164ae9d2a0152",
            "1d554f4c157e450736b36556d3259c7d2d517b53"
        ],
        [
            "dd5eb8c6e1e03320d0933ca63c0164ae9d2a0152",
            "9b4f471e8c9548138549e59559fa6ba20704d631"
        ],
        [
            "dd5eb8c6e1e03320d0933ca63c0164ae9d2a0152",
            "4c690d40a0fb8ab1dc17b32b6d92f7e5b1545ecd"
        ],
        [
            "dd5eb8c6e1e03320d0933ca63c0164ae9d2a0152",
            "3e816b05f5c39204094aca74cab763cc3d3617e1"
        ],
        [
            "dd5eb8c6e1e03320d0933ca63c0164ae9d2a0152",
            "e56654d1935f190e526409cf9ca0505b71218445"
        ],
        [
            "dd5eb8c6e1e03320d0933ca63c0164ae9d2a0152",
            "c5558cbd351059a3e3291877dabfbc528f3b482d"
        ],
        [
            "dd5eb8c6e1e03320d0933ca63c0164ae9d2a0152",
            "e56654d1935f190e526409cf9ca0505b71218445"
        ]
    ]
}