{
    "testdir": "/benchmarks/2025-09-23-17-44-48--cpp_misra_gpt5.top5.16/cpp/exercises/practice/perfect-numbers",
    "testcase": "perfect-numbers",
    "model": "openai/gpt-5",
    "edit_format": "diff",
    "tests_outcomes": [
        false,
        true
    ],
    "cost": 0.21301950000000003,
    "duration": 366.6191279888153,
    "test_timeouts": 0,
    "commit_hash": "32faf82-dirty",
    "num_error_outputs": 1,
    "num_user_asks": 7,
    "num_exhausted_context_windows": 0,
    "num_malformed_responses": 1,
    "syntax_errors": 0,
    "indentation_errors": 0,
    "lazy_comments": 0,
    "reasoning_effort": null,
    "prompt_tokens": 45398,
    "completion_tokens": 18392,
    "thinking_tokens": null,
    "chat_hashes": [
        [
            "5a29f5974d4a87ced71fd7b4b1ae521a58381d25",
            "276701e819a175549b246ce9132b58f2638a7aa0"
        ],
        [
            "5a29f5974d4a87ced71fd7b4b1ae521a58381d25",
            "06df32547241eba3c95a0381e3cb70137225ab97"
        ],
        [
            "5a29f5974d4a87ced71fd7b4b1ae521a58381d25",
            "a5898de368a9a6a28f26e0b5b3c39a37d514032a"
        ],
        [
            "5a29f5974d4a87ced71fd7b4b1ae521a58381d25",
            "124db3980f5c723c929dc8758cb3ef1d3bfb3df8"
        ],
        [
            "5a29f5974d4a87ced71fd7b4b1ae521a58381d25",
            "2adac52ead5ca1177aa729654a878a1c6ec8ead5"
        ],
        [
            "5a29f5974d4a87ced71fd7b4b1ae521a58381d25",
            "4d6e40cac5720307f2916b42057fd1083f4d5ae3"
        ],
        [
            "5a29f5974d4a87ced71fd7b4b1ae521a58381d25",
            "4ad82aa3534f581cb3ee749e0bb01fd254df89ee"
        ],
        [
            "5a29f5974d4a87ced71fd7b4b1ae521a58381d25",
            "ee2ee58888a607ecd8f8dd4423a3a4c64be82636"
        ]
    ]
}