{
    "testdir": "/benchmarks/2025-08-21-13-52-26--misracpp_baseline.20/cpp/exercises/practice/perfect-numbers",
    "testcase": "perfect-numbers",
    "model": "gpt-4.1",
    "edit_format": "diff",
    "tests_outcomes": [
        false,
        false
    ],
    "cost": 0.049024,
    "duration": 19.490086793899536,
    "test_timeouts": 0,
    "commit_hash": "32faf82-dirty",
    "num_error_outputs": 0,
    "num_user_asks": 8,
    "num_exhausted_context_windows": 0,
    "num_malformed_responses": 0,
    "syntax_errors": 0,
    "indentation_errors": 0,
    "lazy_comments": 0,
    "reasoning_effort": null,
    "prompt_tokens": 39792,
    "completion_tokens": 860,
    "thinking_tokens": null,
    "chat_hashes": [
        [
            "dd5eb8c6e1e03320d0933ca63c0164ae9d2a0152",
            "529bace86653f996db2b517d0be9a59b04006474"
        ],
        [
            "dd5eb8c6e1e03320d0933ca63c0164ae9d2a0152",
            "03725b37ace54f7c7adc41f138ffa8b96b42a19e"
        ],
        [
            "dd5eb8c6e1e03320d0933ca63c0164ae9d2a0152",
            "545cb920536c8a78b66d155a9f81a75716c1849c"
        ],
        [
            "dd5eb8c6e1e03320d0933ca63c0164ae9d2a0152",
            "03725b37ace54f7c7adc41f138ffa8b96b42a19e"
        ],
        [
            "dd5eb8c6e1e03320d0933ca63c0164ae9d2a0152",
            "84b7a0dd4a26c5c88d050b954da535f2759a108c"
        ],
        [
            "dd5eb8c6e1e03320d0933ca63c0164ae9d2a0152",
            "03725b37ace54f7c7adc41f138ffa8b96b42a19e"
        ],
        [
            "dd5eb8c6e1e03320d0933ca63c0164ae9d2a0152",
            "545cb920536c8a78b66d155a9f81a75716c1849c"
        ],
        [
            "dd5eb8c6e1e03320d0933ca63c0164ae9d2a0152",
            "03725b37ace54f7c7adc41f138ffa8b96b42a19e"
        ]
    ]
}