{
    "testdir": "/benchmarks/2025-08-27-13-44-43--misracpp_baseline_o3.6/cpp/exercises/practice/parallel-letter-frequency",
    "testcase": "parallel-letter-frequency",
    "model": "o3",
    "edit_format": "diff",
    "tests_outcomes": [
        false,
        true
    ],
    "cost": 0.136726,
    "duration": 210.41210222244263,
    "test_timeouts": 0,
    "commit_hash": "32faf82-dirty",
    "num_error_outputs": 0,
    "num_user_asks": 2,
    "num_exhausted_context_windows": 0,
    "num_malformed_responses": 0,
    "syntax_errors": 0,
    "indentation_errors": 0,
    "lazy_comments": 0,
    "reasoning_effort": null,
    "prompt_tokens": 21275,
    "completion_tokens": 13116,
    "thinking_tokens": null,
    "chat_hashes": [
        [
            "5570d71e63f5d28449be40ac390705d540cb9709",
            "4c2de88610f75506000a38a7eab3d9d19e80270c"
        ],
        [
            "5570d71e63f5d28449be40ac390705d540cb9709",
            "6c7e95f994c65a43ff8565d58a8a17e43e548612"
        ],
        [
            "5570d71e63f5d28449be40ac390705d540cb9709",
            "3d2fb8c624493ff72024a65e641e216379fdcad6"
        ],
        [
            "5570d71e63f5d28449be40ac390705d540cb9709",
            "9bd44a2b220e11ee7c2683b68eb2929ad77f73ff"
        ]
    ]
}