{
    "testdir": "/benchmarks/2025-08-31-19-43-37--cpp_misra_o3.top5.16/cpp/exercises/practice/sublist",
    "testcase": "sublist",
    "model": "o3",
    "edit_format": "diff",
    "tests_outcomes": [
        false,
        false
    ],
    "cost": 0.22337999999999997,
    "duration": 184.04327034950256,
    "test_timeouts": 0,
    "commit_hash": "32faf82-dirty",
    "num_error_outputs": 0,
    "num_user_asks": 7,
    "num_exhausted_context_windows": 0,
    "num_malformed_responses": 0,
    "syntax_errors": 0,
    "indentation_errors": 0,
    "lazy_comments": 0,
    "reasoning_effort": null,
    "prompt_tokens": 101058,
    "completion_tokens": 13746,
    "thinking_tokens": null,
    "chat_hashes": [
        [
            "5570d71e63f5d28449be40ac390705d540cb9709",
            "0d6a596bf500975bcb2652acf771193c0782e8cb"
        ],
        [
            "5570d71e63f5d28449be40ac390705d540cb9709",
            "b1689f626f062d6764e6a75bd4f843e0cbaa520b"
        ],
        [
            "5570d71e63f5d28449be40ac390705d540cb9709",
            "d71fc49cc019899111afb214b10216caf077c50c"
        ],
        [
            "5570d71e63f5d28449be40ac390705d540cb9709",
            "5e1b9a09edd482628f6690dc63115f30fe348a37"
        ],
        [
            "5570d71e63f5d28449be40ac390705d540cb9709",
            "35111829fb9bcf1bf1c3c2fc6b5d6d830c6c89f9"
        ],
        [
            "5570d71e63f5d28449be40ac390705d540cb9709",
            "1e31a60648188812bf02beea6d5872bed6bda4ed"
        ],
        [
            "5570d71e63f5d28449be40ac390705d540cb9709",
            "cd8b6cbba0571c856b61da3cd250f659d1134da5"
        ],
        [
            "5570d71e63f5d28449be40ac390705d540cb9709",
            "38198e1e3ec8a9327f01041d73d083699e7ff5e8"
        ]
    ]
}