{
    "testdir": "/benchmarks/2025-09-01-01-26-50--cpp_misra_deepseek-chat.top5.14/cpp/exercises/practice/dnd-character",
    "testcase": "dnd-character",
    "model": "deepseek/deepseek-chat",
    "edit_format": "diff",
    "tests_outcomes": [
        false,
        false
    ],
    "cost": 0.007881270000000001,
    "duration": 225.17142176628113,
    "test_timeouts": 0,
    "commit_hash": "32faf82-dirty",
    "num_error_outputs": 0,
    "num_user_asks": 2,
    "num_exhausted_context_windows": 0,
    "num_malformed_responses": 0,
    "syntax_errors": 0,
    "indentation_errors": 0,
    "lazy_comments": 0,
    "reasoning_effort": null,
    "prompt_tokens": 26981,
    "completion_tokens": 4068,
    "thinking_tokens": null,
    "chat_hashes": [
        [
            "d229a439b83a277ab75364ece3dd8437f0cca388",
            "c66a861e6a1afffad6229a9f321f96010a9a2d38"
        ],
        [
            "d229a439b83a277ab75364ece3dd8437f0cca388",
            "2c5b51e2f86c50eab7e40793517dfac3839246cd"
        ],
        [
            "d229a439b83a277ab75364ece3dd8437f0cca388",
            "a6d24b899240213247c9ee1c787fb4d24d126419"
        ],
        [
            "d229a439b83a277ab75364ece3dd8437f0cca388",
            "533a3fbffe676b28eeca67a10c04eb293cd28137"
        ]
    ]
}