{
    "testdir": "/benchmarks/2025-08-21-09-19-54--misracpp_baseline.2/cpp/exercises/practice/robot-name",
    "testcase": "robot-name",
    "model": "gpt-4.1",
    "edit_format": "diff",
    "tests_outcomes": [
        false,
        false
    ],
    "cost": 0.053172000000000004,
    "duration": 48.49382972717285,
    "test_timeouts": 0,
    "commit_hash": "32faf82-dirty",
    "num_error_outputs": 0,
    "num_user_asks": 6,
    "num_exhausted_context_windows": 0,
    "num_malformed_responses": 0,
    "syntax_errors": 0,
    "indentation_errors": 0,
    "lazy_comments": 0,
    "reasoning_effort": null,
    "prompt_tokens": 32050,
    "completion_tokens": 1754,
    "thinking_tokens": null,
    "chat_hashes": [
        [
            "dd5eb8c6e1e03320d0933ca63c0164ae9d2a0152",
            "508b8bdacdda6d577e7e1b2086067306d5b02e2d"
        ],
        [
            "dd5eb8c6e1e03320d0933ca63c0164ae9d2a0152",
            "0aabacedbb0bbe67d07ce49ab8df002858d34583"
        ],
        [
            "dd5eb8c6e1e03320d0933ca63c0164ae9d2a0152",
            "13d58905c7e60800ff05c137ace08e43bb2c7c51"
        ],
        [
            "dd5eb8c6e1e03320d0933ca63c0164ae9d2a0152",
            "8e66a3cb4544a965ae63f92df505a588775b6355"
        ],
        [
            "dd5eb8c6e1e03320d0933ca63c0164ae9d2a0152",
            "d64188dff6864ef5ed7e3afb1ddd60821974c111"
        ],
        [
            "dd5eb8c6e1e03320d0933ca63c0164ae9d2a0152",
            "4ce536106c3d9ebe5ec6a73673a83ddf471d3384"
        ],
        [
            "dd5eb8c6e1e03320d0933ca63c0164ae9d2a0152",
            "3036ff539fc42dc76f0aa6efe6fcfaf83cabfd4c"
        ]
    ]
}