{
    "testdir": "/benchmarks/2025-08-31-23-46-31--cpp_misra_deepseek-chat.top5.11/cpp/exercises/practice/diamond",
    "testcase": "diamond",
    "model": "deepseek/deepseek-chat",
    "edit_format": "diff",
    "tests_outcomes": [
        true
    ],
    "cost": 0.0054737200000000005,
    "duration": 152.28951501846313,
    "test_timeouts": 0,
    "commit_hash": "32faf82-dirty",
    "num_error_outputs": 0,
    "num_user_asks": 2,
    "num_exhausted_context_windows": 0,
    "num_malformed_responses": 0,
    "syntax_errors": 0,
    "indentation_errors": 0,
    "lazy_comments": 0,
    "reasoning_effort": null,
    "prompt_tokens": 14656,
    "completion_tokens": 3450,
    "thinking_tokens": null,
    "chat_hashes": [
        [
            "d229a439b83a277ab75364ece3dd8437f0cca388",
            "edced3463ca4f9277eb2d54ca027cae5c64b2489"
        ],
        [
            "d229a439b83a277ab75364ece3dd8437f0cca388",
            "9fbf1b454e58067722a1c7155d5aa1e202c94e19"
        ],
        [
            "d229a439b83a277ab75364ece3dd8437f0cca388",
            "1dac7a6d8538ba1327ea1cb3415729c912da0394"
        ]
    ]
}