{
    "testdir": "/benchmarks/2025-08-31-23-35-29--cpp_misra_deepseek-chat.top5.10/cpp/exercises/practice/parallel-letter-frequency",
    "testcase": "parallel-letter-frequency",
    "model": "deepseek/deepseek-chat",
    "edit_format": "diff",
    "tests_outcomes": [
        false,
        false
    ],
    "cost": 0.011598320000000002,
    "duration": 274.57546162605286,
    "test_timeouts": 0,
    "commit_hash": "32faf82-dirty",
    "num_error_outputs": 0,
    "num_user_asks": 3,
    "num_exhausted_context_windows": 0,
    "num_malformed_responses": 0,
    "syntax_errors": 0,
    "indentation_errors": 0,
    "lazy_comments": 0,
    "reasoning_effort": null,
    "prompt_tokens": 36546,
    "completion_tokens": 5879,
    "thinking_tokens": null,
    "chat_hashes": [
        [
            "d229a439b83a277ab75364ece3dd8437f0cca388",
            "449d4edebf3c9b446cc7f018e7b0c36ec26911fc"
        ],
        [
            "d229a439b83a277ab75364ece3dd8437f0cca388",
            "6c0c54da318234b9a80a7b9fad402f025408b2ee"
        ],
        [
            "d229a439b83a277ab75364ece3dd8437f0cca388",
            "7ab80e75c83a7d028567b95f7b45a75442f257a8"
        ],
        [
            "d229a439b83a277ab75364ece3dd8437f0cca388",
            "163e6d349c0e032e1e23b40e43936d3727bf4f08"
        ],
        [
            "d229a439b83a277ab75364ece3dd8437f0cca388",
            "056ffd3003fc3cb33599548e3d3fc1c90f6e05a3"
        ]
    ]
}