{
    "testdir": "/benchmarks/2025-08-26-11-45-10--cpp_misra.top3.11/cpp/exercises/practice/parallel-letter-frequency",
    "testcase": "parallel-letter-frequency",
    "model": "gpt-4.1",
    "edit_format": "diff",
    "tests_outcomes": [
        false,
        false
    ],
    "cost": 0.06844,
    "duration": 49.853538036346436,
    "test_timeouts": 0,
    "commit_hash": "32faf82-dirty",
    "num_error_outputs": 0,
    "num_user_asks": 8,
    "num_exhausted_context_windows": 0,
    "num_malformed_responses": 0,
    "syntax_errors": 0,
    "indentation_errors": 0,
    "lazy_comments": 0,
    "reasoning_effort": null,
    "prompt_tokens": 47856,
    "completion_tokens": 2111,
    "thinking_tokens": null,
    "chat_hashes": [
        [
            "dd5eb8c6e1e03320d0933ca63c0164ae9d2a0152",
            "ffad6beeb5242e65c1395ff6ee5cc86fb2486838"
        ],
        [
            "dd5eb8c6e1e03320d0933ca63c0164ae9d2a0152",
            "6b8ea10abd1a6ad6afca784d68e38d50fb2629a2"
        ],
        [
            "dd5eb8c6e1e03320d0933ca63c0164ae9d2a0152",
            "b26df1d238e0b6d1e3fbce6b8f4cb00ce9980650"
        ],
        [
            "dd5eb8c6e1e03320d0933ca63c0164ae9d2a0152",
            "aad6fa8e4cd5074eb4eb06e73b4a729fc9c5cbf7"
        ],
        [
            "dd5eb8c6e1e03320d0933ca63c0164ae9d2a0152",
            "e82d4e38733db8bbf57e195d68b4d4b68a56fbf5"
        ],
        [
            "dd5eb8c6e1e03320d0933ca63c0164ae9d2a0152",
            "c9b045640ae411d8b2efc129af8b25c070cf3e82"
        ],
        [
            "dd5eb8c6e1e03320d0933ca63c0164ae9d2a0152",
            "2cb5f968abfa383df32a5af8af36d508830b8ea4"
        ],
        [
            "dd5eb8c6e1e03320d0933ca63c0164ae9d2a0152",
            "c9b045640ae411d8b2efc129af8b25c070cf3e82"
        ]
    ]
}