{
    "testdir": "/benchmarks/2025-08-31-22-51-22--cpp_misra_deepseek-chat.top5.6/cpp/exercises/practice/diamond",
    "testcase": "diamond",
    "model": "deepseek/deepseek-chat",
    "edit_format": "diff",
    "tests_outcomes": [
        true
    ],
    "cost": 0.006316820000000001,
    "duration": 190.64263200759888,
    "test_timeouts": 0,
    "commit_hash": "32faf82-dirty",
    "num_error_outputs": 0,
    "num_user_asks": 2,
    "num_exhausted_context_windows": 0,
    "num_malformed_responses": 0,
    "syntax_errors": 0,
    "indentation_errors": 0,
    "lazy_comments": 0,
    "reasoning_effort": null,
    "prompt_tokens": 15406,
    "completion_tokens": 3788,
    "thinking_tokens": null,
    "chat_hashes": [
        [
            "d229a439b83a277ab75364ece3dd8437f0cca388",
            "6c993c6760b381f06bb73cec0e5907c1be994f33"
        ],
        [
            "d229a439b83a277ab75364ece3dd8437f0cca388",
            "7d93fb6635a3e0502bfd1c2972a70dc0dd419d8b"
        ],
        [
            "d229a439b83a277ab75364ece3dd8437f0cca388",
            "daf07f8439974c6764efc0f80376997176112498"
        ]
    ]
}