{
    "testdir": "/benchmarks/2025-08-26-11-45-10--cpp_misra.top3.11/cpp/exercises/practice/gigasecond",
    "testcase": "gigasecond",
    "model": "gpt-4.1",
    "edit_format": "diff",
    "tests_outcomes": [
        false,
        true
    ],
    "cost": 0.04875399999999999,
    "duration": 20.077385425567627,
    "test_timeouts": 0,
    "commit_hash": "32faf82-dirty",
    "num_error_outputs": 0,
    "num_user_asks": 8,
    "num_exhausted_context_windows": 0,
    "num_malformed_responses": 0,
    "syntax_errors": 0,
    "indentation_errors": 0,
    "lazy_comments": 0,
    "reasoning_effort": null,
    "prompt_tokens": 38853,
    "completion_tokens": 893,
    "thinking_tokens": null,
    "chat_hashes": [
        [
            "dd5eb8c6e1e03320d0933ca63c0164ae9d2a0152",
            "5f01291486daaaa45dc55f05e39aae791cc41fa1"
        ],
        [
            "dd5eb8c6e1e03320d0933ca63c0164ae9d2a0152",
            "72e79b0527103911519c8798a36bd3d70b5c4a28"
        ],
        [
            "dd5eb8c6e1e03320d0933ca63c0164ae9d2a0152",
            "922eabe763032683f116660a5b9efd156ece95fb"
        ],
        [
            "dd5eb8c6e1e03320d0933ca63c0164ae9d2a0152",
            "72e79b0527103911519c8798a36bd3d70b5c4a28"
        ],
        [
            "dd5eb8c6e1e03320d0933ca63c0164ae9d2a0152",
            "0d75a87d8190fe7699a5cb472101a82c695bbf95"
        ],
        [
            "dd5eb8c6e1e03320d0933ca63c0164ae9d2a0152",
            "076f7f535d708ecf40a4ac11b9a783e50f9cb428"
        ],
        [
            "dd5eb8c6e1e03320d0933ca63c0164ae9d2a0152",
            "352ac233ec48b7795b9120e0022ad27a7b94a33e"
        ],
        [
            "dd5eb8c6e1e03320d0933ca63c0164ae9d2a0152",
            "076f7f535d708ecf40a4ac11b9a783e50f9cb428"
        ]
    ]
}