{
    "testdir": "/benchmarks/2025-08-22-10-44-45--misracpp_baseline_deepseek-chat.11/cpp/exercises/practice/clock",
    "testcase": "clock",
    "model": "deepseek/deepseek-chat",
    "edit_format": "diff",
    "tests_outcomes": [
        true
    ],
    "cost": 0.00500684,
    "duration": 159.317946434021,
    "test_timeouts": 0,
    "commit_hash": "32faf82-dirty",
    "num_error_outputs": 0,
    "num_user_asks": 2,
    "num_exhausted_context_windows": 0,
    "num_malformed_responses": 0,
    "syntax_errors": 0,
    "indentation_errors": 0,
    "lazy_comments": 0,
    "reasoning_effort": null,
    "prompt_tokens": 11422,
    "completion_tokens": 3063,
    "thinking_tokens": null,
    "chat_hashes": [
        [
            "d229a439b83a277ab75364ece3dd8437f0cca388",
            "f69483ed82fea13ebcfc4d7fa238416a51c0863e"
        ],
        [
            "d229a439b83a277ab75364ece3dd8437f0cca388",
            "b97bc8f88bb896d0294d97f43eae83f83f15eaf2"
        ],
        [
            "d229a439b83a277ab75364ece3dd8437f0cca388",
            "b194ed9fc27c8f9491467a9139b5a0039ef1e920"
        ]
    ]
}