{
    "testdir": "/benchmarks/2025-08-26-12-15-48--cpp_misra.top3.18/cpp/exercises/practice/dnd-character",
    "testcase": "dnd-character",
    "model": "gpt-4.1",
    "edit_format": "diff",
    "tests_outcomes": [
        false,
        false
    ],
    "cost": 0.08071999999999999,
    "duration": 83.47375631332397,
    "test_timeouts": 0,
    "commit_hash": "32faf82-dirty",
    "num_error_outputs": 0,
    "num_user_asks": 8,
    "num_exhausted_context_windows": 0,
    "num_malformed_responses": 0,
    "syntax_errors": 0,
    "indentation_errors": 0,
    "lazy_comments": 0,
    "reasoning_effort": null,
    "prompt_tokens": 56068,
    "completion_tokens": 2457,
    "thinking_tokens": null,
    "chat_hashes": [
        [
            "dd5eb8c6e1e03320d0933ca63c0164ae9d2a0152",
            "33f92a6f3a19d4b709b96d85ea116a4179f73daa"
        ],
        [
            "dd5eb8c6e1e03320d0933ca63c0164ae9d2a0152",
            "b305a4b6d59c3129f814d8a85cc987f265331347"
        ],
        [
            "dd5eb8c6e1e03320d0933ca63c0164ae9d2a0152",
            "25671522c0430df57bda26dd3e2661699e6f78e1"
        ],
        [
            "dd5eb8c6e1e03320d0933ca63c0164ae9d2a0152",
            "2521cf85d52ea50fc225fd60a875a8a8ef652324"
        ],
        [
            "dd5eb8c6e1e03320d0933ca63c0164ae9d2a0152",
            "cea39bbcdfa1db88d8e7ee56229ce8244c059fbe"
        ],
        [
            "dd5eb8c6e1e03320d0933ca63c0164ae9d2a0152",
            "85d19babe48a8902c16d4975d4b9b78334a15690"
        ],
        [
            "dd5eb8c6e1e03320d0933ca63c0164ae9d2a0152",
            "79aebd27bf9447f4fdd95d67c3285f0caa446f54"
        ],
        [
            "dd5eb8c6e1e03320d0933ca63c0164ae9d2a0152",
            "79aebd27bf9447f4fdd95d67c3285f0caa446f54"
        ]
    ]
}