{
    "testdir": "/benchmarks/2025-08-31-18-33-43--cpp_misra_o3.top5.5/cpp/exercises/practice/clock",
    "testcase": "clock",
    "model": "o3",
    "edit_format": "diff",
    "tests_outcomes": [
        false,
        true
    ],
    "cost": 0.22426200000000002,
    "duration": 328.54546642303467,
    "test_timeouts": 0,
    "commit_hash": "32faf82-dirty",
    "num_error_outputs": 0,
    "num_user_asks": 4,
    "num_exhausted_context_windows": 0,
    "num_malformed_responses": 0,
    "syntax_errors": 0,
    "indentation_errors": 0,
    "lazy_comments": 0,
    "reasoning_effort": null,
    "prompt_tokens": 36403,
    "completion_tokens": 23204,
    "thinking_tokens": null,
    "chat_hashes": [
        [
            "5570d71e63f5d28449be40ac390705d540cb9709",
            "842b316e14ea9df1cb039ec340c9565481768fba"
        ],
        [
            "5570d71e63f5d28449be40ac390705d540cb9709",
            "92459530a94aa542d0ccf7b3daf323d91f2d4bc6"
        ],
        [
            "5570d71e63f5d28449be40ac390705d540cb9709",
            "85f2e07ec51f54c3287b2c8595e6d35b76e2860f"
        ],
        [
            "5570d71e63f5d28449be40ac390705d540cb9709",
            "150c4307b09f6c85d82b28fcffd5c75bb1291b93"
        ],
        [
            "5570d71e63f5d28449be40ac390705d540cb9709",
            "373437aec9de026ca6c43320c872da6658c81b59"
        ],
        [
            "5570d71e63f5d28449be40ac390705d540cb9709",
            "b10b7382eba79edad9aeab950630e65e75a0ae3d"
        ]
    ]
}