{
    "testdir": "/benchmarks/2025-08-27-15-49-33--misracpp_baseline_o3.18/cpp/exercises/practice/bank-account",
    "testcase": "bank-account",
    "model": "o3",
    "edit_format": "diff",
    "tests_outcomes": [
        false,
        true
    ],
    "cost": 0.137406,
    "duration": 267.6043539047241,
    "test_timeouts": 0,
    "commit_hash": "32faf82-dirty",
    "num_error_outputs": 0,
    "num_user_asks": 5,
    "num_exhausted_context_windows": 0,
    "num_malformed_responses": 0,
    "syntax_errors": 0,
    "indentation_errors": 0,
    "lazy_comments": 0,
    "reasoning_effort": null,
    "prompt_tokens": 27955,
    "completion_tokens": 12395,
    "thinking_tokens": null,
    "chat_hashes": [
        [
            "5570d71e63f5d28449be40ac390705d540cb9709",
            "c8f0602f7de1370240a50e1b73e1ef7aa22a04c1"
        ],
        [
            "5570d71e63f5d28449be40ac390705d540cb9709",
            "9dc66dd6a3aa92b3a311d973215a272d8abd1251"
        ],
        [
            "5570d71e63f5d28449be40ac390705d540cb9709",
            "14fdd01743595d837316ef778d15c79035b9c5ce"
        ],
        [
            "5570d71e63f5d28449be40ac390705d540cb9709",
            "1fdd8f64b60336921c03aa84bdbdc996a625c5ea"
        ],
        [
            "5570d71e63f5d28449be40ac390705d540cb9709",
            "ba4fa2831e63c96959051bbd2418b4b5cfbfdf7b"
        ],
        [
            "5570d71e63f5d28449be40ac390705d540cb9709",
            "9e499c7696edf9f7c34ecdce2d12ba2b9b1311d1"
        ]
    ]
}