{
    "testdir": "/benchmarks/2025-09-23-17-44-48--cpp_misra_gpt5.top5.16/cpp/exercises/practice/clock",
    "testcase": "clock",
    "model": "openai/gpt-5",
    "edit_format": "diff",
    "tests_outcomes": [
        false,
        true
    ],
    "cost": 0.30660575000000007,
    "duration": 539.76513504982,
    "test_timeouts": 0,
    "commit_hash": "32faf82-dirty",
    "num_error_outputs": 1,
    "num_user_asks": 5,
    "num_exhausted_context_windows": 0,
    "num_malformed_responses": 1,
    "syntax_errors": 0,
    "indentation_errors": 0,
    "lazy_comments": 0,
    "reasoning_effort": null,
    "prompt_tokens": 43339,
    "completion_tokens": 28080,
    "thinking_tokens": null,
    "chat_hashes": [
        [
            "5a29f5974d4a87ced71fd7b4b1ae521a58381d25",
            "bd03107a1149dffb6e018a96c2f9e1b437ce9250"
        ],
        [
            "5a29f5974d4a87ced71fd7b4b1ae521a58381d25",
            "72c92fd370eb46df67b3dbe2bae0b0bc0cf921a7"
        ],
        [
            "5a29f5974d4a87ced71fd7b4b1ae521a58381d25",
            "84ccc076ef811f039b9b061905a5c722dac861f2"
        ],
        [
            "5a29f5974d4a87ced71fd7b4b1ae521a58381d25",
            "2f7109fbdd2ab3d489b9161d50e91753660bd6b5"
        ],
        [
            "5a29f5974d4a87ced71fd7b4b1ae521a58381d25",
            "6da89ebef4ba9cc483cddfa8919835414754cc62"
        ],
        [
            "5a29f5974d4a87ced71fd7b4b1ae521a58381d25",
            "598e5c6caf5ad5a20ff6beb55dcd97da55e9a05a"
        ],
        [
            "5a29f5974d4a87ced71fd7b4b1ae521a58381d25",
            "3d41afc107ee262ccb42eb824c75ac9ca760a27a"
        ]
    ]
}