{
    "testdir": "/benchmarks/2025-09-23-18-54-08--cpp_misra_gpt5.top5.19/cpp/exercises/practice/clock",
    "testcase": "clock",
    "model": "openai/gpt-5",
    "edit_format": "diff",
    "tests_outcomes": [
        false,
        true
    ],
    "cost": 0.2510775,
    "duration": 241.00872492790222,
    "test_timeouts": 0,
    "commit_hash": "32faf82-dirty",
    "num_error_outputs": 1,
    "num_user_asks": 2,
    "num_exhausted_context_windows": 0,
    "num_malformed_responses": 1,
    "syntax_errors": 0,
    "indentation_errors": 0,
    "lazy_comments": 0,
    "reasoning_effort": null,
    "prompt_tokens": 111302,
    "completion_tokens": 12563,
    "thinking_tokens": null,
    "chat_hashes": [
        [
            "5a29f5974d4a87ced71fd7b4b1ae521a58381d25",
            "fca1804d07002d2da1a320b1bc726f276f3cb3be"
        ],
        [
            "5a29f5974d4a87ced71fd7b4b1ae521a58381d25",
            "35e5fc05091c783ad51f31b5ea0d82606b93ac23"
        ],
        [
            "5a29f5974d4a87ced71fd7b4b1ae521a58381d25",
            "73d5abb3db7d2ea0aa8c3fc946a9907177df804a"
        ],
        [
            "5a29f5974d4a87ced71fd7b4b1ae521a58381d25",
            "73ff333960b1f46b2ebcb01cbf70c1fab4b75985"
        ],
        [
            "5a29f5974d4a87ced71fd7b4b1ae521a58381d25",
            "a1e7e21a6d192bbbfb622eb3fc024e8c62e09c1a"
        ]
    ]
}