{
    "testdir": "/benchmarks/2025-09-09-16-56-01--misracpp_baseline_gpt5.2/cpp/exercises/practice/clock",
    "testcase": "clock",
    "model": "openai/gpt-5",
    "edit_format": "diff",
    "tests_outcomes": [
        true
    ],
    "cost": 0.1435575,
    "duration": 254.7216100692749,
    "test_timeouts": 0,
    "commit_hash": "32faf82-dirty",
    "num_error_outputs": 1,
    "num_user_asks": 3,
    "num_exhausted_context_windows": 0,
    "num_malformed_responses": 1,
    "syntax_errors": 0,
    "indentation_errors": 0,
    "lazy_comments": 0,
    "reasoning_effort": null,
    "prompt_tokens": 14726,
    "completion_tokens": 12515,
    "thinking_tokens": null,
    "chat_hashes": [
        [
            "5a29f5974d4a87ced71fd7b4b1ae521a58381d25",
            "cb588643a2c4d3813e23222533b10860287e6633"
        ],
        [
            "5a29f5974d4a87ced71fd7b4b1ae521a58381d25",
            "b34a6d295664305dac85666e30220facc915887f"
        ],
        [
            "5a29f5974d4a87ced71fd7b4b1ae521a58381d25",
            "3c8bbb864ad75ac6f980f7095212d44bf66221be"
        ],
        [
            "5a29f5974d4a87ced71fd7b4b1ae521a58381d25",
            "885356f8887c50ada287564092892ebf043180c6"
        ]
    ]
}