{
    "testdir": "/benchmarks/2025-09-23-15-56-44--cpp_misra_gpt5.top5.10/cpp/exercises/practice/diamond",
    "testcase": "diamond",
    "model": "openai/gpt-5",
    "edit_format": "diff",
    "tests_outcomes": [
        false,
        true
    ],
    "cost": 0.22871450000000004,
    "duration": 669.1549744606018,
    "test_timeouts": 0,
    "commit_hash": "32faf82-dirty",
    "num_error_outputs": 0,
    "num_user_asks": 5,
    "num_exhausted_context_windows": 0,
    "num_malformed_responses": 0,
    "syntax_errors": 0,
    "indentation_errors": 0,
    "lazy_comments": 0,
    "reasoning_effort": null,
    "prompt_tokens": 35994,
    "completion_tokens": 20633,
    "thinking_tokens": null,
    "chat_hashes": [
        [
            "5a29f5974d4a87ced71fd7b4b1ae521a58381d25",
            "da67d7387ecc3fe21ff373bfb85901c35e8bbe51"
        ],
        [
            "5a29f5974d4a87ced71fd7b4b1ae521a58381d25",
            "564fd4983db14b3c9875d733b8d34f1cc913fa28"
        ],
        [
            "5a29f5974d4a87ced71fd7b4b1ae521a58381d25",
            "4e6e2f92608e734ea046ab703b05bc45f9e8be89"
        ],
        [
            "5a29f5974d4a87ced71fd7b4b1ae521a58381d25",
            "eb84d6c73e3914c69cd7a64dd81e7ed5e8dff806"
        ],
        [
            "5a29f5974d4a87ced71fd7b4b1ae521a58381d25",
            "07616fd4b41234ff0a8c0cab360e1e82b5132bd3"
        ],
        [
            "5a29f5974d4a87ced71fd7b4b1ae521a58381d25",
            "771ea542dde503d8c5d4c68dc92a04dc7935261e"
        ]
    ]
}