{
    "testdir": "/benchmarks/2025-09-12-11-49-03--cpp_misra_grok-code-fast-1.top5.1/cpp/exercises/practice/perfect-numbers",
    "testcase": "perfect-numbers",
    "model": "xai/grok-code-fast-1-0825",
    "edit_format": "whole",
    "tests_outcomes": [
        false,
        false
    ],
    "cost": 0.010124300000000001,
    "duration": 48.75733232498169,
    "test_timeouts": 0,
    "commit_hash": "32faf82-dirty",
    "num_error_outputs": 0,
    "num_user_asks": 3,
    "num_exhausted_context_windows": 0,
    "num_malformed_responses": 0,
    "syntax_errors": 0,
    "indentation_errors": 0,
    "lazy_comments": 0,
    "reasoning_effort": null,
    "prompt_tokens": 39829,
    "completion_tokens": 1439,
    "thinking_tokens": null,
    "chat_hashes": [
        [
            "5ff365dd35144573aa175fcf9498e0f4e11204a7",
            "d32bd993c48035a58219deb90ae4e0e4570113a1"
        ],
        [
            "5ff365dd35144573aa175fcf9498e0f4e11204a7",
            "743f7b4c3f6e89740dae9030df776cf8555ff3a7"
        ],
        [
            "5ff365dd35144573aa175fcf9498e0f4e11204a7",
            "dedfa2a05f65191339cd4b3af1588bf140a718f7"
        ],
        [
            "5ff365dd35144573aa175fcf9498e0f4e11204a7",
            "782c126408f8f04327fd929cbdb5d43ead9aa720"
        ],
        [
            "5ff365dd35144573aa175fcf9498e0f4e11204a7",
            "319e8dacf8aed341d96b15df7c8a355b662f947c"
        ]
    ]
}