{
    "testdir": "/benchmarks/2025-08-31-19-49-39--cpp_misra_o3.top5.17/cpp/exercises/practice/gigasecond",
    "testcase": "gigasecond",
    "model": "o3",
    "edit_format": "diff",
    "tests_outcomes": [
        false,
        true
    ],
    "cost": 0.109968,
    "duration": 115.12744998931885,
    "test_timeouts": 0,
    "commit_hash": "32faf82-dirty",
    "num_error_outputs": 0,
    "num_user_asks": 5,
    "num_exhausted_context_windows": 0,
    "num_malformed_responses": 0,
    "syntax_errors": 0,
    "indentation_errors": 0,
    "lazy_comments": 0,
    "reasoning_effort": null,
    "prompt_tokens": 30044,
    "completion_tokens": 9907,
    "thinking_tokens": null,
    "chat_hashes": [
        [
            "5570d71e63f5d28449be40ac390705d540cb9709",
            "17921792a93349fb6a31c1cbe838a6a14b4a27d9"
        ],
        [
            "5570d71e63f5d28449be40ac390705d540cb9709",
            "e42e52a38de222c05b7d1afd15555fc31d829f21"
        ],
        [
            "5570d71e63f5d28449be40ac390705d540cb9709",
            "0548da99a15757fadab7928f21bf3b5b6f29fb8e"
        ],
        [
            "5570d71e63f5d28449be40ac390705d540cb9709",
            "234e452da164138d6a0462f20c8b13e0cfb33837"
        ],
        [
            "5570d71e63f5d28449be40ac390705d540cb9709",
            "b36d57222a573691507baf8bab15046bfd4b02f2"
        ],
        [
            "5570d71e63f5d28449be40ac390705d540cb9709",
            "0b8f1194fa41839b739c7358a0ef29061f670f31"
        ]
    ]
}