{
    "testdir": "/benchmarks/2025-09-19-17-54-37--misracpp_baseline_gpt5.12/cpp/exercises/practice/parallel-letter-frequency",
    "testcase": "parallel-letter-frequency",
    "model": "openai/gpt-5",
    "edit_format": "diff",
    "tests_outcomes": [
        false,
        true
    ],
    "cost": 0.108215,
    "duration": 164.70798635482788,
    "test_timeouts": 0,
    "commit_hash": "32faf82-dirty",
    "num_error_outputs": 0,
    "num_user_asks": 2,
    "num_exhausted_context_windows": 0,
    "num_malformed_responses": 0,
    "syntax_errors": 0,
    "indentation_errors": 0,
    "lazy_comments": 0,
    "reasoning_effort": null,
    "prompt_tokens": 20020,
    "completion_tokens": 9111,
    "thinking_tokens": null,
    "chat_hashes": [
        [
            "5a29f5974d4a87ced71fd7b4b1ae521a58381d25",
            "7658fb9420921a8f1db4d07ad9e4818b76200efe"
        ],
        [
            "5a29f5974d4a87ced71fd7b4b1ae521a58381d25",
            "cd129c9973482bccd7bebc29a1626e5a33946e10"
        ],
        [
            "5a29f5974d4a87ced71fd7b4b1ae521a58381d25",
            "4713c4b8a3ab50fdda9697c1e5a53e8dd243d37c"
        ],
        [
            "5a29f5974d4a87ced71fd7b4b1ae521a58381d25",
            "ab08cf837916bcd8c0d27d983b9d6ab6e9f4c8c6"
        ]
    ]
}