{
    "testdir": "/benchmarks/2025-08-21-13-00-58--misracpp_baseline.11/cpp/exercises/practice/clock",
    "testcase": "clock",
    "model": "gpt-4.1",
    "edit_format": "diff",
    "tests_outcomes": [
        false,
        true
    ],
    "cost": 0.048178,
    "duration": 39.597031593322754,
    "test_timeouts": 0,
    "commit_hash": "32faf82-dirty",
    "num_error_outputs": 0,
    "num_user_asks": 8,
    "num_exhausted_context_windows": 0,
    "num_malformed_responses": 0,
    "syntax_errors": 0,
    "indentation_errors": 0,
    "lazy_comments": 0,
    "reasoning_effort": null,
    "prompt_tokens": 31633,
    "completion_tokens": 1474,
    "thinking_tokens": null,
    "chat_hashes": [
        [
            "dd5eb8c6e1e03320d0933ca63c0164ae9d2a0152",
            "71310c0c936aab3fd40b1c0c3f55d97da8465a30"
        ],
        [
            "dd5eb8c6e1e03320d0933ca63c0164ae9d2a0152",
            "88e6574e760c534ae0d2d6291f66589580984617"
        ],
        [
            "dd5eb8c6e1e03320d0933ca63c0164ae9d2a0152",
            "a50680c7e0ddadceb55044a04c23c43ce85b4316"
        ],
        [
            "dd5eb8c6e1e03320d0933ca63c0164ae9d2a0152",
            "0efb897d4481518e1a1c317abbeaf957f303bb0c"
        ],
        [
            "dd5eb8c6e1e03320d0933ca63c0164ae9d2a0152",
            "5f68a17e653345e730a976f87c4f6a1ba5c74dd8"
        ],
        [
            "dd5eb8c6e1e03320d0933ca63c0164ae9d2a0152",
            "8cb610f657d670b3b26c098e4cc5796b320ec8b5"
        ],
        [
            "dd5eb8c6e1e03320d0933ca63c0164ae9d2a0152",
            "8cb610f657d670b3b26c098e4cc5796b320ec8b5"
        ],
        [
            "dd5eb8c6e1e03320d0933ca63c0164ae9d2a0152",
            "8fd5c3c7d7d0a0b6b16bcc69eccb623b7f7cd2ff"
        ]
    ]
}