{
    "testdir": "/benchmarks/2025-08-31-18-13-56--cpp_misra_o3.top5.2/cpp/exercises/practice/allergies",
    "testcase": "allergies",
    "model": "o3",
    "edit_format": "diff",
    "tests_outcomes": [
        false,
        false
    ],
    "cost": 0.661998,
    "duration": 132.2069013118744,
    "test_timeouts": 0,
    "commit_hash": "32faf82-dirty",
    "num_error_outputs": 2,
    "num_user_asks": 6,
    "num_exhausted_context_windows": 1,
    "num_malformed_responses": 0,
    "syntax_errors": 0,
    "indentation_errors": 0,
    "lazy_comments": 0,
    "reasoning_effort": null,
    "prompt_tokens": 297951,
    "completion_tokens": 10254,
    "thinking_tokens": null,
    "chat_hashes": [
        [
            "5570d71e63f5d28449be40ac390705d540cb9709",
            "60eb9fbd2de23bc42b3ed6519fadbebcfb953f58"
        ],
        [
            "5570d71e63f5d28449be40ac390705d540cb9709",
            "75bb0af977c91c21439cdf17d5987d2aaafc2223"
        ],
        [
            "5570d71e63f5d28449be40ac390705d540cb9709",
            "8a669d343af5f234afb7653b70cbc01c7c0a8cfa"
        ],
        [
            "5570d71e63f5d28449be40ac390705d540cb9709",
            "14a78602de2546e1f8fb965d65be9688e61b10de"
        ]
    ]
}