{
    "testdir": "/benchmarks/2025-08-26-11-00-16--cpp_misra.top3.2/cpp/exercises/practice/phone-number",
    "testcase": "phone-number",
    "model": "gpt-4.1",
    "edit_format": "diff",
    "tests_outcomes": [
        false,
        true
    ],
    "cost": 0.075416,
    "duration": 86.01551270484924,
    "test_timeouts": 0,
    "commit_hash": "32faf82-dirty",
    "num_error_outputs": 0,
    "num_user_asks": 8,
    "num_exhausted_context_windows": 0,
    "num_malformed_responses": 0,
    "syntax_errors": 0,
    "indentation_errors": 0,
    "lazy_comments": 0,
    "reasoning_effort": null,
    "prompt_tokens": 51912,
    "completion_tokens": 1513,
    "thinking_tokens": null,
    "chat_hashes": [
        [
            "dd5eb8c6e1e03320d0933ca63c0164ae9d2a0152",
            "2c0abd0ebe6a47c16ca54127b431d1518c4f03cd"
        ],
        [
            "dd5eb8c6e1e03320d0933ca63c0164ae9d2a0152",
            "d491494ec995eaeb5feff3890287be751baee03b"
        ],
        [
            "dd5eb8c6e1e03320d0933ca63c0164ae9d2a0152",
            "f12804de517a31d35835ec5df28732fb93ac5501"
        ],
        [
            "dd5eb8c6e1e03320d0933ca63c0164ae9d2a0152",
            "7d05d7fc56de976095f178610c0b23fd2025bce0"
        ],
        [
            "dd5eb8c6e1e03320d0933ca63c0164ae9d2a0152",
            "f43cf34befdf4fc998822c7d41355bd0364fc0d6"
        ],
        [
            "dd5eb8c6e1e03320d0933ca63c0164ae9d2a0152",
            "50169fc96f9950f32b62706c8d4c25a3ac5ec931"
        ],
        [
            "dd5eb8c6e1e03320d0933ca63c0164ae9d2a0152",
            "336fe62994f933b946b27755fed2ff084ea185f6"
        ],
        [
            "dd5eb8c6e1e03320d0933ca63c0164ae9d2a0152",
            "0c40dc72d309ca4d9a43a79aca73c3197c941a48"
        ]
    ]
}