{
    "testdir": "/benchmarks/2025-09-19-19-34-55--misracpp_baseline_gpt5.19/cpp/exercises/practice/grade-school",
    "testcase": "grade-school",
    "model": "openai/gpt-5",
    "edit_format": "diff",
    "tests_outcomes": [
        true
    ],
    "cost": 0.079898,
    "duration": 256.76697874069214,
    "test_timeouts": 0,
    "commit_hash": "32faf82-dirty",
    "num_error_outputs": 1,
    "num_user_asks": 1,
    "num_exhausted_context_windows": 0,
    "num_malformed_responses": 1,
    "syntax_errors": 0,
    "indentation_errors": 0,
    "lazy_comments": 0,
    "reasoning_effort": null,
    "prompt_tokens": 10288,
    "completion_tokens": 7323,
    "thinking_tokens": null,
    "chat_hashes": [
        [
            "5a29f5974d4a87ced71fd7b4b1ae521a58381d25",
            "0f272237bf00b16ddaf7d1e6b5e12f90a15751b6"
        ],
        [
            "5a29f5974d4a87ced71fd7b4b1ae521a58381d25",
            "ee78b41904938fa39dd23e30bac38325b4e6c011"
        ],
        [
            "5a29f5974d4a87ced71fd7b4b1ae521a58381d25",
            "9596e4d5d22460fbfd0f7bb3ddb6f45005d3cde9"
        ]
    ]
}