{
    "testdir": "/benchmarks/2025-08-21-13-31-26--misracpp_baseline.16/cpp/exercises/practice/zebra-puzzle",
    "testcase": "zebra-puzzle",
    "model": "gpt-4.1",
    "edit_format": "diff",
    "tests_outcomes": [
        false,
        true
    ],
    "cost": 0.11161,
    "duration": 195.74406385421753,
    "test_timeouts": 0,
    "commit_hash": "32faf82-dirty",
    "num_error_outputs": 1,
    "num_user_asks": 4,
    "num_exhausted_context_windows": 0,
    "num_malformed_responses": 1,
    "syntax_errors": 0,
    "indentation_errors": 0,
    "lazy_comments": 0,
    "reasoning_effort": null,
    "prompt_tokens": 40317,
    "completion_tokens": 7136,
    "thinking_tokens": null,
    "chat_hashes": [
        [
            "dd5eb8c6e1e03320d0933ca63c0164ae9d2a0152",
            "c57291206b888b4e64885644463e0cdf774712dc"
        ],
        [
            "dd5eb8c6e1e03320d0933ca63c0164ae9d2a0152",
            "b39006b8bd8f0042cc953e4bfcc27ca3c365f4a5"
        ],
        [
            "dd5eb8c6e1e03320d0933ca63c0164ae9d2a0152",
            "b1cac4f34e7d12e9ae65ffa203556d8700d22a90"
        ],
        [
            "dd5eb8c6e1e03320d0933ca63c0164ae9d2a0152",
            "b39006b8bd8f0042cc953e4bfcc27ca3c365f4a5"
        ],
        [
            "dd5eb8c6e1e03320d0933ca63c0164ae9d2a0152",
            "73652b68a88f186222b22becc873ad6d6fc832cf"
        ],
        [
            "dd5eb8c6e1e03320d0933ca63c0164ae9d2a0152",
            "19a425bde8b5cdfe5678aa17f759b432a763bd8b"
        ]
    ]
}