{
    "testdir": "/benchmarks/2025-09-23-14-29-36--cpp_misra_gpt5.top5.6/cpp/exercises/practice/meetup",
    "testcase": "meetup",
    "model": "openai/gpt-5",
    "edit_format": "diff",
    "tests_outcomes": [
        false,
        false
    ],
    "cost": 0.37877425000000003,
    "duration": 1086.2706990242004,
    "test_timeouts": 0,
    "commit_hash": "32faf82-dirty",
    "num_error_outputs": 1,
    "num_user_asks": 4,
    "num_exhausted_context_windows": 0,
    "num_malformed_responses": 1,
    "syntax_errors": 0,
    "indentation_errors": 0,
    "lazy_comments": 0,
    "reasoning_effort": null,
    "prompt_tokens": 92053,
    "completion_tokens": 29006,
    "thinking_tokens": null,
    "chat_hashes": [
        [
            "5a29f5974d4a87ced71fd7b4b1ae521a58381d25",
            "08dd4433e96c4b6e7410f80603b3c88d4538b76b"
        ],
        [
            "5a29f5974d4a87ced71fd7b4b1ae521a58381d25",
            "55178bd82ae76f8fd1d806bf54f2ad00f21d9d4d"
        ],
        [
            "5a29f5974d4a87ced71fd7b4b1ae521a58381d25",
            "fdc546b0b447102f968c2fb9f2d2c42c0b602e1d"
        ],
        [
            "5a29f5974d4a87ced71fd7b4b1ae521a58381d25",
            "47c2be55eef1974b58c0bd4a4068f15656e565eb"
        ],
        [
            "5a29f5974d4a87ced71fd7b4b1ae521a58381d25",
            "dcf0de17ba5bfc26934202d6dc22f251db000b3f"
        ],
        [
            "5a29f5974d4a87ced71fd7b4b1ae521a58381d25",
            "195d6550ed7f0907abcb1e2c6690f96f61a4a3a4"
        ]
    ]
}