{
    "testdir": "/benchmarks/2025-08-21-13-17-55--misracpp_baseline.14/cpp/exercises/practice/kindergarten-garden",
    "testcase": "kindergarten-garden",
    "model": "gpt-4.1",
    "edit_format": "diff",
    "tests_outcomes": [
        false,
        false
    ],
    "cost": 0.150652,
    "duration": 145.72046184539795,
    "test_timeouts": 0,
    "commit_hash": "32faf82-dirty",
    "num_error_outputs": 0,
    "num_user_asks": 8,
    "num_exhausted_context_windows": 0,
    "num_malformed_responses": 0,
    "syntax_errors": 0,
    "indentation_errors": 0,
    "lazy_comments": 0,
    "reasoning_effort": null,
    "prompt_tokens": 109242,
    "completion_tokens": 2345,
    "thinking_tokens": null,
    "chat_hashes": [
        [
            "dd5eb8c6e1e03320d0933ca63c0164ae9d2a0152",
            "d101605f03d706ccfec67e273a2b7a4967cb147b"
        ],
        [
            "dd5eb8c6e1e03320d0933ca63c0164ae9d2a0152",
            "557c67a6cb070e0fd6fe01091c8d1e303f6fb058"
        ],
        [
            "dd5eb8c6e1e03320d0933ca63c0164ae9d2a0152",
            "bc2e49b5d91a6ab786f816adf161ef7eecf22ad6"
        ],
        [
            "dd5eb8c6e1e03320d0933ca63c0164ae9d2a0152",
            "d5aaf988357b5a4c53003e6c519ff710205bc36b"
        ],
        [
            "dd5eb8c6e1e03320d0933ca63c0164ae9d2a0152",
            "46267834dedc16cf0725316bac8e51044849e091"
        ],
        [
            "dd5eb8c6e1e03320d0933ca63c0164ae9d2a0152",
            "a46af5c8847be80ccd37c5ee1f6cfb3560ff3a8d"
        ],
        [
            "dd5eb8c6e1e03320d0933ca63c0164ae9d2a0152",
            "d6bf7a122d5cc85916d49e8e9e8bc270dc49dfea"
        ],
        [
            "dd5eb8c6e1e03320d0933ca63c0164ae9d2a0152",
            "7693c1a43ebc418c3a7e5a36f35900c365933a5b"
        ]
    ]
}