{
    "testdir": "/benchmarks/2025-09-23-21-30-29--cpp_misra_gpt5.top5.21/cpp/exercises/practice/robot-name",
    "testcase": "robot-name",
    "model": "openai/gpt-5",
    "edit_format": "diff",
    "tests_outcomes": [
        true
    ],
    "cost": 0.11841850000000001,
    "duration": 227.56241273880005,
    "test_timeouts": 0,
    "commit_hash": "32faf82-dirty",
    "num_error_outputs": 1,
    "num_user_asks": 3,
    "num_exhausted_context_windows": 0,
    "num_malformed_responses": 1,
    "syntax_errors": 0,
    "indentation_errors": 0,
    "lazy_comments": 0,
    "reasoning_effort": null,
    "prompt_tokens": 19354,
    "completion_tokens": 10877,
    "thinking_tokens": null,
    "chat_hashes": [
        [
            "5a29f5974d4a87ced71fd7b4b1ae521a58381d25",
            "7e7aab79cb2f863c3d51101df578885bbe8c8e13"
        ],
        [
            "5a29f5974d4a87ced71fd7b4b1ae521a58381d25",
            "461f1e7d74ea14e7bc8e93c5b22c8351be1d7154"
        ],
        [
            "5a29f5974d4a87ced71fd7b4b1ae521a58381d25",
            "0b107cf6599d8c49f89cd1f424bdfb67e7eb471c"
        ],
        [
            "5a29f5974d4a87ced71fd7b4b1ae521a58381d25",
            "80d8514583e3cb88b965213becaf77b539d4b209"
        ]
    ]
}