{
    "testdir": "/benchmarks/2025-09-01-01-37-15--cpp_misra_deepseek-chat.top5.15/cpp/exercises/practice/grade-school",
    "testcase": "grade-school",
    "model": "deepseek/deepseek-chat",
    "edit_format": "diff",
    "tests_outcomes": [
        false,
        false
    ],
    "cost": 0.04205612999998111,
    "duration": 253.94545459747314,
    "test_timeouts": 0,
    "commit_hash": "32faf82-dirty",
    "num_error_outputs": 2,
    "num_user_asks": 6,
    "num_exhausted_context_windows": 1,
    "num_malformed_responses": 0,
    "syntax_errors": 0,
    "indentation_errors": 0,
    "lazy_comments": 0,
    "reasoning_effort": null,
    "prompt_tokens": 149119,
    "completion_tokens": 4796,
    "thinking_tokens": null,
    "chat_hashes": [
        [
            "d229a439b83a277ab75364ece3dd8437f0cca388",
            "0c25baf3602904491f3b5c413269bb6f5300d8b7"
        ],
        [
            "d229a439b83a277ab75364ece3dd8437f0cca388",
            "01b2a9326ce1e9bb4d00924e363935f5a982929b"
        ],
        [
            "d229a439b83a277ab75364ece3dd8437f0cca388",
            "9fc3be9f96e4d1a28db04b8742d7a9f4d2e438ff"
        ],
        [
            "d229a439b83a277ab75364ece3dd8437f0cca388",
            "ee40e679e24d57e46ebf0c063ed3990adf68e4ef"
        ]
    ]
}