{
    "testdir": "/benchmarks/2025-09-23-13-51-42--cpp_misra_gpt5.top5.4/cpp/exercises/practice/crypto-square",
    "testcase": "crypto-square",
    "model": "openai/gpt-5",
    "edit_format": "diff",
    "tests_outcomes": [
        true
    ],
    "cost": 0.11985975000000001,
    "duration": 221.69903588294983,
    "test_timeouts": 0,
    "commit_hash": "32faf82-dirty",
    "num_error_outputs": 1,
    "num_user_asks": 1,
    "num_exhausted_context_windows": 0,
    "num_malformed_responses": 1,
    "syntax_errors": 0,
    "indentation_errors": 0,
    "lazy_comments": 0,
    "reasoning_effort": null,
    "prompt_tokens": 17011,
    "completion_tokens": 10810,
    "thinking_tokens": null,
    "chat_hashes": [
        [
            "5a29f5974d4a87ced71fd7b4b1ae521a58381d25",
            "c94f63bda42188280e6b5b52de1689862cad9bac"
        ],
        [
            "5a29f5974d4a87ced71fd7b4b1ae521a58381d25",
            "054b22ae6cb65facf017bf45919a8eb96b9c3e5a"
        ],
        [
            "5a29f5974d4a87ced71fd7b4b1ae521a58381d25",
            "212db7affe37f4231d99b941b1ac3b31dd9b6620"
        ]
    ]
}