{
    "testdir": "/benchmarks/2025-08-31-19-49-39--cpp_misra_o3.top5.17/cpp/exercises/practice/complex-numbers",
    "testcase": "complex-numbers",
    "model": "o3",
    "edit_format": "diff",
    "tests_outcomes": [
        false,
        true
    ],
    "cost": 0.129756,
    "duration": 161.88270950317383,
    "test_timeouts": 0,
    "commit_hash": "32faf82-dirty",
    "num_error_outputs": 0,
    "num_user_asks": 4,
    "num_exhausted_context_windows": 0,
    "num_malformed_responses": 0,
    "syntax_errors": 0,
    "indentation_errors": 0,
    "lazy_comments": 0,
    "reasoning_effort": null,
    "prompt_tokens": 39394,
    "completion_tokens": 10763,
    "thinking_tokens": null,
    "chat_hashes": [
        [
            "5570d71e63f5d28449be40ac390705d540cb9709",
            "e928641f180d7720442e164a382e1aecfca832f7"
        ],
        [
            "5570d71e63f5d28449be40ac390705d540cb9709",
            "838f2b38c3eb07ce5b97f7dfc6d163344958c185"
        ],
        [
            "5570d71e63f5d28449be40ac390705d540cb9709",
            "1798d5b0fb3ec1b82ade182b0ee35e227744d979"
        ],
        [
            "5570d71e63f5d28449be40ac390705d540cb9709",
            "591e2efb9f3bc1560dcbabae041f385c963b9f4e"
        ],
        [
            "5570d71e63f5d28449be40ac390705d540cb9709",
            "55c67129c8665f56ea7d1657710abb7cd1f1162b"
        ],
        [
            "5570d71e63f5d28449be40ac390705d540cb9709",
            "d82e81b56e35b6f9572b37737e2c4686e0442348"
        ]
    ]
}