{
    "testdir": "/benchmarks/2025-09-01-21-11-51--cpp_misra_o3.top10.5/cpp/exercises/practice/diamond",
    "testcase": "diamond",
    "model": "o3",
    "edit_format": "diff",
    "tests_outcomes": [
        false,
        false
    ],
    "cost": 0.160992,
    "duration": 262.5139946937561,
    "test_timeouts": 0,
    "commit_hash": "32faf82-dirty",
    "num_error_outputs": 0,
    "num_user_asks": 2,
    "num_exhausted_context_windows": 0,
    "num_malformed_responses": 0,
    "syntax_errors": 0,
    "indentation_errors": 0,
    "lazy_comments": 0,
    "reasoning_effort": null,
    "prompt_tokens": 25300,
    "completion_tokens": 16367,
    "thinking_tokens": null,
    "chat_hashes": [
        [
            "5570d71e63f5d28449be40ac390705d540cb9709",
            "7fa5e6302a4d383379b7a6786f6b2005a409f050"
        ],
        [
            "5570d71e63f5d28449be40ac390705d540cb9709",
            "c93077fc6abc716676c94ee7b57cf3fae8b77bdf"
        ],
        [
            "5570d71e63f5d28449be40ac390705d540cb9709",
            "ca72ebb6b31691ce85431b1bc813d31fad31929c"
        ],
        [
            "5570d71e63f5d28449be40ac390705d540cb9709",
            "19348201e2c44fc04b42e1a26e882fccc70fda3c"
        ]
    ]
}