{
    "testdir": "/benchmarks/2025-09-24-10-08-48--cpp_misra_gpt5.top5.20/cpp/exercises/practice/gigasecond",
    "testcase": "gigasecond",
    "model": "openai/gpt-5",
    "edit_format": "diff",
    "tests_outcomes": [
        false,
        true
    ],
    "cost": 0.212415,
    "duration": 436.6270933151245,
    "test_timeouts": 0,
    "commit_hash": "32faf82-dirty",
    "num_error_outputs": 1,
    "num_user_asks": 7,
    "num_exhausted_context_windows": 0,
    "num_malformed_responses": 1,
    "syntax_errors": 0,
    "indentation_errors": 0,
    "lazy_comments": 0,
    "reasoning_effort": null,
    "prompt_tokens": 43756,
    "completion_tokens": 18940,
    "thinking_tokens": null,
    "chat_hashes": [
        [
            "5a29f5974d4a87ced71fd7b4b1ae521a58381d25",
            "9e7d8922b3acbc13dfa2ec978a6994c9ab0034d9"
        ],
        [
            "5a29f5974d4a87ced71fd7b4b1ae521a58381d25",
            "9c66096e62a40be81326c5f1213a4733b8614a50"
        ],
        [
            "5a29f5974d4a87ced71fd7b4b1ae521a58381d25",
            "3be9c87ddc2b1ecf86af465929d168e66769c2b9"
        ],
        [
            "5a29f5974d4a87ced71fd7b4b1ae521a58381d25",
            "b7f6b21829a1afbb7aee8b7a89629e2156840242"
        ],
        [
            "5a29f5974d4a87ced71fd7b4b1ae521a58381d25",
            "bd04fe5fb0df63561c3b97aedc2c569ddda954af"
        ],
        [
            "5a29f5974d4a87ced71fd7b4b1ae521a58381d25",
            "20ade9a09238d480e6ce4ef368645eb314362a96"
        ],
        [
            "5a29f5974d4a87ced71fd7b4b1ae521a58381d25",
            "308c7e046aba4e5fb767efc4b113cba95d135393"
        ],
        [
            "5a29f5974d4a87ced71fd7b4b1ae521a58381d25",
            "44d1b35c8f95280f8fee95d36572ce12cddc57d9"
        ]
    ]
}