{
    "testdir": "/benchmarks/2025-09-12-11-13-42--cpp_misra_gpt5.top5.2/cpp/exercises/practice/meetup",
    "testcase": "meetup",
    "model": "openai/gpt-5",
    "edit_format": "diff",
    "tests_outcomes": [
        false,
        false
    ],
    "cost": 0.5702907500000001,
    "duration": 1438.1190538406372,
    "test_timeouts": 0,
    "commit_hash": "32faf82-dirty",
    "num_error_outputs": 1,
    "num_user_asks": 6,
    "num_exhausted_context_windows": 0,
    "num_malformed_responses": 1,
    "syntax_errors": 0,
    "indentation_errors": 0,
    "lazy_comments": 0,
    "reasoning_effort": null,
    "prompt_tokens": 161015,
    "completion_tokens": 37867,
    "thinking_tokens": null,
    "chat_hashes": [
        [
            "5a29f5974d4a87ced71fd7b4b1ae521a58381d25",
            "c3103c5c82de1b01739dd8d33294b417c49809fb"
        ],
        [
            "5a29f5974d4a87ced71fd7b4b1ae521a58381d25",
            "1bc229c5e07fcd7545de34be8c6d7b38e3a31efd"
        ],
        [
            "5a29f5974d4a87ced71fd7b4b1ae521a58381d25",
            "f64c094e3c126f9e86196a7b845c92cc2bf778a1"
        ],
        [
            "5a29f5974d4a87ced71fd7b4b1ae521a58381d25",
            "c7af51ec676ec6f1595761bb2f19fd16e49b0628"
        ],
        [
            "5a29f5974d4a87ced71fd7b4b1ae521a58381d25",
            "8583c3a6e88d84e91a20e3500e4a89855f8f3f84"
        ],
        [
            "5a29f5974d4a87ced71fd7b4b1ae521a58381d25",
            "92578be74c2907bba64ed43957932a73df04b2d4"
        ],
        [
            "5a29f5974d4a87ced71fd7b4b1ae521a58381d25",
            "90d27c09acfa424922a92c04a5c6e8006c044c49"
        ],
        [
            "5a29f5974d4a87ced71fd7b4b1ae521a58381d25",
            "e118cc5cfa12805697dd07620a60226a36f7b15e"
        ]
    ]
}