{
    "testdir": "/benchmarks/2025-08-26-13-18-51--cpp_misra_deepseek-chat.3/cpp/exercises/practice/linked-list",
    "testcase": "linked-list",
    "model": "deepseek/deepseek-chat",
    "edit_format": "diff",
    "tests_outcomes": [
        true
    ],
    "cost": 0.00840054,
    "duration": 259.88678765296936,
    "test_timeouts": 0,
    "commit_hash": "32faf82-dirty",
    "num_error_outputs": 1,
    "num_user_asks": 3,
    "num_exhausted_context_windows": 0,
    "num_malformed_responses": 1,
    "syntax_errors": 0,
    "indentation_errors": 0,
    "lazy_comments": 0,
    "reasoning_effort": null,
    "prompt_tokens": 27302,
    "completion_tokens": 4310,
    "thinking_tokens": null,
    "chat_hashes": [
        [
            "d229a439b83a277ab75364ece3dd8437f0cca388",
            "845162c3045d05d488eca515f0130a7fd777651b"
        ],
        [
            "d229a439b83a277ab75364ece3dd8437f0cca388",
            "b314ba411d3820a2aed36335b8615c1c46372fc6"
        ],
        [
            "d229a439b83a277ab75364ece3dd8437f0cca388",
            "512519678fff7c2a26bc4f3656083e2c2cb54041"
        ],
        [
            "d229a439b83a277ab75364ece3dd8437f0cca388",
            "f76f12c16383003b18197439004680a67a894d68"
        ]
    ]
}