{
    "testdir": "/benchmarks/2025-09-23-14-57-47--cpp_misra_gpt5.top5.7/cpp/exercises/practice/perfect-numbers",
    "testcase": "perfect-numbers",
    "model": "openai/gpt-5",
    "edit_format": "diff",
    "tests_outcomes": [
        true
    ],
    "cost": 0.1235465,
    "duration": 238.44153332710266,
    "test_timeouts": 0,
    "commit_hash": "32faf82-dirty",
    "num_error_outputs": 1,
    "num_user_asks": 3,
    "num_exhausted_context_windows": 0,
    "num_malformed_responses": 1,
    "syntax_errors": 0,
    "indentation_errors": 0,
    "lazy_comments": 0,
    "reasoning_effort": null,
    "prompt_tokens": 18474,
    "completion_tokens": 11111,
    "thinking_tokens": null,
    "chat_hashes": [
        [
            "5a29f5974d4a87ced71fd7b4b1ae521a58381d25",
            "6874328eca34c2df3e1288180625495a1194628d"
        ],
        [
            "5a29f5974d4a87ced71fd7b4b1ae521a58381d25",
            "bcf02b81c2d0a534bb77668110265f80acfee903"
        ],
        [
            "5a29f5974d4a87ced71fd7b4b1ae521a58381d25",
            "5305ba768a6bac2d0ce4d757507341cbdbc160e2"
        ],
        [
            "5a29f5974d4a87ced71fd7b4b1ae521a58381d25",
            "2225a040a8aff67772eddf7e0ae6a32380667f96"
        ]
    ]
}