{
    "testdir": "/benchmarks/2025-08-31-22-51-22--cpp_misra_deepseek-chat.top5.6/cpp/exercises/practice/parallel-letter-frequency",
    "testcase": "parallel-letter-frequency",
    "model": "deepseek/deepseek-chat",
    "edit_format": "diff",
    "tests_outcomes": [
        false,
        false
    ],
    "cost": 0.0078702,
    "duration": 218.21590113639832,
    "test_timeouts": 0,
    "commit_hash": "32faf82-dirty",
    "num_error_outputs": 0,
    "num_user_asks": 2,
    "num_exhausted_context_windows": 0,
    "num_malformed_responses": 0,
    "syntax_errors": 0,
    "indentation_errors": 0,
    "lazy_comments": 0,
    "reasoning_effort": null,
    "prompt_tokens": 25910,
    "completion_tokens": 4123,
    "thinking_tokens": null,
    "chat_hashes": [
        [
            "d229a439b83a277ab75364ece3dd8437f0cca388",
            "22eff976082a77dadd88db594d7a26873eedff19"
        ],
        [
            "d229a439b83a277ab75364ece3dd8437f0cca388",
            "8bb7fc74a0d3fa4912ba4a0ce85222b162f0b0e4"
        ],
        [
            "d229a439b83a277ab75364ece3dd8437f0cca388",
            "f3142911fffd8557a45604363061e118e259cb4b"
        ],
        [
            "d229a439b83a277ab75364ece3dd8437f0cca388",
            "cc8624c3222b3b6023cf70546467c1eb87a337fd"
        ]
    ]
}