{
    "testdir": "/benchmarks/2025-08-31-18-13-56--cpp_misra_o3.top5.2/cpp/exercises/practice/crypto-square",
    "testcase": "crypto-square",
    "model": "o3",
    "edit_format": "diff",
    "tests_outcomes": [
        true
    ],
    "cost": 0.06964000000000001,
    "duration": 97.07739806175232,
    "test_timeouts": 0,
    "commit_hash": "32faf82-dirty",
    "num_error_outputs": 0,
    "num_user_asks": 1,
    "num_exhausted_context_windows": 0,
    "num_malformed_responses": 0,
    "syntax_errors": 0,
    "indentation_errors": 0,
    "lazy_comments": 0,
    "reasoning_effort": null,
    "prompt_tokens": 9600,
    "completion_tokens": 6833,
    "thinking_tokens": null,
    "chat_hashes": [
        [
            "5570d71e63f5d28449be40ac390705d540cb9709",
            "6384413b7d00bd5f953bfbb2c19211b65019bb15"
        ],
        [
            "5570d71e63f5d28449be40ac390705d540cb9709",
            "86d8029e008e60c3765526cd9ca2cc216a61b727"
        ]
    ]
}