{
    "testdir": "/benchmarks/2025-09-01-22-45-52--cpp_misra_o3.top10.16/cpp/exercises/practice/circular-buffer",
    "testcase": "circular-buffer",
    "model": "o3",
    "edit_format": "diff",
    "tests_outcomes": [
        false,
        true
    ],
    "cost": 0.24113599999999996,
    "duration": 510.98126435279846,
    "test_timeouts": 0,
    "commit_hash": "32faf82-dirty",
    "num_error_outputs": 0,
    "num_user_asks": 6,
    "num_exhausted_context_windows": 0,
    "num_malformed_responses": 0,
    "syntax_errors": 0,
    "indentation_errors": 0,
    "lazy_comments": 0,
    "reasoning_effort": null,
    "prompt_tokens": 63264,
    "completion_tokens": 20110,
    "thinking_tokens": null,
    "chat_hashes": [
        [
            "5570d71e63f5d28449be40ac390705d540cb9709",
            "c2cdb615d078cf7fa4171e1dfd02ba5e40e36549"
        ],
        [
            "5570d71e63f5d28449be40ac390705d540cb9709",
            "99eee73a104249572712f83cda8b376e8956fb2c"
        ],
        [
            "5570d71e63f5d28449be40ac390705d540cb9709",
            "85ea5f3ea4c4b2ce75dbd27aa498a87b56fbec29"
        ],
        [
            "5570d71e63f5d28449be40ac390705d540cb9709",
            "31f15ec22993aba2b734bf0844b3c3f0d06ee236"
        ],
        [
            "5570d71e63f5d28449be40ac390705d540cb9709",
            "24cb1a33cdd8804a50353b8c1bd29fc64ee2ae06"
        ],
        [
            "5570d71e63f5d28449be40ac390705d540cb9709",
            "402ad5cb434d2552f3dcf8b1d332e8edd0f70237"
        ],
        [
            "5570d71e63f5d28449be40ac390705d540cb9709",
            "0c96e32b38025ed4d592c7cd8e96aa1480ba3cee"
        ]
    ]
}