{
    "testdir": "/benchmarks/2025-09-01-23-30-16--cpp_misra_o3.top10.20/cpp/exercises/practice/clock",
    "testcase": "clock",
    "model": "o3",
    "edit_format": "diff",
    "tests_outcomes": [
        false,
        true
    ],
    "cost": 0.16615000000000002,
    "duration": 268.2972614765167,
    "test_timeouts": 0,
    "commit_hash": "32faf82-dirty",
    "num_error_outputs": 0,
    "num_user_asks": 4,
    "num_exhausted_context_windows": 0,
    "num_malformed_responses": 0,
    "syntax_errors": 0,
    "indentation_errors": 0,
    "lazy_comments": 0,
    "reasoning_effort": null,
    "prompt_tokens": 40591,
    "completion_tokens": 14317,
    "thinking_tokens": null,
    "chat_hashes": [
        [
            "5570d71e63f5d28449be40ac390705d540cb9709",
            "da6b43d776751fd70cb8c58d9cfd23061fb52626"
        ],
        [
            "5570d71e63f5d28449be40ac390705d540cb9709",
            "0b68b4a77271bc06e9f3597b3ee3d5fa3a3eab5b"
        ],
        [
            "5570d71e63f5d28449be40ac390705d540cb9709",
            "ddfed16b78202fe2b29d26669c5e7bdc1b4a5ee7"
        ],
        [
            "5570d71e63f5d28449be40ac390705d540cb9709",
            "008b32f0cd8147ffb64d481382b300fe0c7a6b23"
        ],
        [
            "5570d71e63f5d28449be40ac390705d540cb9709",
            "e86ed837023e73c75aa9a7a7c7300dab0c668a56"
        ],
        [
            "5570d71e63f5d28449be40ac390705d540cb9709",
            "b706cbdb4dd1418c2c5b541a619c0ef8ee78c953"
        ]
    ]
}