{
    "testdir": "/benchmarks/2025-08-31-23-03-31--cpp_misra_deepseek-chat.top5.7/cpp/exercises/practice/grade-school",
    "testcase": "grade-school",
    "model": "deepseek/deepseek-chat",
    "edit_format": "diff",
    "tests_outcomes": [
        false,
        false
    ],
    "cost": 0.0384859899999811,
    "duration": 181.67271876335144,
    "test_timeouts": 0,
    "commit_hash": "32faf82-dirty",
    "num_error_outputs": 2,
    "num_user_asks": 4,
    "num_exhausted_context_windows": 1,
    "num_malformed_responses": 0,
    "syntax_errors": 0,
    "indentation_errors": 0,
    "lazy_comments": 0,
    "reasoning_effort": null,
    "prompt_tokens": 135507,
    "completion_tokens": 3821,
    "thinking_tokens": null,
    "chat_hashes": [
        [
            "d229a439b83a277ab75364ece3dd8437f0cca388",
            "5fc2f5dda73913693204abea35e83210792af11f"
        ],
        [
            "d229a439b83a277ab75364ece3dd8437f0cca388",
            "d58b3e0e89f931708369dc17fc060812d81f6179"
        ],
        [
            "d229a439b83a277ab75364ece3dd8437f0cca388",
            "ce4bd151abdb28e8b03d318bf21d0be5a486efa5"
        ]
    ]
}