{
    "testdir": "/benchmarks/2025-08-31-19-56-44--cpp_misra_o3.top5.18/cpp/exercises/practice/dnd-character",
    "testcase": "dnd-character",
    "model": "o3",
    "edit_format": "diff",
    "tests_outcomes": [
        false,
        false
    ],
    "cost": 0.145588,
    "duration": 170.68832302093506,
    "test_timeouts": 0,
    "commit_hash": "32faf82-dirty",
    "num_error_outputs": 0,
    "num_user_asks": 2,
    "num_exhausted_context_windows": 0,
    "num_malformed_responses": 0,
    "syntax_errors": 0,
    "indentation_errors": 0,
    "lazy_comments": 0,
    "reasoning_effort": null,
    "prompt_tokens": 31906,
    "completion_tokens": 12454,
    "thinking_tokens": null,
    "chat_hashes": [
        [
            "5570d71e63f5d28449be40ac390705d540cb9709",
            "46fcdbd4c98d2a1685eb18487a96741c311ecbc7"
        ],
        [
            "5570d71e63f5d28449be40ac390705d540cb9709",
            "96bbb53b93a733a51136689a59529ca257dafcf7"
        ],
        [
            "5570d71e63f5d28449be40ac390705d540cb9709",
            "eca3654ea5e0f13b913fc6ad69d9e1d0ec84ba2f"
        ],
        [
            "5570d71e63f5d28449be40ac390705d540cb9709",
            "d8c5a2162a8883edb5955df6dae28007dfade9bd"
        ]
    ]
}