{
    "testdir": "/benchmarks/2025-08-26-12-20-03--cpp_misra.top3.19/cpp/exercises/practice/grade-school",
    "testcase": "grade-school",
    "model": "gpt-4.1",
    "edit_format": "diff",
    "tests_outcomes": [
        false,
        false
    ],
    "cost": 0.6176479999999999,
    "duration": 136.53244543075562,
    "test_timeouts": 0,
    "commit_hash": "32faf82-dirty",
    "num_error_outputs": 0,
    "num_user_asks": 8,
    "num_exhausted_context_windows": 0,
    "num_malformed_responses": 0,
    "syntax_errors": 0,
    "indentation_errors": 0,
    "lazy_comments": 0,
    "reasoning_effort": null,
    "prompt_tokens": 487032,
    "completion_tokens": 2008,
    "thinking_tokens": null,
    "chat_hashes": [
        [
            "dd5eb8c6e1e03320d0933ca63c0164ae9d2a0152",
            "cb1b7275bccb9674ba7c1331af3e53ac721b81f5"
        ],
        [
            "dd5eb8c6e1e03320d0933ca63c0164ae9d2a0152",
            "9d43ee669da675029aed5f99dee64c1c6990dea8"
        ],
        [
            "dd5eb8c6e1e03320d0933ca63c0164ae9d2a0152",
            "3db471b406445d613cfa68c5e70fe148d5c5c121"
        ],
        [
            "dd5eb8c6e1e03320d0933ca63c0164ae9d2a0152",
            "2440954b986ce969c8234e9ed26af4692c5bcc14"
        ],
        [
            "dd5eb8c6e1e03320d0933ca63c0164ae9d2a0152",
            "62392f293b5cc787dd9ef1d53e1e629e8890cd68"
        ],
        [
            "dd5eb8c6e1e03320d0933ca63c0164ae9d2a0152",
            "2585eb92f5356f1f7be23e28da3927f22a5b74c7"
        ],
        [
            "dd5eb8c6e1e03320d0933ca63c0164ae9d2a0152",
            "2440954b986ce969c8234e9ed26af4692c5bcc14"
        ],
        [
            "dd5eb8c6e1e03320d0933ca63c0164ae9d2a0152",
            "5c9192eb9a2f52bf30a44d71c8f3cfa4b63290a2"
        ]
    ]
}