{
    "testdir": "/benchmarks/2025-08-21-09-27-19--misracpp_baseline.4/cpp/exercises/practice/queen-attack",
    "testcase": "queen-attack",
    "model": "gpt-4.1",
    "edit_format": "diff",
    "tests_outcomes": [
        false,
        false
    ],
    "cost": 0.028168,
    "duration": 11.677599906921387,
    "test_timeouts": 0,
    "commit_hash": "32faf82-dirty",
    "num_error_outputs": 0,
    "num_user_asks": 4,
    "num_exhausted_context_windows": 0,
    "num_malformed_responses": 0,
    "syntax_errors": 0,
    "indentation_errors": 0,
    "lazy_comments": 0,
    "reasoning_effort": null,
    "prompt_tokens": 17312,
    "completion_tokens": 897,
    "thinking_tokens": null,
    "chat_hashes": [
        [
            "dd5eb8c6e1e03320d0933ca63c0164ae9d2a0152",
            "a9c6ed2f24a12dde63203f75c1f8a7dcb264d239"
        ],
        [
            "dd5eb8c6e1e03320d0933ca63c0164ae9d2a0152",
            "054ea5bbf117f60b78593dedee80343dc16e5092"
        ],
        [
            "dd5eb8c6e1e03320d0933ca63c0164ae9d2a0152",
            "891514d32e40fbe13a9ef138e773620b471e2767"
        ],
        [
            "dd5eb8c6e1e03320d0933ca63c0164ae9d2a0152",
            "069857ad619f30a50f7563251b7f5cd0ad8d3ae5"
        ],
        [
            "dd5eb8c6e1e03320d0933ca63c0164ae9d2a0152",
            "f0df811d2c4d07031430f37bfaad4d7a12088b4a"
        ]
    ]
}