{
    "testdir": "/benchmarks/2025-09-19-18-45-19--misracpp_baseline_gpt5.16/cpp/exercises/practice/meetup",
    "testcase": "meetup",
    "model": "openai/gpt-5",
    "edit_format": "diff",
    "tests_outcomes": [
        false,
        false
    ],
    "cost": 0.29905025,
    "duration": 515.2448046207428,
    "test_timeouts": 0,
    "commit_hash": "32faf82-dirty",
    "num_error_outputs": 1,
    "num_user_asks": 2,
    "num_exhausted_context_windows": 0,
    "num_malformed_responses": 1,
    "syntax_errors": 0,
    "indentation_errors": 0,
    "lazy_comments": 0,
    "reasoning_effort": null,
    "prompt_tokens": 65653,
    "completion_tokens": 22980,
    "thinking_tokens": null,
    "chat_hashes": [
        [
            "5a29f5974d4a87ced71fd7b4b1ae521a58381d25",
            "13ce2e31a5ff76f7fed6c11fcc44709fe77dd808"
        ],
        [
            "5a29f5974d4a87ced71fd7b4b1ae521a58381d25",
            "55ddf98601cfa0073b9c870397ae7538f693b66a"
        ],
        [
            "5a29f5974d4a87ced71fd7b4b1ae521a58381d25",
            "e493ea3916698276a0be005cd1c8039afd0bae57"
        ],
        [
            "5a29f5974d4a87ced71fd7b4b1ae521a58381d25",
            "26b4040b08acc631dc283f4bb8298a7b930c31ee"
        ],
        [
            "5a29f5974d4a87ced71fd7b4b1ae521a58381d25",
            "2a807f60ee9c32be424b82730d97baa429dbf271"
        ]
    ]
}