{
    "testdir": "/benchmarks/2025-08-21-09-23-39--misracpp_baseline.3/cpp/exercises/practice/diamond",
    "testcase": "diamond",
    "model": "gpt-4.1",
    "edit_format": "diff",
    "tests_outcomes": [
        true
    ],
    "cost": 0.017228,
    "duration": 9.203739166259766,
    "test_timeouts": 0,
    "commit_hash": "32faf82-dirty",
    "num_error_outputs": 0,
    "num_user_asks": 4,
    "num_exhausted_context_windows": 0,
    "num_malformed_responses": 0,
    "syntax_errors": 0,
    "indentation_errors": 0,
    "lazy_comments": 0,
    "reasoning_effort": null,
    "prompt_tokens": 11758,
    "completion_tokens": 558,
    "thinking_tokens": null,
    "chat_hashes": [
        [
            "dd5eb8c6e1e03320d0933ca63c0164ae9d2a0152",
            "f286b7c0e6921e3a5d946a3115c2a5a88c002ee5"
        ],
        [
            "dd5eb8c6e1e03320d0933ca63c0164ae9d2a0152",
            "566c3ebcffd942a1b32ed324278525ecb0bda4d6"
        ],
        [
            "dd5eb8c6e1e03320d0933ca63c0164ae9d2a0152",
            "3a7729f22789841b7ac9cbb0ef81022ef99dbb94"
        ],
        [
            "dd5eb8c6e1e03320d0933ca63c0164ae9d2a0152",
            "3a7729f22789841b7ac9cbb0ef81022ef99dbb94"
        ]
    ]
}