{
    "testdir": "/benchmarks/2025-09-01-05-07-14--cpp_misra_deepseek-chat.top5.20/cpp/exercises/practice/sublist",
    "testcase": "sublist",
    "model": "deepseek/deepseek-chat",
    "edit_format": "diff",
    "tests_outcomes": [
        false,
        false
    ],
    "cost": 0.016968280000000002,
    "duration": 321.7759470939636,
    "test_timeouts": 0,
    "commit_hash": "32faf82-dirty",
    "num_error_outputs": 0,
    "num_user_asks": 2,
    "num_exhausted_context_windows": 0,
    "num_malformed_responses": 0,
    "syntax_errors": 0,
    "indentation_errors": 0,
    "lazy_comments": 0,
    "reasoning_effort": null,
    "prompt_tokens": 54854,
    "completion_tokens": 5499,
    "thinking_tokens": null,
    "chat_hashes": [
        [
            "d229a439b83a277ab75364ece3dd8437f0cca388",
            "dc71e798227797db7322b12b4acc9a200635fd1b"
        ],
        [
            "d229a439b83a277ab75364ece3dd8437f0cca388",
            "c488092f0f00acd2ce547d5907eb2abd3de08444"
        ],
        [
            "d229a439b83a277ab75364ece3dd8437f0cca388",
            "27c22da9a450d678e829b7b9b95d91aee04f155c"
        ],
        [
            "d229a439b83a277ab75364ece3dd8437f0cca388",
            "8e78c56d7a5e5a503cd112c59a48f0d0dfeeb347"
        ]
    ]
}