{
    "testdir": "/benchmarks/2025-08-26-11-56-20--cpp_misra.top3.14/cpp/exercises/practice/grade-school",
    "testcase": "grade-school",
    "model": "gpt-4.1",
    "edit_format": "diff",
    "tests_outcomes": [
        false,
        true
    ],
    "cost": 0.6404599999999999,
    "duration": 133.22421503067017,
    "test_timeouts": 0,
    "commit_hash": "32faf82-dirty",
    "num_error_outputs": 0,
    "num_user_asks": 6,
    "num_exhausted_context_windows": 0,
    "num_malformed_responses": 0,
    "syntax_errors": 0,
    "indentation_errors": 0,
    "lazy_comments": 0,
    "reasoning_effort": null,
    "prompt_tokens": 503570,
    "completion_tokens": 1877,
    "thinking_tokens": null,
    "chat_hashes": [
        [
            "dd5eb8c6e1e03320d0933ca63c0164ae9d2a0152",
            "4014b5656c32e98aa94ca836180cba401c83fb53"
        ],
        [
            "dd5eb8c6e1e03320d0933ca63c0164ae9d2a0152",
            "7a1f7ee103a38d5c0eb13466631451a78dc18d7f"
        ],
        [
            "dd5eb8c6e1e03320d0933ca63c0164ae9d2a0152",
            "0e48a7402757e71c921fcad5803007a763bc6e0b"
        ],
        [
            "dd5eb8c6e1e03320d0933ca63c0164ae9d2a0152",
            "58447afde4f8c2ec8bfbbbadf94610b32fac65b2"
        ],
        [
            "dd5eb8c6e1e03320d0933ca63c0164ae9d2a0152",
            "0dabec0e55de55805cc0bdd239d876690ca842dc"
        ],
        [
            "dd5eb8c6e1e03320d0933ca63c0164ae9d2a0152",
            "3db471b406445d613cfa68c5e70fe148d5c5c121"
        ],
        [
            "dd5eb8c6e1e03320d0933ca63c0164ae9d2a0152",
            "dcc836318177f4cb940d0ab57ffed2f668b56f2d"
        ]
    ]
}