{
    "testdir": "/benchmarks/2025-08-26-13-56-09--cpp_misra_deepseek-chat.6/cpp/exercises/practice/kindergarten-garden",
    "testcase": "kindergarten-garden",
    "model": "deepseek/deepseek-chat",
    "edit_format": "diff",
    "tests_outcomes": [
        false,
        false
    ],
    "cost": 0.01469134,
    "duration": 298.0106065273285,
    "test_timeouts": 0,
    "commit_hash": "32faf82-dirty",
    "num_error_outputs": 0,
    "num_user_asks": 2,
    "num_exhausted_context_windows": 0,
    "num_malformed_responses": 0,
    "syntax_errors": 0,
    "indentation_errors": 0,
    "lazy_comments": 0,
    "reasoning_effort": null,
    "prompt_tokens": 48192,
    "completion_tokens": 4657,
    "thinking_tokens": null,
    "chat_hashes": [
        [
            "d229a439b83a277ab75364ece3dd8437f0cca388",
            "e8a64915cee09760c92b3a3aa1878a8e08a93c25"
        ],
        [
            "d229a439b83a277ab75364ece3dd8437f0cca388",
            "637487e60ee7055b3e45ba526629278d3fc6c82c"
        ],
        [
            "d229a439b83a277ab75364ece3dd8437f0cca388",
            "9e8cbc16d8e0c86344ce8d39d65431f51da9447a"
        ],
        [
            "d229a439b83a277ab75364ece3dd8437f0cca388",
            "ef5a203b58362c91a9ae621451ac062bdebbfd8d"
        ]
    ]
}