{
    "testdir": "/benchmarks/2025-08-31-21-25-59--cpp_misra_deepseek-chat.top5.4/cpp/exercises/practice/yacht",
    "testcase": "yacht",
    "model": "deepseek/deepseek-chat",
    "edit_format": "diff",
    "tests_outcomes": [
        false,
        false
    ],
    "cost": 0.023292390000000003,
    "duration": 392.5094621181488,
    "test_timeouts": 0,
    "commit_hash": "32faf82-dirty",
    "num_error_outputs": 1,
    "num_user_asks": 2,
    "num_exhausted_context_windows": 0,
    "num_malformed_responses": 1,
    "syntax_errors": 0,
    "indentation_errors": 0,
    "lazy_comments": 0,
    "reasoning_effort": null,
    "prompt_tokens": 76877,
    "completion_tokens": 7588,
    "thinking_tokens": null,
    "chat_hashes": [
        [
            "d229a439b83a277ab75364ece3dd8437f0cca388",
            "84e32200965b54967dc30c9b061d2afabaf3a76f"
        ],
        [
            "d229a439b83a277ab75364ece3dd8437f0cca388",
            "b5f1a167abeed77ebb3af3adb45aa8d01c8f1246"
        ],
        [
            "d229a439b83a277ab75364ece3dd8437f0cca388",
            "286571ba620df027cfa92d301ef89c60507d9b46"
        ],
        [
            "d229a439b83a277ab75364ece3dd8437f0cca388",
            "b0dc1330cc82ad617546f42a8a32e0048eb60350"
        ],
        [
            "d229a439b83a277ab75364ece3dd8437f0cca388",
            "1f1bac4d9d16e3cab8695c61840531b6cf329f7c"
        ]
    ]
}