{
    "testdir": "/benchmarks/2025-09-19-17-54-37--misracpp_baseline_gpt5.12/cpp/exercises/practice/zebra-puzzle",
    "testcase": "zebra-puzzle",
    "model": "openai/gpt-5",
    "edit_format": "diff",
    "tests_outcomes": [
        false,
        true
    ],
    "cost": 0.19674675000000005,
    "duration": 299.9235692024231,
    "test_timeouts": 0,
    "commit_hash": "32faf82-dirty",
    "num_error_outputs": 0,
    "num_user_asks": 8,
    "num_exhausted_context_windows": 0,
    "num_malformed_responses": 0,
    "syntax_errors": 0,
    "indentation_errors": 0,
    "lazy_comments": 0,
    "reasoning_effort": null,
    "prompt_tokens": 44127,
    "completion_tokens": 16722,
    "thinking_tokens": null,
    "chat_hashes": [
        [
            "5a29f5974d4a87ced71fd7b4b1ae521a58381d25",
            "6087eb89d02605530ea6ac2e867021a7fc2a3469"
        ],
        [
            "5a29f5974d4a87ced71fd7b4b1ae521a58381d25",
            "9eba707f25b1222277efbc1d6dd6f908d06198b1"
        ],
        [
            "5a29f5974d4a87ced71fd7b4b1ae521a58381d25",
            "b782ff4ab1553204f6827bdec776f75f8a2d6319"
        ],
        [
            "5a29f5974d4a87ced71fd7b4b1ae521a58381d25",
            "9eba707f25b1222277efbc1d6dd6f908d06198b1"
        ],
        [
            "5a29f5974d4a87ced71fd7b4b1ae521a58381d25",
            "b782ff4ab1553204f6827bdec776f75f8a2d6319"
        ],
        [
            "5a29f5974d4a87ced71fd7b4b1ae521a58381d25",
            "9eba707f25b1222277efbc1d6dd6f908d06198b1"
        ],
        [
            "5a29f5974d4a87ced71fd7b4b1ae521a58381d25",
            "b782ff4ab1553204f6827bdec776f75f8a2d6319"
        ],
        [
            "5a29f5974d4a87ced71fd7b4b1ae521a58381d25",
            "035f71042829ea72cf3f6435d9bd15668005f908"
        ]
    ]
}