{
    "testdir": "/benchmarks/2025-08-26-11-23-36--cpp_misra.top3.7/cpp/exercises/practice/zebra-puzzle",
    "testcase": "zebra-puzzle",
    "model": "gpt-4.1",
    "edit_format": "diff",
    "tests_outcomes": [
        false,
        false
    ],
    "cost": 0.10213199999999999,
    "duration": 54.56498312950134,
    "test_timeouts": 0,
    "commit_hash": "32faf82-dirty",
    "num_error_outputs": 0,
    "num_user_asks": 8,
    "num_exhausted_context_windows": 0,
    "num_malformed_responses": 0,
    "syntax_errors": 0,
    "indentation_errors": 0,
    "lazy_comments": 0,
    "reasoning_effort": null,
    "prompt_tokens": 63466,
    "completion_tokens": 2876,
    "thinking_tokens": null,
    "chat_hashes": [
        [
            "dd5eb8c6e1e03320d0933ca63c0164ae9d2a0152",
            "ca44c8f48b1c4f995e20b7e448d6299ad29e0616"
        ],
        [
            "dd5eb8c6e1e03320d0933ca63c0164ae9d2a0152",
            "0173af64838731bb6efa6c02aaf9ec0541a28c91"
        ],
        [
            "dd5eb8c6e1e03320d0933ca63c0164ae9d2a0152",
            "2856dc3e886ba814aadc088bdb6e477f70f6f661"
        ],
        [
            "dd5eb8c6e1e03320d0933ca63c0164ae9d2a0152",
            "f27b93ad2a3458c88c17cabb4fc5f3635c5034b6"
        ],
        [
            "dd5eb8c6e1e03320d0933ca63c0164ae9d2a0152",
            "fc8d814c5c9c368f7c5c2654ec147f2223bd9dd1"
        ],
        [
            "dd5eb8c6e1e03320d0933ca63c0164ae9d2a0152",
            "cc9ac3751e3730286c90cac5245163f7d4e5ae9f"
        ],
        [
            "dd5eb8c6e1e03320d0933ca63c0164ae9d2a0152",
            "3bb8bcf5d3eba65f32fc07dad8649f34a160dbdf"
        ],
        [
            "dd5eb8c6e1e03320d0933ca63c0164ae9d2a0152",
            "cc9ac3751e3730286c90cac5245163f7d4e5ae9f"
        ]
    ]
}