{
    "testdir": "/benchmarks/2025-08-26-11-09-41--cpp_misra.top3.4/cpp/exercises/practice/meetup",
    "testcase": "meetup",
    "model": "gpt-4.1",
    "edit_format": "diff",
    "tests_outcomes": [
        false,
        false
    ],
    "cost": 0.219054,
    "duration": 236.90922832489014,
    "test_timeouts": 0,
    "commit_hash": "32faf82-dirty",
    "num_error_outputs": 0,
    "num_user_asks": 8,
    "num_exhausted_context_windows": 0,
    "num_malformed_responses": 0,
    "syntax_errors": 0,
    "indentation_errors": 0,
    "lazy_comments": 0,
    "reasoning_effort": null,
    "prompt_tokens": 151227,
    "completion_tokens": 3783,
    "thinking_tokens": null,
    "chat_hashes": [
        [
            "dd5eb8c6e1e03320d0933ca63c0164ae9d2a0152",
            "02aa4cb3b65f70879f008c01109f617330a7a56b"
        ],
        [
            "dd5eb8c6e1e03320d0933ca63c0164ae9d2a0152",
            "ac042670c5d49da1da267e72c9bc28cf9c01dff6"
        ],
        [
            "dd5eb8c6e1e03320d0933ca63c0164ae9d2a0152",
            "0fe9a435e1a58da55ca5381f923b726850be3c10"
        ],
        [
            "dd5eb8c6e1e03320d0933ca63c0164ae9d2a0152",
            "ac042670c5d49da1da267e72c9bc28cf9c01dff6"
        ],
        [
            "dd5eb8c6e1e03320d0933ca63c0164ae9d2a0152",
            "6148a9ebaad1db1a2a2469b7e041ca121263c66c"
        ],
        [
            "dd5eb8c6e1e03320d0933ca63c0164ae9d2a0152",
            "a1f6c2ab1d96175b54332fea523613491ec00e8f"
        ],
        [
            "dd5eb8c6e1e03320d0933ca63c0164ae9d2a0152",
            "ac042670c5d49da1da267e72c9bc28cf9c01dff6"
        ],
        [
            "dd5eb8c6e1e03320d0933ca63c0164ae9d2a0152",
            "0fe9a435e1a58da55ca5381f923b726850be3c10"
        ]
    ]
}