{
    "testdir": "/benchmarks/2025-08-26-11-05-03--cpp_misra.top3.3/cpp/exercises/practice/meetup",
    "testcase": "meetup",
    "model": "gpt-4.1",
    "edit_format": "diff",
    "tests_outcomes": [
        false,
        false
    ],
    "cost": 0.23668999999999996,
    "duration": 259.3857088088989,
    "test_timeouts": 0,
    "commit_hash": "32faf82-dirty",
    "num_error_outputs": 0,
    "num_user_asks": 8,
    "num_exhausted_context_windows": 0,
    "num_malformed_responses": 0,
    "syntax_errors": 0,
    "indentation_errors": 0,
    "lazy_comments": 0,
    "reasoning_effort": null,
    "prompt_tokens": 151053,
    "completion_tokens": 6559,
    "thinking_tokens": null,
    "chat_hashes": [
        [
            "dd5eb8c6e1e03320d0933ca63c0164ae9d2a0152",
            "d9ef7cdd73eb7bdcaa0a2d63e47f0c6dd9a8149a"
        ],
        [
            "dd5eb8c6e1e03320d0933ca63c0164ae9d2a0152",
            "1e78d8f2c3def64548e098883813afb9be857e68"
        ],
        [
            "dd5eb8c6e1e03320d0933ca63c0164ae9d2a0152",
            "c4c187564a2053e181d447ff914da34322709540"
        ],
        [
            "dd5eb8c6e1e03320d0933ca63c0164ae9d2a0152",
            "8fd0859a6c51567c5898fa231a4c1b61a64e4043"
        ],
        [
            "dd5eb8c6e1e03320d0933ca63c0164ae9d2a0152",
            "1cfac6de47b3da97a0305dfb1d05a83df1926dd3"
        ],
        [
            "dd5eb8c6e1e03320d0933ca63c0164ae9d2a0152",
            "b37618da4a940a65d30947520fb717d574c017ba"
        ],
        [
            "dd5eb8c6e1e03320d0933ca63c0164ae9d2a0152",
            "0bacae42a2369d5d00f6123427606ba61e65b2e0"
        ],
        [
            "dd5eb8c6e1e03320d0933ca63c0164ae9d2a0152",
            "aad9b06489a96ff1de9a083e9978f116fae0037e"
        ]
    ]
}