{
    "testdir": "/benchmarks/2025-08-21-13-52-26--misracpp_baseline.20/cpp/exercises/practice/zebra-puzzle",
    "testcase": "zebra-puzzle",
    "model": "gpt-4.1",
    "edit_format": "diff",
    "tests_outcomes": [
        false,
        false
    ],
    "cost": 0.080674,
    "duration": 40.477433919906616,
    "test_timeouts": 0,
    "commit_hash": "32faf82-dirty",
    "num_error_outputs": 0,
    "num_user_asks": 6,
    "num_exhausted_context_windows": 0,
    "num_malformed_responses": 0,
    "syntax_errors": 0,
    "indentation_errors": 0,
    "lazy_comments": 0,
    "reasoning_effort": null,
    "prompt_tokens": 48401,
    "completion_tokens": 2736,
    "thinking_tokens": null,
    "chat_hashes": [
        [
            "dd5eb8c6e1e03320d0933ca63c0164ae9d2a0152",
            "58b6086e19026e7609f17a6cfdfd37f41d17bb6c"
        ],
        [
            "dd5eb8c6e1e03320d0933ca63c0164ae9d2a0152",
            "0173af64838731bb6efa6c02aaf9ec0541a28c91"
        ],
        [
            "dd5eb8c6e1e03320d0933ca63c0164ae9d2a0152",
            "542eea8b7915ff381127dd335153571346434d03"
        ],
        [
            "dd5eb8c6e1e03320d0933ca63c0164ae9d2a0152",
            "51f101230c2faaad157d41388294aca7ca556a35"
        ],
        [
            "dd5eb8c6e1e03320d0933ca63c0164ae9d2a0152",
            "0998273834c6954dbcb74d5d04d540e57275df1e"
        ],
        [
            "dd5eb8c6e1e03320d0933ca63c0164ae9d2a0152",
            "6819092cec2dc28303772ccd9635e22abdabaad5"
        ],
        [
            "dd5eb8c6e1e03320d0933ca63c0164ae9d2a0152",
            "112c0055b58c71c9f93c46b660b580ce514473dd"
        ]
    ]
}