{
    "testdir": "/benchmarks/2025-08-31-19-43-37--cpp_misra_o3.top5.16/cpp/exercises/practice/diamond",
    "testcase": "diamond",
    "model": "o3",
    "edit_format": "diff",
    "tests_outcomes": [
        false,
        true
    ],
    "cost": 0.111424,
    "duration": 134.26484036445618,
    "test_timeouts": 0,
    "commit_hash": "32faf82-dirty",
    "num_error_outputs": 0,
    "num_user_asks": 2,
    "num_exhausted_context_windows": 0,
    "num_malformed_responses": 0,
    "syntax_errors": 0,
    "indentation_errors": 0,
    "lazy_comments": 0,
    "reasoning_effort": null,
    "prompt_tokens": 22240,
    "completion_tokens": 10864,
    "thinking_tokens": null,
    "chat_hashes": [
        [
            "5570d71e63f5d28449be40ac390705d540cb9709",
            "923e68e4b92bd5d39145b77b5deacbcac0d29801"
        ],
        [
            "5570d71e63f5d28449be40ac390705d540cb9709",
            "10cfaa59808c8610b3e7c5ebe73d6fcb562dc07a"
        ],
        [
            "5570d71e63f5d28449be40ac390705d540cb9709",
            "53a33b2b541933aa242b7c26b0af26ba5a1a7440"
        ],
        [
            "5570d71e63f5d28449be40ac390705d540cb9709",
            "6716bbee638d63db046c84a2b47d13cbfc234459"
        ]
    ]
}