{
    "testdir": "/benchmarks/2025-09-23-13-32-57--cpp_misra_gpt5.top5.3/cpp/exercises/practice/gigasecond",
    "testcase": "gigasecond",
    "model": "openai/gpt-5",
    "edit_format": "diff",
    "tests_outcomes": [
        false,
        true
    ],
    "cost": 0.18020800000000003,
    "duration": 328.7489175796509,
    "test_timeouts": 0,
    "commit_hash": "32faf82-dirty",
    "num_error_outputs": 1,
    "num_user_asks": 7,
    "num_exhausted_context_windows": 0,
    "num_malformed_responses": 1,
    "syntax_errors": 0,
    "indentation_errors": 0,
    "lazy_comments": 0,
    "reasoning_effort": null,
    "prompt_tokens": 44856,
    "completion_tokens": 15337,
    "thinking_tokens": null,
    "chat_hashes": [
        [
            "5a29f5974d4a87ced71fd7b4b1ae521a58381d25",
            "361d024944066a714ea3f10da81a74c94fa848fa"
        ],
        [
            "5a29f5974d4a87ced71fd7b4b1ae521a58381d25",
            "c72f4a2a222931922b59c25e5cd824ce6a53a386"
        ],
        [
            "5a29f5974d4a87ced71fd7b4b1ae521a58381d25",
            "6d1a1a4c93bf6194a876a244c237c69f59d05e98"
        ],
        [
            "5a29f5974d4a87ced71fd7b4b1ae521a58381d25",
            "e5fe5b15ee56c4ccc3b4d376cf35a8bc7cc77b62"
        ],
        [
            "5a29f5974d4a87ced71fd7b4b1ae521a58381d25",
            "4d81f707f445ea56042dcf46827b9c30edcc9f32"
        ],
        [
            "5a29f5974d4a87ced71fd7b4b1ae521a58381d25",
            "8b766b726c5a00c250ffb7aae9868dbe5e805bd7"
        ],
        [
            "5a29f5974d4a87ced71fd7b4b1ae521a58381d25",
            "d68caa7ea940630045ef582778fdfe38c6f84797"
        ],
        [
            "5a29f5974d4a87ced71fd7b4b1ae521a58381d25",
            "8b766b726c5a00c250ffb7aae9868dbe5e805bd7"
        ]
    ]
}