{
    "testdir": "/benchmarks/2025-08-26-11-29-12--cpp_misra.top3.8/cpp/exercises/practice/parallel-letter-frequency",
    "testcase": "parallel-letter-frequency",
    "model": "gpt-4.1",
    "edit_format": "diff",
    "tests_outcomes": [
        false,
        false
    ],
    "cost": 0.072406,
    "duration": 48.701420068740845,
    "test_timeouts": 0,
    "commit_hash": "32faf82-dirty",
    "num_error_outputs": 0,
    "num_user_asks": 8,
    "num_exhausted_context_windows": 0,
    "num_malformed_responses": 0,
    "syntax_errors": 0,
    "indentation_errors": 0,
    "lazy_comments": 0,
    "reasoning_effort": null,
    "prompt_tokens": 48607,
    "completion_tokens": 2347,
    "thinking_tokens": null,
    "chat_hashes": [
        [
            "dd5eb8c6e1e03320d0933ca63c0164ae9d2a0152",
            "110f150c4f959ddb894a90cb8b47960b1f805117"
        ],
        [
            "dd5eb8c6e1e03320d0933ca63c0164ae9d2a0152",
            "43a4faf3bedee123ff01a76ad79c50980fbe9bc8"
        ],
        [
            "dd5eb8c6e1e03320d0933ca63c0164ae9d2a0152",
            "e19811c97a3a8c83412f94ad4e93b5c9464f718f"
        ],
        [
            "dd5eb8c6e1e03320d0933ca63c0164ae9d2a0152",
            "d0327923a299a2dc6fc584affc9b71841dce23cb"
        ],
        [
            "dd5eb8c6e1e03320d0933ca63c0164ae9d2a0152",
            "f0d5e7c62ea1dbe7783891d2d7ebbe84e48e4717"
        ],
        [
            "dd5eb8c6e1e03320d0933ca63c0164ae9d2a0152",
            "1e5b484b5dcf152098fc8b1dd697386e3066c11f"
        ],
        [
            "dd5eb8c6e1e03320d0933ca63c0164ae9d2a0152",
            "649b1f63b77915deed0a022736976caf3dabbd41"
        ],
        [
            "dd5eb8c6e1e03320d0933ca63c0164ae9d2a0152",
            "5cec3e68668fa1b7f2d95712ccd0853c32423d59"
        ]
    ]
}