{
    "testdir": "/benchmarks/2025-08-21-13-25-46--misracpp_baseline.15/cpp/exercises/practice/dnd-character",
    "testcase": "dnd-character",
    "model": "gpt-4.1",
    "edit_format": "diff",
    "tests_outcomes": [
        false,
        false
    ],
    "cost": 0.09669599999999999,
    "duration": 111.68041396141052,
    "test_timeouts": 0,
    "commit_hash": "32faf82-dirty",
    "num_error_outputs": 0,
    "num_user_asks": 8,
    "num_exhausted_context_windows": 0,
    "num_malformed_responses": 0,
    "syntax_errors": 0,
    "indentation_errors": 0,
    "lazy_comments": 0,
    "reasoning_effort": null,
    "prompt_tokens": 61980,
    "completion_tokens": 2856,
    "thinking_tokens": null,
    "chat_hashes": [
        [
            "dd5eb8c6e1e03320d0933ca63c0164ae9d2a0152",
            "715d5749cd94c7f70039dcda7c8ba4b59df8bfa8"
        ],
        [
            "dd5eb8c6e1e03320d0933ca63c0164ae9d2a0152",
            "187b28cf563605be21ba134c694854888f07a097"
        ],
        [
            "dd5eb8c6e1e03320d0933ca63c0164ae9d2a0152",
            "56b3581b7cd62ff2d320d838a02ce9e0be924ec7"
        ],
        [
            "dd5eb8c6e1e03320d0933ca63c0164ae9d2a0152",
            "1a415518553ff953c241c35aabcfd9307b6c504c"
        ],
        [
            "dd5eb8c6e1e03320d0933ca63c0164ae9d2a0152",
            "8e1f7f267a9902e6d2992e5bd1bcd7874ead7b87"
        ],
        [
            "dd5eb8c6e1e03320d0933ca63c0164ae9d2a0152",
            "860c07aec5614afaf64728e8b026944850efa6e3"
        ],
        [
            "dd5eb8c6e1e03320d0933ca63c0164ae9d2a0152",
            "315d3523a01e5332493177e4fda5384f2878844a"
        ],
        [
            "dd5eb8c6e1e03320d0933ca63c0164ae9d2a0152",
            "95d00463aa446dd2612bc0cda004a37c84a0f0ea"
        ]
    ]
}