{
    "testdir": "/benchmarks/2025-09-23-17-24-50--cpp_misra_gpt5.top5.15/cpp/exercises/practice/kindergarten-garden",
    "testcase": "kindergarten-garden",
    "model": "openai/gpt-5",
    "edit_format": "diff",
    "tests_outcomes": [
        false,
        true
    ],
    "cost": 0.33827475000000007,
    "duration": 644.9391794204712,
    "test_timeouts": 0,
    "commit_hash": "32faf82-dirty",
    "num_error_outputs": 0,
    "num_user_asks": 4,
    "num_exhausted_context_windows": 0,
    "num_malformed_responses": 0,
    "syntax_errors": 0,
    "indentation_errors": 0,
    "lazy_comments": 0,
    "reasoning_effort": null,
    "prompt_tokens": 90527,
    "completion_tokens": 27206,
    "thinking_tokens": null,
    "chat_hashes": [
        [
            "5a29f5974d4a87ced71fd7b4b1ae521a58381d25",
            "f2843d83cfc109b6468b3da7d4111bfaf0a52d09"
        ],
        [
            "5a29f5974d4a87ced71fd7b4b1ae521a58381d25",
            "d2e3b3bb39bb66ff542a17f6e4f8ea856dbdde87"
        ],
        [
            "5a29f5974d4a87ced71fd7b4b1ae521a58381d25",
            "3668b3f751ad38d12ce2256c65063bcff0e1ea17"
        ],
        [
            "5a29f5974d4a87ced71fd7b4b1ae521a58381d25",
            "af7c7f0ea2a8eac084c9b3024369f52433407ae0"
        ],
        [
            "5a29f5974d4a87ced71fd7b4b1ae521a58381d25",
            "b4058ff4db7a7f577140912a0407a2e283ff6547"
        ],
        [
            "5a29f5974d4a87ced71fd7b4b1ae521a58381d25",
            "1467d1194d785b01e3f9b62fc956f27e31e54e16"
        ]
    ]
}