{
    "testdir": "/benchmarks/2025-09-23-16-34-39--cpp_misra_gpt5.top5.12/cpp/exercises/practice/bank-account",
    "testcase": "bank-account",
    "model": "openai/gpt-5",
    "edit_format": "diff",
    "tests_outcomes": [
        false,
        true
    ],
    "cost": 0.16464650000000003,
    "duration": 274.3171555995941,
    "test_timeouts": 0,
    "commit_hash": "32faf82-dirty",
    "num_error_outputs": 0,
    "num_user_asks": 2,
    "num_exhausted_context_windows": 0,
    "num_malformed_responses": 0,
    "syntax_errors": 0,
    "indentation_errors": 0,
    "lazy_comments": 0,
    "reasoning_effort": null,
    "prompt_tokens": 20338,
    "completion_tokens": 15060,
    "thinking_tokens": null,
    "chat_hashes": [
        [
            "5a29f5974d4a87ced71fd7b4b1ae521a58381d25",
            "0f4848cf950755211883bae976e2a34887c137a0"
        ],
        [
            "5a29f5974d4a87ced71fd7b4b1ae521a58381d25",
            "05cc93ed6afe7fc5f6faa201892e1410c22c6a03"
        ],
        [
            "5a29f5974d4a87ced71fd7b4b1ae521a58381d25",
            "353e578755d0727c3f4123df071773ebcda3853f"
        ],
        [
            "5a29f5974d4a87ced71fd7b4b1ae521a58381d25",
            "53cfa0943cb5f7715a2ab93a770bb2b6daab6b4e"
        ]
    ]
}