{
    "testdir": "/benchmarks/2025-08-21-09-35-50--misracpp_baseline.6/cpp/exercises/practice/dnd-character",
    "testcase": "dnd-character",
    "model": "gpt-4.1",
    "edit_format": "diff",
    "tests_outcomes": [
        false,
        false
    ],
    "cost": 0.078904,
    "duration": 47.370715618133545,
    "test_timeouts": 0,
    "commit_hash": "32faf82-dirty",
    "num_error_outputs": 0,
    "num_user_asks": 8,
    "num_exhausted_context_windows": 0,
    "num_malformed_responses": 0,
    "syntax_errors": 0,
    "indentation_errors": 0,
    "lazy_comments": 0,
    "reasoning_effort": null,
    "prompt_tokens": 56776,
    "completion_tokens": 1477,
    "thinking_tokens": null,
    "chat_hashes": [
        [
            "dd5eb8c6e1e03320d0933ca63c0164ae9d2a0152",
            "6e55ee29d281f7d964cff461564499ba140f3bd1"
        ],
        [
            "dd5eb8c6e1e03320d0933ca63c0164ae9d2a0152",
            "90af04b456de9e6f3d831a9c10f199b6f092056b"
        ],
        [
            "dd5eb8c6e1e03320d0933ca63c0164ae9d2a0152",
            "715e4ad6f74cff5c3d28af362c9e78dd12deae2f"
        ],
        [
            "dd5eb8c6e1e03320d0933ca63c0164ae9d2a0152",
            "8a5794e8b31b9f03be21af72b30110b8de876395"
        ],
        [
            "dd5eb8c6e1e03320d0933ca63c0164ae9d2a0152",
            "8cd9aabbd479acb69ab79ccb1a65cacdba093a1d"
        ],
        [
            "dd5eb8c6e1e03320d0933ca63c0164ae9d2a0152",
            "2e2e2e1d4b71bfd7181a4ccbdad6843aba467a46"
        ],
        [
            "dd5eb8c6e1e03320d0933ca63c0164ae9d2a0152",
            "a698457d37f7ffa74a6de662e584f34dcfb8aaf0"
        ],
        [
            "dd5eb8c6e1e03320d0933ca63c0164ae9d2a0152",
            "bb143d57bcebd70eb0f7945a24c40bdd484f30ab"
        ]
    ]
}