{
    "testdir": "/benchmarks/2025-08-26-11-19-16--cpp_misra.top3.6/cpp/exercises/practice/diamond",
    "testcase": "diamond",
    "model": "gpt-4.1",
    "edit_format": "diff",
    "tests_outcomes": [
        false,
        true
    ],
    "cost": 0.05387,
    "duration": 30.49126672744751,
    "test_timeouts": 0,
    "commit_hash": "32faf82-dirty",
    "num_error_outputs": 0,
    "num_user_asks": 8,
    "num_exhausted_context_windows": 0,
    "num_malformed_responses": 0,
    "syntax_errors": 0,
    "indentation_errors": 0,
    "lazy_comments": 0,
    "reasoning_effort": null,
    "prompt_tokens": 41851,
    "completion_tokens": 1167,
    "thinking_tokens": null,
    "chat_hashes": [
        [
            "dd5eb8c6e1e03320d0933ca63c0164ae9d2a0152",
            "8859b2978a12c228fe531a96f15930cb4da35972"
        ],
        [
            "dd5eb8c6e1e03320d0933ca63c0164ae9d2a0152",
            "8cb0a48cfa8c20b3033523c13b0dd08ae20bbf4c"
        ],
        [
            "dd5eb8c6e1e03320d0933ca63c0164ae9d2a0152",
            "b53d5b9a3135725aee8defc2967e3e90a22e3708"
        ],
        [
            "dd5eb8c6e1e03320d0933ca63c0164ae9d2a0152",
            "8cb0a48cfa8c20b3033523c13b0dd08ae20bbf4c"
        ],
        [
            "dd5eb8c6e1e03320d0933ca63c0164ae9d2a0152",
            "91e51cb10782878a9b2ebb3249d2a6bfee06b365"
        ],
        [
            "dd5eb8c6e1e03320d0933ca63c0164ae9d2a0152",
            "b53d5b9a3135725aee8defc2967e3e90a22e3708"
        ],
        [
            "dd5eb8c6e1e03320d0933ca63c0164ae9d2a0152",
            "8cb0a48cfa8c20b3033523c13b0dd08ae20bbf4c"
        ],
        [
            "dd5eb8c6e1e03320d0933ca63c0164ae9d2a0152",
            "b53d5b9a3135725aee8defc2967e3e90a22e3708"
        ]
    ]
}