{
    "testdir": "/benchmarks/2025-08-26-11-49-19--cpp_misra.top3.12/cpp/exercises/practice/grade-school",
    "testcase": "grade-school",
    "model": "gpt-4.1",
    "edit_format": "diff",
    "tests_outcomes": [
        false,
        false
    ],
    "cost": 0.611396,
    "duration": 106.09044814109802,
    "test_timeouts": 0,
    "commit_hash": "32faf82-dirty",
    "num_error_outputs": 0,
    "num_user_asks": 8,
    "num_exhausted_context_windows": 0,
    "num_malformed_responses": 0,
    "syntax_errors": 0,
    "indentation_errors": 0,
    "lazy_comments": 0,
    "reasoning_effort": null,
    "prompt_tokens": 485558,
    "completion_tokens": 1403,
    "thinking_tokens": null,
    "chat_hashes": [
        [
            "dd5eb8c6e1e03320d0933ca63c0164ae9d2a0152",
            "d2b940e78362342895a4f5ccb86ff1d9016d734d"
        ],
        [
            "dd5eb8c6e1e03320d0933ca63c0164ae9d2a0152",
            "ec5787f1a54f24cc7560b5d71c4246ab755b5f77"
        ],
        [
            "dd5eb8c6e1e03320d0933ca63c0164ae9d2a0152",
            "475458996d68d944a296f053dee625fd8678dece"
        ],
        [
            "dd5eb8c6e1e03320d0933ca63c0164ae9d2a0152",
            "f97b922617000a0a9426d62f5bd289d5fd2f1f81"
        ],
        [
            "dd5eb8c6e1e03320d0933ca63c0164ae9d2a0152",
            "9b1fd18ca93eced20ecae35265e60464756024d9"
        ],
        [
            "dd5eb8c6e1e03320d0933ca63c0164ae9d2a0152",
            "475458996d68d944a296f053dee625fd8678dece"
        ],
        [
            "dd5eb8c6e1e03320d0933ca63c0164ae9d2a0152",
            "f97b922617000a0a9426d62f5bd289d5fd2f1f81"
        ],
        [
            "dd5eb8c6e1e03320d0933ca63c0164ae9d2a0152",
            "475458996d68d944a296f053dee625fd8678dece"
        ]
    ]
}