{
    "testdir": "/benchmarks/2025-09-19-17-22-52--misracpp_baseline_gpt5.10/cpp/exercises/practice/phone-number",
    "testcase": "phone-number",
    "model": "openai/gpt-5",
    "edit_format": "diff",
    "tests_outcomes": [
        true
    ],
    "cost": 0.13075675,
    "duration": 181.40410041809082,
    "test_timeouts": 0,
    "commit_hash": "32faf82-dirty",
    "num_error_outputs": 1,
    "num_user_asks": 3,
    "num_exhausted_context_windows": 0,
    "num_malformed_responses": 1,
    "syntax_errors": 0,
    "indentation_errors": 0,
    "lazy_comments": 0,
    "reasoning_effort": null,
    "prompt_tokens": 14631,
    "completion_tokens": 12010,
    "thinking_tokens": null,
    "chat_hashes": [
        [
            "5a29f5974d4a87ced71fd7b4b1ae521a58381d25",
            "ac4e21c068b3ad060efe64d3639dcd0da71174da"
        ],
        [
            "5a29f5974d4a87ced71fd7b4b1ae521a58381d25",
            "92c4232af27c4601fef8aa721a6538e2d63bf25b"
        ],
        [
            "5a29f5974d4a87ced71fd7b4b1ae521a58381d25",
            "376938ce6460aee8b9cc0dace7bd597d6d4c9239"
        ],
        [
            "5a29f5974d4a87ced71fd7b4b1ae521a58381d25",
            "b3d1b9909294bf2f8e7134861581312d91399428"
        ]
    ]
}