{
    "testdir": "/benchmarks/2025-09-19-18-57-30--misracpp_baseline_gpt5.17/cpp/exercises/practice/parallel-letter-frequency",
    "testcase": "parallel-letter-frequency",
    "model": "openai/gpt-5",
    "edit_format": "diff",
    "tests_outcomes": [
        false,
        true
    ],
    "cost": 0.21356425,
    "duration": 351.8427186012268,
    "test_timeouts": 0,
    "commit_hash": "32faf82-dirty",
    "num_error_outputs": 0,
    "num_user_asks": 5,
    "num_exhausted_context_windows": 0,
    "num_malformed_responses": 0,
    "syntax_errors": 0,
    "indentation_errors": 0,
    "lazy_comments": 0,
    "reasoning_effort": null,
    "prompt_tokens": 39701,
    "completion_tokens": 18165,
    "thinking_tokens": null,
    "chat_hashes": [
        [
            "5a29f5974d4a87ced71fd7b4b1ae521a58381d25",
            "db1ff2aa12244dd72664d17202cb9b9691346c06"
        ],
        [
            "5a29f5974d4a87ced71fd7b4b1ae521a58381d25",
            "40c46ce8694a72afb737e05fd4f980cba6f145ac"
        ],
        [
            "5a29f5974d4a87ced71fd7b4b1ae521a58381d25",
            "200b995850ec9d27426bea4267b641532e7cdb53"
        ],
        [
            "5a29f5974d4a87ced71fd7b4b1ae521a58381d25",
            "1313d42d70a7879a6aed5e6d76378c4498fa185b"
        ],
        [
            "5a29f5974d4a87ced71fd7b4b1ae521a58381d25",
            "35a2f30ea93d857aa2ac4c4693ccfdcf392635bf"
        ],
        [
            "5a29f5974d4a87ced71fd7b4b1ae521a58381d25",
            "ded25c82f0e7c78ce1ee437d4532d8146303302b"
        ]
    ]
}