{
    "testdir": "/benchmarks/2025-09-01-21-54-51--cpp_misra_o3.top10.10/cpp/exercises/practice/parallel-letter-frequency",
    "testcase": "parallel-letter-frequency",
    "model": "o3",
    "edit_format": "diff",
    "tests_outcomes": [
        false,
        false
    ],
    "cost": 0.190036,
    "duration": 269.3636589050293,
    "test_timeouts": 0,
    "commit_hash": "32faf82-dirty",
    "num_error_outputs": 0,
    "num_user_asks": 8,
    "num_exhausted_context_windows": 0,
    "num_malformed_responses": 0,
    "syntax_errors": 0,
    "indentation_errors": 0,
    "lazy_comments": 0,
    "reasoning_effort": null,
    "prompt_tokens": 61614,
    "completion_tokens": 16751,
    "thinking_tokens": null,
    "chat_hashes": [
        [
            "5570d71e63f5d28449be40ac390705d540cb9709",
            "1cd26dc71df62011c65cd932cfbc6de1a1046bb6"
        ],
        [
            "5570d71e63f5d28449be40ac390705d540cb9709",
            "9c573f38bbf278afd90b65d86396a6127a349b19"
        ],
        [
            "5570d71e63f5d28449be40ac390705d540cb9709",
            "e1bca2378aef4fec7e02251ca37904ecc591c99f"
        ],
        [
            "5570d71e63f5d28449be40ac390705d540cb9709",
            "7de3593b0e6e40f8963e3ac055042135dc1cc095"
        ],
        [
            "5570d71e63f5d28449be40ac390705d540cb9709",
            "f34e4b3030dcd587167b062d179d9db173cc6ee0"
        ],
        [
            "5570d71e63f5d28449be40ac390705d540cb9709",
            "ee926e37ebbbba51264a16fb6a46df98ecf9bf98"
        ],
        [
            "5570d71e63f5d28449be40ac390705d540cb9709",
            "b6e957fb8ce02548ad71564c3b7ff49ea170c57c"
        ],
        [
            "5570d71e63f5d28449be40ac390705d540cb9709",
            "fc4954becd52e2c4691b6ec9a07a8fa889cfdef4"
        ]
    ]
}