{
    "testdir": "/benchmarks/2025-08-21-09-42-55--misracpp_baseline.7/cpp/exercises/practice/dnd-character",
    "testcase": "dnd-character",
    "model": "gpt-4.1",
    "edit_format": "diff",
    "tests_outcomes": [
        false,
        false
    ],
    "cost": 0.07948200000000001,
    "duration": 54.77505946159363,
    "test_timeouts": 0,
    "commit_hash": "32faf82-dirty",
    "num_error_outputs": 0,
    "num_user_asks": 8,
    "num_exhausted_context_windows": 0,
    "num_malformed_responses": 0,
    "syntax_errors": 0,
    "indentation_errors": 0,
    "lazy_comments": 0,
    "reasoning_effort": null,
    "prompt_tokens": 57281,
    "completion_tokens": 1807,
    "thinking_tokens": null,
    "chat_hashes": [
        [
            "dd5eb8c6e1e03320d0933ca63c0164ae9d2a0152",
            "18de28ef8d865926aeebb4b283e7206f22f8ff4b"
        ],
        [
            "dd5eb8c6e1e03320d0933ca63c0164ae9d2a0152",
            "cb952a9f33b862eac98efd29fa9e384a04932091"
        ],
        [
            "dd5eb8c6e1e03320d0933ca63c0164ae9d2a0152",
            "786d714577847661a896b5b448393661766e6a4c"
        ],
        [
            "dd5eb8c6e1e03320d0933ca63c0164ae9d2a0152",
            "e16864bf0bacaf402bd55db750fa4f0afafbea8c"
        ],
        [
            "dd5eb8c6e1e03320d0933ca63c0164ae9d2a0152",
            "52027c7d6c6abeb4c8b6661e6124ce8575f7ffda"
        ],
        [
            "dd5eb8c6e1e03320d0933ca63c0164ae9d2a0152",
            "8d40b980fe511258c9577f559cd8a33c6ac372be"
        ],
        [
            "dd5eb8c6e1e03320d0933ca63c0164ae9d2a0152",
            "0d597838c7cb32fc9431e25660c32143a916c29b"
        ],
        [
            "dd5eb8c6e1e03320d0933ca63c0164ae9d2a0152",
            "5779f884f5dad02629060d67fa5e96e7b55ac1ef"
        ]
    ]
}