{
    "testdir": "/benchmarks/2025-08-22-11-29-58--misracpp_baseline_deepseek-chat.15/cpp/exercises/practice/diamond",
    "testcase": "diamond",
    "model": "deepseek/deepseek-chat",
    "edit_format": "diff",
    "tests_outcomes": [
        true
    ],
    "cost": 0.00523562,
    "duration": 174.31804823875427,
    "test_timeouts": 0,
    "commit_hash": "32faf82-dirty",
    "num_error_outputs": 0,
    "num_user_asks": 2,
    "num_exhausted_context_windows": 0,
    "num_malformed_responses": 0,
    "syntax_errors": 0,
    "indentation_errors": 0,
    "lazy_comments": 0,
    "reasoning_effort": null,
    "prompt_tokens": 11046,
    "completion_tokens": 3468,
    "thinking_tokens": null,
    "chat_hashes": [
        [
            "d229a439b83a277ab75364ece3dd8437f0cca388",
            "3b0db3a13b4860dec8687b706e590d539954a1fe"
        ],
        [
            "d229a439b83a277ab75364ece3dd8437f0cca388",
            "b863893744d6b7ce2c90b2afa799dc9a3418f7c9"
        ],
        [
            "d229a439b83a277ab75364ece3dd8437f0cca388",
            "85be4925898123eb866df945e8d387c71d9e946d"
        ]
    ]
}