{
    "testdir": "/benchmarks/2025-08-27-13-44-43--misracpp_baseline_o3.6/cpp/exercises/practice/clock",
    "testcase": "clock",
    "model": "o3",
    "edit_format": "diff",
    "tests_outcomes": [
        false,
        true
    ],
    "cost": 0.201222,
    "duration": 328.35254096984863,
    "test_timeouts": 0,
    "commit_hash": "32faf82-dirty",
    "num_error_outputs": 0,
    "num_user_asks": 6,
    "num_exhausted_context_windows": 0,
    "num_malformed_responses": 0,
    "syntax_errors": 0,
    "indentation_errors": 0,
    "lazy_comments": 0,
    "reasoning_effort": null,
    "prompt_tokens": 37847,
    "completion_tokens": 18931,
    "thinking_tokens": null,
    "chat_hashes": [
        [
            "5570d71e63f5d28449be40ac390705d540cb9709",
            "67c99acc391448992cebbf548e0b702c80ee6474"
        ],
        [
            "5570d71e63f5d28449be40ac390705d540cb9709",
            "e8eb6434efcbdfb56b8c7389404338da20613ce2"
        ],
        [
            "5570d71e63f5d28449be40ac390705d540cb9709",
            "6c0c6a58b22d6720da1cd90b69752b9a1a902045"
        ],
        [
            "5570d71e63f5d28449be40ac390705d540cb9709",
            "b2370f56fa22abc875a961f459433081d2618e32"
        ],
        [
            "5570d71e63f5d28449be40ac390705d540cb9709",
            "8546576c067ed967994ee589cd7dfa3984435e85"
        ],
        [
            "5570d71e63f5d28449be40ac390705d540cb9709",
            "e72c58af4efd04952cb6178e9bd67c9e6a82020b"
        ],
        [
            "5570d71e63f5d28449be40ac390705d540cb9709",
            "5a2ff4a16ca5507b6855a6733bf10161ebba1ed5"
        ]
    ]
}