{
    "testdir": "/benchmarks/2025-08-22-09-19-52--misracpp_baseline_deepseek-chat.9/cpp/exercises/practice/meetup",
    "testcase": "meetup",
    "model": "deepseek/deepseek-chat",
    "edit_format": "diff",
    "tests_outcomes": [
        false,
        false
    ],
    "cost": 0.03286511,
    "duration": 556.6007945537567,
    "test_timeouts": 0,
    "commit_hash": "32faf82-dirty",
    "num_error_outputs": 0,
    "num_user_asks": 5,
    "num_exhausted_context_windows": 0,
    "num_malformed_responses": 0,
    "syntax_errors": 0,
    "indentation_errors": 0,
    "lazy_comments": 0,
    "reasoning_effort": null,
    "prompt_tokens": 142063,
    "completion_tokens": 8843,
    "thinking_tokens": null,
    "chat_hashes": [
        [
            "d229a439b83a277ab75364ece3dd8437f0cca388",
            "51f44d70bd5cc12d738803ea41794f78c4af89d9"
        ],
        [
            "d229a439b83a277ab75364ece3dd8437f0cca388",
            "f2d376d315fe97205cca769508385000c72b7747"
        ],
        [
            "d229a439b83a277ab75364ece3dd8437f0cca388",
            "25a644ae0b59c8a498cecc17107fdf622bbf4f21"
        ],
        [
            "d229a439b83a277ab75364ece3dd8437f0cca388",
            "3c786baea1db5dd51eddb8a9d28649b0e58c3dc2"
        ],
        [
            "d229a439b83a277ab75364ece3dd8437f0cca388",
            "52861ccd9a8510da0ce8a72757b7bc5eded47a9e"
        ],
        [
            "d229a439b83a277ab75364ece3dd8437f0cca388",
            "b4841316ada3f257438ffef423cea0e5d19be02a"
        ]
    ]
}