{
    "testdir": "/benchmarks/2025-08-26-21-19-04--cpp_misra_deepseek-chat.13/cpp/exercises/practice/dnd-character",
    "testcase": "dnd-character",
    "model": "deepseek/deepseek-chat",
    "edit_format": "diff",
    "tests_outcomes": [
        false,
        true
    ],
    "cost": 0.00774964,
    "duration": 235.63053035736084,
    "test_timeouts": 0,
    "commit_hash": "32faf82-dirty",
    "num_error_outputs": 0,
    "num_user_asks": 2,
    "num_exhausted_context_windows": 0,
    "num_malformed_responses": 0,
    "syntax_errors": 0,
    "indentation_errors": 0,
    "lazy_comments": 0,
    "reasoning_effort": null,
    "prompt_tokens": 24592,
    "completion_tokens": 4174,
    "thinking_tokens": null,
    "chat_hashes": [
        [
            "d229a439b83a277ab75364ece3dd8437f0cca388",
            "fe054db994d15a5f7d8d047a7095a7477c7655be"
        ],
        [
            "d229a439b83a277ab75364ece3dd8437f0cca388",
            "e2c5bfe568d76d6ea378f8ece1e992b092d1beaa"
        ],
        [
            "d229a439b83a277ab75364ece3dd8437f0cca388",
            "459e1447b529a3a20e76b47ae58d776b99ffa928"
        ],
        [
            "d229a439b83a277ab75364ece3dd8437f0cca388",
            "e7aa8a27ed00168413356667eb6221e0ecbceaed"
        ]
    ]
}