{
    "testdir": "/benchmarks/2025-08-26-11-34-50--cpp_misra.top3.9/cpp/exercises/practice/knapsack",
    "testcase": "knapsack",
    "model": "gpt-4.1",
    "edit_format": "diff",
    "tests_outcomes": [
        false,
        true
    ],
    "cost": 0.062566,
    "duration": 37.451091289520264,
    "test_timeouts": 0,
    "commit_hash": "32faf82-dirty",
    "num_error_outputs": 0,
    "num_user_asks": 8,
    "num_exhausted_context_windows": 0,
    "num_malformed_responses": 0,
    "syntax_errors": 0,
    "indentation_errors": 0,
    "lazy_comments": 0,
    "reasoning_effort": null,
    "prompt_tokens": 46155,
    "completion_tokens": 1706,
    "thinking_tokens": null,
    "chat_hashes": [
        [
            "dd5eb8c6e1e03320d0933ca63c0164ae9d2a0152",
            "28c223873e27c34bb4ad5e04af0c74da5a264487"
        ],
        [
            "dd5eb8c6e1e03320d0933ca63c0164ae9d2a0152",
            "7854eae2c74b06cac23859b9e633896ed26a0f27"
        ],
        [
            "dd5eb8c6e1e03320d0933ca63c0164ae9d2a0152",
            "af7f2518dd6f6b6d6fc9715dff0e6e5ccf0536d2"
        ],
        [
            "dd5eb8c6e1e03320d0933ca63c0164ae9d2a0152",
            "7736ed17c699033bac464cd09f6e2e126e84264c"
        ],
        [
            "dd5eb8c6e1e03320d0933ca63c0164ae9d2a0152",
            "348e72eef6e5df609b41f0944022aca6d2469ac4"
        ],
        [
            "dd5eb8c6e1e03320d0933ca63c0164ae9d2a0152",
            "c41df643112dba780dc5ba23d19e34aed9363d80"
        ],
        [
            "dd5eb8c6e1e03320d0933ca63c0164ae9d2a0152",
            "21e78b250a5298bc75ad767498b2f10d019a3f6e"
        ],
        [
            "dd5eb8c6e1e03320d0933ca63c0164ae9d2a0152",
            "d8fb8d21aff61df5852cf63ac91238b0cb9ee2be"
        ]
    ]
}