{
    "testdir": "/benchmarks/2025-08-26-11-23-36--cpp_misra.top3.7/cpp/exercises/practice/kindergarten-garden",
    "testcase": "kindergarten-garden",
    "model": "gpt-4.1",
    "edit_format": "diff",
    "tests_outcomes": [
        false,
        false
    ],
    "cost": 0.173326,
    "duration": 149.6080937385559,
    "test_timeouts": 0,
    "commit_hash": "32faf82-dirty",
    "num_error_outputs": 0,
    "num_user_asks": 7,
    "num_exhausted_context_windows": 0,
    "num_malformed_responses": 0,
    "syntax_errors": 0,
    "indentation_errors": 0,
    "lazy_comments": 0,
    "reasoning_effort": null,
    "prompt_tokens": 119791,
    "completion_tokens": 4270,
    "thinking_tokens": null,
    "chat_hashes": [
        [
            "dd5eb8c6e1e03320d0933ca63c0164ae9d2a0152",
            "57c6514b031768bdf27c031a9273c95b788aae7d"
        ],
        [
            "dd5eb8c6e1e03320d0933ca63c0164ae9d2a0152",
            "51ea85ac30343fb97660350900f0997d46322fc8"
        ],
        [
            "dd5eb8c6e1e03320d0933ca63c0164ae9d2a0152",
            "a9943d80410c223ef825f76937b4c2436ef73c6f"
        ],
        [
            "dd5eb8c6e1e03320d0933ca63c0164ae9d2a0152",
            "c7d3b4ce2ae5fc191b093bfdc50e43071e01ad44"
        ],
        [
            "dd5eb8c6e1e03320d0933ca63c0164ae9d2a0152",
            "0991f13819517547a6401bf44d194b37b67aaa35"
        ],
        [
            "dd5eb8c6e1e03320d0933ca63c0164ae9d2a0152",
            "b0ced84068b232e0b2d8fead5cb9811cfd89e2de"
        ],
        [
            "dd5eb8c6e1e03320d0933ca63c0164ae9d2a0152",
            "4fab7b9ba4cf3a2c6d49d4ca3e8350278d04a3fa"
        ],
        [
            "dd5eb8c6e1e03320d0933ca63c0164ae9d2a0152",
            "8b61c83c72604326a88673e9a21277c23358c702"
        ]
    ]
}