{
    "testdir": "/benchmarks/2025-09-19-15-47-30--misracpp_baseline_gpt5.4/cpp/exercises/practice/circular-buffer",
    "testcase": "circular-buffer",
    "model": "openai/gpt-5",
    "edit_format": "diff",
    "tests_outcomes": [
        true
    ],
    "cost": 0.15783925000000001,
    "duration": 295.0405125617981,
    "test_timeouts": 0,
    "commit_hash": "32faf82-dirty",
    "num_error_outputs": 1,
    "num_user_asks": 3,
    "num_exhausted_context_windows": 0,
    "num_malformed_responses": 1,
    "syntax_errors": 0,
    "indentation_errors": 0,
    "lazy_comments": 0,
    "reasoning_effort": null,
    "prompt_tokens": 20177,
    "completion_tokens": 14313,
    "thinking_tokens": null,
    "chat_hashes": [
        [
            "5a29f5974d4a87ced71fd7b4b1ae521a58381d25",
            "5e13e56480f8502d8e093dcf545771be7ae6f136"
        ],
        [
            "5a29f5974d4a87ced71fd7b4b1ae521a58381d25",
            "9fd5ea05816c115ffc0cd2039b628fe32eadd518"
        ],
        [
            "5a29f5974d4a87ced71fd7b4b1ae521a58381d25",
            "fecdf784b3aebba1ae097dc29289f8c838d839a5"
        ],
        [
            "5a29f5974d4a87ced71fd7b4b1ae521a58381d25",
            "cca037569b85c682ec36bc94944d12ecf270f491"
        ]
    ]
}