{
    "testdir": "/benchmarks/2025-09-23-17-24-50--cpp_misra_gpt5.top5.15/cpp/exercises/practice/phone-number",
    "testcase": "phone-number",
    "model": "openai/gpt-5",
    "edit_format": "diff",
    "tests_outcomes": [
        false,
        true
    ],
    "cost": 0.31750875,
    "duration": 687.8115177154541,
    "test_timeouts": 0,
    "commit_hash": "32faf82-dirty",
    "num_error_outputs": 1,
    "num_user_asks": 7,
    "num_exhausted_context_windows": 0,
    "num_malformed_responses": 1,
    "syntax_errors": 0,
    "indentation_errors": 0,
    "lazy_comments": 0,
    "reasoning_effort": null,
    "prompt_tokens": 57023,
    "completion_tokens": 28511,
    "thinking_tokens": null,
    "chat_hashes": [
        [
            "5a29f5974d4a87ced71fd7b4b1ae521a58381d25",
            "580d691da8d382546dce6e04bd9744f59b301d80"
        ],
        [
            "5a29f5974d4a87ced71fd7b4b1ae521a58381d25",
            "6673d17c18137f7538760dc50e2a7b4a7e85e308"
        ],
        [
            "5a29f5974d4a87ced71fd7b4b1ae521a58381d25",
            "1afa26463c8f7093ac9e664076eb6d9e04ec4a10"
        ],
        [
            "5a29f5974d4a87ced71fd7b4b1ae521a58381d25",
            "f7d025c02881c54c5a01701de7e751a25eb09a83"
        ],
        [
            "5a29f5974d4a87ced71fd7b4b1ae521a58381d25",
            "9db1196412fc489c7a2566370f7eb9816f59adb9"
        ],
        [
            "5a29f5974d4a87ced71fd7b4b1ae521a58381d25",
            "7779adf493d0b7503dd9b565aad651c1d2ca29a3"
        ],
        [
            "5a29f5974d4a87ced71fd7b4b1ae521a58381d25",
            "fa30009ac5fac2f7d809fa3ba4ec343b9eed9a7f"
        ],
        [
            "5a29f5974d4a87ced71fd7b4b1ae521a58381d25",
            "cf9b221a3a5f265935520c455e082dfd3e862ec5"
        ]
    ]
}