{
    "testdir": "/benchmarks/2025-08-26-12-20-03--cpp_misra.top3.19/cpp/exercises/practice/gigasecond",
    "testcase": "gigasecond",
    "model": "gpt-4.1",
    "edit_format": "diff",
    "tests_outcomes": [
        false,
        false
    ],
    "cost": 0.07087199999999999,
    "duration": 50.40365028381348,
    "test_timeouts": 0,
    "commit_hash": "32faf82-dirty",
    "num_error_outputs": 0,
    "num_user_asks": 8,
    "num_exhausted_context_windows": 0,
    "num_malformed_responses": 0,
    "syntax_errors": 0,
    "indentation_errors": 0,
    "lazy_comments": 0,
    "reasoning_effort": null,
    "prompt_tokens": 54284,
    "completion_tokens": 1120,
    "thinking_tokens": null,
    "chat_hashes": [
        [
            "dd5eb8c6e1e03320d0933ca63c0164ae9d2a0152",
            "9afaee61db69eaabb372fedf9910695e9438bee0"
        ],
        [
            "dd5eb8c6e1e03320d0933ca63c0164ae9d2a0152",
            "b8a9e3d9fbfb117ba6976060307c09c71fabf6ac"
        ],
        [
            "dd5eb8c6e1e03320d0933ca63c0164ae9d2a0152",
            "a6618aa3c7594db8dc0cf0f37007f6da248192d8"
        ],
        [
            "dd5eb8c6e1e03320d0933ca63c0164ae9d2a0152",
            "5f89bb466d59fce47d77a5917f64fa5f4b494bbf"
        ],
        [
            "dd5eb8c6e1e03320d0933ca63c0164ae9d2a0152",
            "a1f4cad9ad3e1e634df054248609ae132604aae0"
        ],
        [
            "dd5eb8c6e1e03320d0933ca63c0164ae9d2a0152",
            "1bd2946f30955a19fded19c5c2276dcd635335aa"
        ],
        [
            "dd5eb8c6e1e03320d0933ca63c0164ae9d2a0152",
            "2fe04d68b5370b45441cf5c662a7d59d9b0e09ed"
        ],
        [
            "dd5eb8c6e1e03320d0933ca63c0164ae9d2a0152",
            "2fe04d68b5370b45441cf5c662a7d59d9b0e09ed"
        ]
    ]
}