{
    "testdir": "/benchmarks/2025-08-31-19-28-17--cpp_misra_o3.top5.13/cpp/exercises/practice/bank-account",
    "testcase": "bank-account",
    "model": "o3",
    "edit_format": "diff",
    "tests_outcomes": [
        false,
        true
    ],
    "cost": 0.09691199999999998,
    "duration": 96.04813361167908,
    "test_timeouts": 0,
    "commit_hash": "32faf82-dirty",
    "num_error_outputs": 0,
    "num_user_asks": 3,
    "num_exhausted_context_windows": 0,
    "num_malformed_responses": 0,
    "syntax_errors": 0,
    "indentation_errors": 0,
    "lazy_comments": 0,
    "reasoning_effort": null,
    "prompt_tokens": 31000,
    "completion_tokens": 7796,
    "thinking_tokens": null,
    "chat_hashes": [
        [
            "5570d71e63f5d28449be40ac390705d540cb9709",
            "f0a35ed2bf24339b8d9b847e904092234fe8a844"
        ],
        [
            "5570d71e63f5d28449be40ac390705d540cb9709",
            "90c2831d83a07d730f9d04c96ad2e8206cd519a2"
        ],
        [
            "5570d71e63f5d28449be40ac390705d540cb9709",
            "a124e9141e7de43dd746e2d8cc9adde072796e44"
        ],
        [
            "5570d71e63f5d28449be40ac390705d540cb9709",
            "41cae20cd9a9a2c37a6f92a94d43757996293aeb"
        ],
        [
            "5570d71e63f5d28449be40ac390705d540cb9709",
            "2ccc424cff68dd9dd9814f57566b01bb46671ea6"
        ]
    ]
}