{
    "testdir": "/benchmarks/2025-08-27-14-07-31--misracpp_baseline_o3.9/cpp/exercises/practice/clock",
    "testcase": "clock",
    "model": "o3",
    "edit_format": "diff",
    "tests_outcomes": [
        false,
        true
    ],
    "cost": 0.07837,
    "duration": 120.11990785598755,
    "test_timeouts": 0,
    "commit_hash": "32faf82-dirty",
    "num_error_outputs": 0,
    "num_user_asks": 2,
    "num_exhausted_context_windows": 0,
    "num_malformed_responses": 0,
    "syntax_errors": 0,
    "indentation_errors": 0,
    "lazy_comments": 0,
    "reasoning_effort": null,
    "prompt_tokens": 14481,
    "completion_tokens": 7232,
    "thinking_tokens": null,
    "chat_hashes": [
        [
            "5570d71e63f5d28449be40ac390705d540cb9709",
            "c6f2ea152ea0fe0717ff1f722913ba9cb8638206"
        ],
        [
            "5570d71e63f5d28449be40ac390705d540cb9709",
            "9781fb3ccf8277199f8a9330f0e78c9117573528"
        ],
        [
            "5570d71e63f5d28449be40ac390705d540cb9709",
            "7757a9bc4c6397d4b935eb5a56e819a1625a281a"
        ],
        [
            "5570d71e63f5d28449be40ac390705d540cb9709",
            "d7197929d60e0de3a037645affb00c34061ab29c"
        ]
    ]
}