{
    "testdir": "/benchmarks/2025-09-24-10-08-48--cpp_misra_gpt5.top5.20/cpp/exercises/practice/sublist",
    "testcase": "sublist",
    "model": "openai/gpt-5",
    "edit_format": "diff",
    "tests_outcomes": [
        false,
        true
    ],
    "cost": 0.38571325,
    "duration": 946.7959027290344,
    "test_timeouts": 0,
    "commit_hash": "32faf82-dirty",
    "num_error_outputs": 0,
    "num_user_asks": 8,
    "num_exhausted_context_windows": 0,
    "num_malformed_responses": 0,
    "syntax_errors": 0,
    "indentation_errors": 0,
    "lazy_comments": 0,
    "reasoning_effort": null,
    "prompt_tokens": 107737,
    "completion_tokens": 33557,
    "thinking_tokens": null,
    "chat_hashes": [
        [
            "5a29f5974d4a87ced71fd7b4b1ae521a58381d25",
            "0b3969f8198002869cd6b7baafd9a2ffc9d827bc"
        ],
        [
            "5a29f5974d4a87ced71fd7b4b1ae521a58381d25",
            "6eb4c10966ef583ed084eefc962b61ce95cb8d15"
        ],
        [
            "5a29f5974d4a87ced71fd7b4b1ae521a58381d25",
            "443e1b2bb789bbc252073df4f6f528c58311f347"
        ],
        [
            "5a29f5974d4a87ced71fd7b4b1ae521a58381d25",
            "39e70e93588b8a3208056777fe3100e88c4ea85f"
        ],
        [
            "5a29f5974d4a87ced71fd7b4b1ae521a58381d25",
            "4a1dc869fe74dbc55ad381c81f1abd3bf1e76608"
        ],
        [
            "5a29f5974d4a87ced71fd7b4b1ae521a58381d25",
            "960725009a6c3054606c94d1aeab4486a48447e6"
        ],
        [
            "5a29f5974d4a87ced71fd7b4b1ae521a58381d25",
            "0dac94ec311683b651f0a67cae21343419df8c12"
        ],
        [
            "5a29f5974d4a87ced71fd7b4b1ae521a58381d25",
            "c0f6c8931e8ff58585fe4092d2d4a78baa8b0544"
        ]
    ]
}