{
    "testdir": "/benchmarks/2025-09-23-17-44-48--cpp_misra_gpt5.top5.16/cpp/exercises/practice/parallel-letter-frequency",
    "testcase": "parallel-letter-frequency",
    "model": "openai/gpt-5",
    "edit_format": "diff",
    "tests_outcomes": [
        false,
        true
    ],
    "cost": 0.27830525000000006,
    "duration": 475.5125467777252,
    "test_timeouts": 0,
    "commit_hash": "32faf82-dirty",
    "num_error_outputs": 0,
    "num_user_asks": 8,
    "num_exhausted_context_windows": 0,
    "num_malformed_responses": 0,
    "syntax_errors": 0,
    "indentation_errors": 0,
    "lazy_comments": 0,
    "reasoning_effort": null,
    "prompt_tokens": 59113,
    "completion_tokens": 24459,
    "thinking_tokens": null,
    "chat_hashes": [
        [
            "5a29f5974d4a87ced71fd7b4b1ae521a58381d25",
            "93c692f9b8064b92ef6589f40c75050cbfc64e6d"
        ],
        [
            "5a29f5974d4a87ced71fd7b4b1ae521a58381d25",
            "c508d74ddc8d251f66a084c3772ac7094c5530a3"
        ],
        [
            "5a29f5974d4a87ced71fd7b4b1ae521a58381d25",
            "b05021c7a7071a5b42a456c159d75c6bf077089b"
        ],
        [
            "5a29f5974d4a87ced71fd7b4b1ae521a58381d25",
            "39fa40cca5fc9b2dc5061353beb2bc6fcf530bf9"
        ],
        [
            "5a29f5974d4a87ced71fd7b4b1ae521a58381d25",
            "bc251288cffe6b44660dc8bb7b13a031989e4d5e"
        ],
        [
            "5a29f5974d4a87ced71fd7b4b1ae521a58381d25",
            "b05021c7a7071a5b42a456c159d75c6bf077089b"
        ],
        [
            "5a29f5974d4a87ced71fd7b4b1ae521a58381d25",
            "95abf778c968172165d596fe819c9c241c0017bf"
        ],
        [
            "5a29f5974d4a87ced71fd7b4b1ae521a58381d25",
            "522da17559ed058ae6e6fb235fc189be2abececc"
        ]
    ]
}