{
    "testdir": "/benchmarks/2025-09-19-15-47-30--misracpp_baseline_gpt5.4/cpp/exercises/practice/diamond",
    "testcase": "diamond",
    "model": "openai/gpt-5",
    "edit_format": "diff",
    "tests_outcomes": [
        true
    ],
    "cost": 0.13733125000000002,
    "duration": 251.15078735351562,
    "test_timeouts": 0,
    "commit_hash": "32faf82-dirty",
    "num_error_outputs": 0,
    "num_user_asks": 4,
    "num_exhausted_context_windows": 0,
    "num_malformed_responses": 0,
    "syntax_errors": 0,
    "indentation_errors": 0,
    "lazy_comments": 0,
    "reasoning_effort": null,
    "prompt_tokens": 12673,
    "completion_tokens": 12941,
    "thinking_tokens": null,
    "chat_hashes": [
        [
            "5a29f5974d4a87ced71fd7b4b1ae521a58381d25",
            "55b5989104d138a5458cb20868a083d51f08c32c"
        ],
        [
            "5a29f5974d4a87ced71fd7b4b1ae521a58381d25",
            "60ca6844e153478e55970847f5c5daf4ae6c31c5"
        ],
        [
            "5a29f5974d4a87ced71fd7b4b1ae521a58381d25",
            "5c452fc29c6b93da0fa086e4b57362fef12082a9"
        ],
        [
            "5a29f5974d4a87ced71fd7b4b1ae521a58381d25",
            "bdd805f77b6321cb6140ae6145fc3989bc4fd48b"
        ]
    ]
}