{
    "testdir": "/benchmarks/2025-08-26-12-20-03--cpp_misra.top3.19/cpp/exercises/practice/kindergarten-garden",
    "testcase": "kindergarten-garden",
    "model": "gpt-4.1",
    "edit_format": "diff",
    "tests_outcomes": [
        false,
        false
    ],
    "cost": 0.15718,
    "duration": 132.84440636634827,
    "test_timeouts": 0,
    "commit_hash": "32faf82-dirty",
    "num_error_outputs": 0,
    "num_user_asks": 8,
    "num_exhausted_context_windows": 0,
    "num_malformed_responses": 0,
    "syntax_errors": 0,
    "indentation_errors": 0,
    "lazy_comments": 0,
    "reasoning_effort": null,
    "prompt_tokens": 117370,
    "completion_tokens": 2905,
    "thinking_tokens": null,
    "chat_hashes": [
        [
            "dd5eb8c6e1e03320d0933ca63c0164ae9d2a0152",
            "467da666f8b2ec45bcc589ac0bc2dbc79bc4a360"
        ],
        [
            "dd5eb8c6e1e03320d0933ca63c0164ae9d2a0152",
            "4fd2068b1665acbe1355a3ac76751cf5a8c1481e"
        ],
        [
            "dd5eb8c6e1e03320d0933ca63c0164ae9d2a0152",
            "a9943d80410c223ef825f76937b4c2436ef73c6f"
        ],
        [
            "dd5eb8c6e1e03320d0933ca63c0164ae9d2a0152",
            "c7d3b4ce2ae5fc191b093bfdc50e43071e01ad44"
        ],
        [
            "dd5eb8c6e1e03320d0933ca63c0164ae9d2a0152",
            "ce0ad922a4aafbdb15ca2f6073b5bf3c3d3144db"
        ],
        [
            "dd5eb8c6e1e03320d0933ca63c0164ae9d2a0152",
            "f86739a1a0ff51f1bec6cc05e528a0c7fa2f780c"
        ],
        [
            "dd5eb8c6e1e03320d0933ca63c0164ae9d2a0152",
            "c7d3b4ce2ae5fc191b093bfdc50e43071e01ad44"
        ],
        [
            "dd5eb8c6e1e03320d0933ca63c0164ae9d2a0152",
            "5a5b8b6d3e1c05576331fa5e865046f771079079"
        ]
    ]
}