{
    "testdir": "/benchmarks/2025-08-27-14-39-38--misracpp_baseline_o3.12/cpp/exercises/practice/clock",
    "testcase": "clock",
    "model": "o3",
    "edit_format": "diff",
    "tests_outcomes": [
        true
    ],
    "cost": 0.129994,
    "duration": 285.6734850406647,
    "test_timeouts": 0,
    "commit_hash": "32faf82-dirty",
    "num_error_outputs": 0,
    "num_user_asks": 4,
    "num_exhausted_context_windows": 0,
    "num_malformed_responses": 0,
    "syntax_errors": 0,
    "indentation_errors": 0,
    "lazy_comments": 0,
    "reasoning_effort": null,
    "prompt_tokens": 13901,
    "completion_tokens": 13998,
    "thinking_tokens": null,
    "chat_hashes": [
        [
            "5570d71e63f5d28449be40ac390705d540cb9709",
            "f1f96709134754b15dd72462647e96674b15a217"
        ],
        [
            "5570d71e63f5d28449be40ac390705d540cb9709",
            "187820f905673f2739c69e2b4690aabf4dc273e6"
        ],
        [
            "5570d71e63f5d28449be40ac390705d540cb9709",
            "2bee8f50290b090dccccc4af80c7643744dcb73f"
        ],
        [
            "5570d71e63f5d28449be40ac390705d540cb9709",
            "52ab034d8501ffdc8f580b3a230b6cffb720cc06"
        ]
    ]
}