{
    "testdir": "/benchmarks/2025-09-23-14-08-04--cpp_misra_gpt5.top5.5/cpp/exercises/practice/knapsack",
    "testcase": "knapsack",
    "model": "openai/gpt-5",
    "edit_format": "diff",
    "tests_outcomes": [
        true
    ],
    "cost": 0.16890925,
    "duration": 377.1829924583435,
    "test_timeouts": 0,
    "commit_hash": "32faf82-dirty",
    "num_error_outputs": 0,
    "num_user_asks": 3,
    "num_exhausted_context_windows": 0,
    "num_malformed_responses": 0,
    "syntax_errors": 0,
    "indentation_errors": 0,
    "lazy_comments": 0,
    "reasoning_effort": null,
    "prompt_tokens": 18217,
    "completion_tokens": 15665,
    "thinking_tokens": null,
    "chat_hashes": [
        [
            "5a29f5974d4a87ced71fd7b4b1ae521a58381d25",
            "bdcf6e5dc7bd015e0cdb2d5e6276a84b069dc938"
        ],
        [
            "5a29f5974d4a87ced71fd7b4b1ae521a58381d25",
            "87df83a1145b4f3eb72d6202a3211d51e938f1b6"
        ],
        [
            "5a29f5974d4a87ced71fd7b4b1ae521a58381d25",
            "c0d0ad2dd3e5a3f73c4785da50363b73b8ba358b"
        ],
        [
            "5a29f5974d4a87ced71fd7b4b1ae521a58381d25",
            "4729d3716dd3890863c4e6358f0c695744cc358c"
        ]
    ]
}