{
    "testdir": "/benchmarks/2025-08-26-12-15-48--cpp_misra.top3.18/cpp/exercises/practice/circular-buffer",
    "testcase": "circular-buffer",
    "model": "gpt-4.1",
    "edit_format": "diff",
    "tests_outcomes": [
        false,
        false
    ],
    "cost": 0.083704,
    "duration": 91.83888578414917,
    "test_timeouts": 0,
    "commit_hash": "32faf82-dirty",
    "num_error_outputs": 0,
    "num_user_asks": 5,
    "num_exhausted_context_windows": 0,
    "num_malformed_responses": 0,
    "syntax_errors": 0,
    "indentation_errors": 0,
    "lazy_comments": 0,
    "reasoning_effort": null,
    "prompt_tokens": 53248,
    "completion_tokens": 2791,
    "thinking_tokens": null,
    "chat_hashes": [
        [
            "dd5eb8c6e1e03320d0933ca63c0164ae9d2a0152",
            "371049207e16c90465decf9ce174ffa61095b328"
        ],
        [
            "dd5eb8c6e1e03320d0933ca63c0164ae9d2a0152",
            "06153fcca9c349eea4788f1921a5f756a2e0e8c9"
        ],
        [
            "dd5eb8c6e1e03320d0933ca63c0164ae9d2a0152",
            "57a943c4c662404b52d45eac7b19f7f27c0d90b7"
        ],
        [
            "dd5eb8c6e1e03320d0933ca63c0164ae9d2a0152",
            "16df62a2ef7d7cea442c780b7a7c36342722f05a"
        ],
        [
            "dd5eb8c6e1e03320d0933ca63c0164ae9d2a0152",
            "4757010672ce4cace076994646bc800396f650f8"
        ],
        [
            "dd5eb8c6e1e03320d0933ca63c0164ae9d2a0152",
            "65449b00e366efaac8d2b47bcc77a0bb786ead88"
        ]
    ]
}