{
    "testdir": "/benchmarks/2025-08-27-13-23-03--misracpp_baseline_o3.3/cpp/exercises/practice/diamond",
    "testcase": "diamond",
    "model": "o3",
    "edit_format": "diff",
    "tests_outcomes": [
        false,
        true
    ],
    "cost": 0.10450399999999999,
    "duration": 189.5642228126526,
    "test_timeouts": 0,
    "commit_hash": "32faf82-dirty",
    "num_error_outputs": 0,
    "num_user_asks": 2,
    "num_exhausted_context_windows": 0,
    "num_malformed_responses": 0,
    "syntax_errors": 0,
    "indentation_errors": 0,
    "lazy_comments": 0,
    "reasoning_effort": null,
    "prompt_tokens": 15704,
    "completion_tokens": 10241,
    "thinking_tokens": null,
    "chat_hashes": [
        [
            "5570d71e63f5d28449be40ac390705d540cb9709",
            "787d0b0d723d36970fd1187b6fb577a0b8c625fe"
        ],
        [
            "5570d71e63f5d28449be40ac390705d540cb9709",
            "32708c1528803018bb874f0b7afb095080fe83f2"
        ],
        [
            "5570d71e63f5d28449be40ac390705d540cb9709",
            "da35e4fde21a72da436e4dbe2a2cc195325a4ab4"
        ],
        [
            "5570d71e63f5d28449be40ac390705d540cb9709",
            "886885820c0321fac3625e3403ed851dc710ac6d"
        ]
    ]
}