{
    "testdir": "/benchmarks/2025-09-23-13-51-42--cpp_misra_gpt5.top5.4/cpp/exercises/practice/knapsack",
    "testcase": "knapsack",
    "model": "openai/gpt-5",
    "edit_format": "diff",
    "tests_outcomes": [
        true
    ],
    "cost": 0.1488465,
    "duration": 287.49328660964966,
    "test_timeouts": 0,
    "commit_hash": "32faf82-dirty",
    "num_error_outputs": 0,
    "num_user_asks": 4,
    "num_exhausted_context_windows": 0,
    "num_malformed_responses": 0,
    "syntax_errors": 0,
    "indentation_errors": 0,
    "lazy_comments": 0,
    "reasoning_effort": null,
    "prompt_tokens": 19410,
    "completion_tokens": 13596,
    "thinking_tokens": null,
    "chat_hashes": [
        [
            "5a29f5974d4a87ced71fd7b4b1ae521a58381d25",
            "af6e6727042e1ac311cc7763aeaa8086fc395b4c"
        ],
        [
            "5a29f5974d4a87ced71fd7b4b1ae521a58381d25",
            "86fad457b68c7db5367a014de8a2d18813ea56eb"
        ],
        [
            "5a29f5974d4a87ced71fd7b4b1ae521a58381d25",
            "661e8d4a95628ae49961cd43f89cab5b2f6c970c"
        ],
        [
            "5a29f5974d4a87ced71fd7b4b1ae521a58381d25",
            "86fad457b68c7db5367a014de8a2d18813ea56eb"
        ]
    ]
}