{
    "testdir": "/benchmarks/2025-09-19-18-57-30--misracpp_baseline_gpt5.17/cpp/exercises/practice/complex-numbers",
    "testcase": "complex-numbers",
    "model": "openai/gpt-5",
    "edit_format": "diff",
    "tests_outcomes": [
        true
    ],
    "cost": 0.21917175,
    "duration": 384.9290518760681,
    "test_timeouts": 0,
    "commit_hash": "32faf82-dirty",
    "num_error_outputs": 0,
    "num_user_asks": 4,
    "num_exhausted_context_windows": 0,
    "num_malformed_responses": 0,
    "syntax_errors": 0,
    "indentation_errors": 0,
    "lazy_comments": 0,
    "reasoning_effort": null,
    "prompt_tokens": 19003,
    "completion_tokens": 20521,
    "thinking_tokens": null,
    "chat_hashes": [
        [
            "5a29f5974d4a87ced71fd7b4b1ae521a58381d25",
            "4406da8dd37a83c50baeaf2aa73c71064d0dde9c"
        ],
        [
            "5a29f5974d4a87ced71fd7b4b1ae521a58381d25",
            "25a80660d5cba3feac4bb2faa19c9b392f1c23d9"
        ],
        [
            "5a29f5974d4a87ced71fd7b4b1ae521a58381d25",
            "885276ea06f3b739dd8c9e6682c76ba9b90f4d02"
        ],
        [
            "5a29f5974d4a87ced71fd7b4b1ae521a58381d25",
            "01d733280b162780e1ea049f07d7ffce8f912956"
        ]
    ]
}