{
    "testdir": "/benchmarks/2025-08-26-12-15-48--cpp_misra.top3.18/cpp/exercises/practice/clock",
    "testcase": "clock",
    "model": "gpt-4.1",
    "edit_format": "diff",
    "tests_outcomes": [
        false,
        false
    ],
    "cost": 0.07873,
    "duration": 75.2258710861206,
    "test_timeouts": 0,
    "commit_hash": "32faf82-dirty",
    "num_error_outputs": 0,
    "num_user_asks": 8,
    "num_exhausted_context_windows": 0,
    "num_malformed_responses": 0,
    "syntax_errors": 0,
    "indentation_errors": 0,
    "lazy_comments": 0,
    "reasoning_effort": null,
    "prompt_tokens": 47005,
    "completion_tokens": 2554,
    "thinking_tokens": null,
    "chat_hashes": [
        [
            "dd5eb8c6e1e03320d0933ca63c0164ae9d2a0152",
            "4a3b01a80fef42aac8792a288fc25959d4068c75"
        ],
        [
            "dd5eb8c6e1e03320d0933ca63c0164ae9d2a0152",
            "54e2b57ff66c0157a90de0ee4492351dbb8365cb"
        ],
        [
            "dd5eb8c6e1e03320d0933ca63c0164ae9d2a0152",
            "348170bef590e93f67cdd10a3567b6dea07390f8"
        ],
        [
            "dd5eb8c6e1e03320d0933ca63c0164ae9d2a0152",
            "37f61a55f1d424b182990cec50cc9d33c22bdc96"
        ],
        [
            "dd5eb8c6e1e03320d0933ca63c0164ae9d2a0152",
            "155ef301f032a2c6e9d50ca9fefe786315cd7830"
        ],
        [
            "dd5eb8c6e1e03320d0933ca63c0164ae9d2a0152",
            "66d6005608a880bd68bd363543a4ac2dbd8df3a7"
        ],
        [
            "dd5eb8c6e1e03320d0933ca63c0164ae9d2a0152",
            "2b1612b28887fe3a06b945eec86885b4754657b1"
        ],
        [
            "dd5eb8c6e1e03320d0933ca63c0164ae9d2a0152",
            "f86fc60fea40300ec24246bb853a87232c0e0077"
        ]
    ]
}