{
    "testdir": "/benchmarks/2025-08-21-13-11-33--misracpp_baseline.13/cpp/exercises/practice/complex-numbers",
    "testcase": "complex-numbers",
    "model": "gpt-4.1",
    "edit_format": "diff",
    "tests_outcomes": [
        false,
        true
    ],
    "cost": 0.091316,
    "duration": 137.63475036621094,
    "test_timeouts": 0,
    "commit_hash": "32faf82-dirty",
    "num_error_outputs": 0,
    "num_user_asks": 8,
    "num_exhausted_context_windows": 0,
    "num_malformed_responses": 0,
    "syntax_errors": 0,
    "indentation_errors": 0,
    "lazy_comments": 0,
    "reasoning_effort": null,
    "prompt_tokens": 56270,
    "completion_tokens": 3491,
    "thinking_tokens": null,
    "chat_hashes": [
        [
            "dd5eb8c6e1e03320d0933ca63c0164ae9d2a0152",
            "cf2726f46df41e579d1e665c5a39ce15a30565cb"
        ],
        [
            "dd5eb8c6e1e03320d0933ca63c0164ae9d2a0152",
            "91c1e8c7dd5be23d42cc1702f558c0183be56aba"
        ],
        [
            "dd5eb8c6e1e03320d0933ca63c0164ae9d2a0152",
            "df0ee96b684565f3edc1137aea3edc642249ba72"
        ],
        [
            "dd5eb8c6e1e03320d0933ca63c0164ae9d2a0152",
            "06d371aa1ec17be166ff2281064e09a8443c7334"
        ],
        [
            "dd5eb8c6e1e03320d0933ca63c0164ae9d2a0152",
            "8a03906c824ca551aef68efdb4d3df04853b01ac"
        ],
        [
            "dd5eb8c6e1e03320d0933ca63c0164ae9d2a0152",
            "284552aefb3967fac4869818d8cb2c69a40445f2"
        ],
        [
            "dd5eb8c6e1e03320d0933ca63c0164ae9d2a0152",
            "6e673c4cb90afb9f8bda0e0ecb2162152dcdc04c"
        ],
        [
            "dd5eb8c6e1e03320d0933ca63c0164ae9d2a0152",
            "ce80d6120f5e7113640ac3449745bde3478f364f"
        ]
    ]
}