{
    "testdir": "/benchmarks/2025-08-26-12-49-51--cpp_misra_deepseek-chat.1/cpp/exercises/practice/linked-list",
    "testcase": "linked-list",
    "model": "deepseek/deepseek-chat",
    "edit_format": "diff",
    "tests_outcomes": [
        true
    ],
    "cost": 0.00979345,
    "duration": 283.10587191581726,
    "test_timeouts": 0,
    "commit_hash": "32faf82-dirty",
    "num_error_outputs": 0,
    "num_user_asks": 4,
    "num_exhausted_context_windows": 0,
    "num_malformed_responses": 0,
    "syntax_errors": 0,
    "indentation_errors": 0,
    "lazy_comments": 0,
    "reasoning_effort": null,
    "prompt_tokens": 27465,
    "completion_tokens": 4617,
    "thinking_tokens": null,
    "chat_hashes": [
        [
            "d229a439b83a277ab75364ece3dd8437f0cca388",
            "8fe33e75c064bb83dc4c54149b4cf95329bca300"
        ],
        [
            "d229a439b83a277ab75364ece3dd8437f0cca388",
            "1c4daa0468c60c9b633b5d6db1536bea054734ce"
        ],
        [
            "d229a439b83a277ab75364ece3dd8437f0cca388",
            "0fab6dfab32f8191b4a367eae07a6deb7d88b9ef"
        ],
        [
            "d229a439b83a277ab75364ece3dd8437f0cca388",
            "34f7b790ae6fff87c2b210125236fc7f46e340d0"
        ]
    ]
}