{
    "testdir": "/benchmarks/2025-08-26-11-29-12--cpp_misra.top3.8/cpp/exercises/practice/meetup",
    "testcase": "meetup",
    "model": "gpt-4.1",
    "edit_format": "diff",
    "tests_outcomes": [
        false,
        false
    ],
    "cost": 0.221822,
    "duration": 315.0998423099518,
    "test_timeouts": 0,
    "commit_hash": "32faf82-dirty",
    "num_error_outputs": 0,
    "num_user_asks": 6,
    "num_exhausted_context_windows": 0,
    "num_malformed_responses": 0,
    "syntax_errors": 0,
    "indentation_errors": 0,
    "lazy_comments": 0,
    "reasoning_effort": null,
    "prompt_tokens": 117763,
    "completion_tokens": 7431,
    "thinking_tokens": null,
    "chat_hashes": [
        [
            "dd5eb8c6e1e03320d0933ca63c0164ae9d2a0152",
            "49d59753661824898a3b34e9457515dd5eead076"
        ],
        [
            "dd5eb8c6e1e03320d0933ca63c0164ae9d2a0152",
            "e6acd44a06237f4a16ff5baa2065f243aa394d03"
        ],
        [
            "dd5eb8c6e1e03320d0933ca63c0164ae9d2a0152",
            "244a4052d9c6840b03e54dae77173b08c59ea7d3"
        ],
        [
            "dd5eb8c6e1e03320d0933ca63c0164ae9d2a0152",
            "7d59fac12a030ae777f5db65a69943c2a0768678"
        ],
        [
            "dd5eb8c6e1e03320d0933ca63c0164ae9d2a0152",
            "3074160b62f6edb51fc1be8fe261982aca391117"
        ],
        [
            "dd5eb8c6e1e03320d0933ca63c0164ae9d2a0152",
            "4cfda45176f70c0a6ecdd60acf3b492c95e4cb57"
        ],
        [
            "dd5eb8c6e1e03320d0933ca63c0164ae9d2a0152",
            "ecdbaae85d55d90bbcb63079b6f42cfb37685d28"
        ]
    ]
}