{
    "testdir": "/benchmarks/2025-09-01-01-51-19--cpp_misra_deepseek-chat.top5.16/cpp/exercises/practice/bank-account",
    "testcase": "bank-account",
    "model": "deepseek/deepseek-chat",
    "edit_format": "diff",
    "tests_outcomes": [
        true
    ],
    "cost": 0.005223480000000001,
    "duration": 153.37361931800842,
    "test_timeouts": 0,
    "commit_hash": "32faf82-dirty",
    "num_error_outputs": 1,
    "num_user_asks": 1,
    "num_exhausted_context_windows": 0,
    "num_malformed_responses": 1,
    "syntax_errors": 0,
    "indentation_errors": 0,
    "lazy_comments": 0,
    "reasoning_effort": null,
    "prompt_tokens": 16394,
    "completion_tokens": 2889,
    "thinking_tokens": null,
    "chat_hashes": [
        [
            "d229a439b83a277ab75364ece3dd8437f0cca388",
            "2e4a2d232b6f97d1eebfbe73417633ff450d5187"
        ],
        [
            "d229a439b83a277ab75364ece3dd8437f0cca388",
            "2a52c8635d351515a1490a3880541c65cdea638a"
        ],
        [
            "d229a439b83a277ab75364ece3dd8437f0cca388",
            "bd83fc0a01d13474120446d6d656eec16e778696"
        ]
    ]
}