{
    "testdir": "/benchmarks/2025-09-19-20-01-04--misracpp_baseline_gpt5.21/cpp/exercises/practice/circular-buffer",
    "testcase": "circular-buffer",
    "model": "openai/gpt-5",
    "edit_format": "diff",
    "tests_outcomes": [
        true
    ],
    "cost": 0.21044650000000004,
    "duration": 409.4901170730591,
    "test_timeouts": 0,
    "commit_hash": "32faf82-dirty",
    "num_error_outputs": 1,
    "num_user_asks": 3,
    "num_exhausted_context_windows": 0,
    "num_malformed_responses": 1,
    "syntax_errors": 0,
    "indentation_errors": 0,
    "lazy_comments": 0,
    "reasoning_effort": null,
    "prompt_tokens": 18026,
    "completion_tokens": 19929,
    "thinking_tokens": null,
    "chat_hashes": [
        [
            "5a29f5974d4a87ced71fd7b4b1ae521a58381d25",
            "7795f673c8c2fc3cd5535ddd9f3696d44a516a42"
        ],
        [
            "5a29f5974d4a87ced71fd7b4b1ae521a58381d25",
            "f5c019bd5ae18b3bfc0853f4a383dd059952f1a9"
        ],
        [
            "5a29f5974d4a87ced71fd7b4b1ae521a58381d25",
            "443b281b5a301767642e6c74a32f94ea7171cbd2"
        ],
        [
            "5a29f5974d4a87ced71fd7b4b1ae521a58381d25",
            "79bf4f6ae9a4f74f45aa76cac4d8d107a8a132ed"
        ]
    ]
}