{
    "testdir": "/benchmarks/2025-08-22-11-49-53--misracpp_baseline_deepseek-chat.17/cpp/exercises/practice/grade-school",
    "testcase": "grade-school",
    "model": "deepseek/deepseek-chat",
    "edit_format": "diff",
    "tests_outcomes": [
        true
    ],
    "cost": 0.008435910000000001,
    "duration": 269.1801941394806,
    "test_timeouts": 0,
    "commit_hash": "32faf82-dirty",
    "num_error_outputs": 0,
    "num_user_asks": 4,
    "num_exhausted_context_windows": 0,
    "num_malformed_responses": 0,
    "syntax_errors": 0,
    "indentation_errors": 0,
    "lazy_comments": 0,
    "reasoning_effort": null,
    "prompt_tokens": 19703,
    "completion_tokens": 5195,
    "thinking_tokens": null,
    "chat_hashes": [
        [
            "d229a439b83a277ab75364ece3dd8437f0cca388",
            "1bd59cbfcc38c8e72934a140f03d3819900636b9"
        ],
        [
            "d229a439b83a277ab75364ece3dd8437f0cca388",
            "e0f9c087aed0e9c07d4df1f153fd406dc6f977ab"
        ],
        [
            "d229a439b83a277ab75364ece3dd8437f0cca388",
            "5ea5e5d03af1903131f7264760bafa7187e7e077"
        ],
        [
            "d229a439b83a277ab75364ece3dd8437f0cca388",
            "7ea04080ad5eee05b88576a4f30b093217f6a4f8"
        ]
    ]
}