{
    "testdir": "/benchmarks/2025-09-01-01-51-19--cpp_misra_deepseek-chat.top5.16/cpp/exercises/practice/linked-list",
    "testcase": "linked-list",
    "model": "deepseek/deepseek-chat",
    "edit_format": "diff",
    "tests_outcomes": [
        true
    ],
    "cost": 0.005230230000000001,
    "duration": 137.85957193374634,
    "test_timeouts": 0,
    "commit_hash": "32faf82-dirty",
    "num_error_outputs": 0,
    "num_user_asks": 2,
    "num_exhausted_context_windows": 0,
    "num_malformed_responses": 0,
    "syntax_errors": 0,
    "indentation_errors": 0,
    "lazy_comments": 0,
    "reasoning_effort": null,
    "prompt_tokens": 18599,
    "completion_tokens": 2575,
    "thinking_tokens": null,
    "chat_hashes": [
        [
            "d229a439b83a277ab75364ece3dd8437f0cca388",
            "772aca02077025ce74a7514440bc3eba715a5331"
        ],
        [
            "d229a439b83a277ab75364ece3dd8437f0cca388",
            "c4156bb5313cb20d69151715e05488c624563263"
        ],
        [
            "d229a439b83a277ab75364ece3dd8437f0cca388",
            "813d5acb4cb55dabbc5e30a98fcfa2a5cd8559cd"
        ]
    ]
}