{
    "testdir": "/benchmarks/2025-08-26-11-34-50--cpp_misra.top3.9/cpp/exercises/practice/grade-school",
    "testcase": "grade-school",
    "model": "gpt-4.1",
    "edit_format": "diff",
    "tests_outcomes": [
        false,
        true
    ],
    "cost": 0.6422939999999999,
    "duration": 177.0912344455719,
    "test_timeouts": 0,
    "commit_hash": "32faf82-dirty",
    "num_error_outputs": 0,
    "num_user_asks": 7,
    "num_exhausted_context_windows": 0,
    "num_malformed_responses": 0,
    "syntax_errors": 0,
    "indentation_errors": 0,
    "lazy_comments": 0,
    "reasoning_effort": null,
    "prompt_tokens": 493695,
    "completion_tokens": 3735,
    "thinking_tokens": null,
    "chat_hashes": [
        [
            "dd5eb8c6e1e03320d0933ca63c0164ae9d2a0152",
            "6c0ef076e91e09d8253119f299f980decd48bd66"
        ],
        [
            "dd5eb8c6e1e03320d0933ca63c0164ae9d2a0152",
            "ba2fb5e452359b194dc2160a56fd2efa1d7e2432"
        ],
        [
            "dd5eb8c6e1e03320d0933ca63c0164ae9d2a0152",
            "97c10ecb03d01eb08189fff2e45882b680be732a"
        ],
        [
            "dd5eb8c6e1e03320d0933ca63c0164ae9d2a0152",
            "d423ebd22fd4fb9f5da9d809490a76db27cda116"
        ],
        [
            "dd5eb8c6e1e03320d0933ca63c0164ae9d2a0152",
            "88d35b3a3334fc9439076f6eb83ac9b77b1d5291"
        ],
        [
            "dd5eb8c6e1e03320d0933ca63c0164ae9d2a0152",
            "3ab1df93b50fca0c2ff6d9d228e176b3e9188ebf"
        ],
        [
            "dd5eb8c6e1e03320d0933ca63c0164ae9d2a0152",
            "1e565b6931f7c5e3396be9d9560239ed8741b842"
        ],
        [
            "dd5eb8c6e1e03320d0933ca63c0164ae9d2a0152",
            "35341524b75316fbfabf4145a9ef668fb5195f17"
        ]
    ]
}