{
    "testdir": "/benchmarks/2025-09-01-22-03-08--cpp_misra_o3.top10.11/cpp/exercises/practice/diamond",
    "testcase": "diamond",
    "model": "o3",
    "edit_format": "diff",
    "tests_outcomes": [
        false,
        false
    ],
    "cost": 0.07719999999999999,
    "duration": 104.36895775794983,
    "test_timeouts": 0,
    "commit_hash": "32faf82-dirty",
    "num_error_outputs": 0,
    "num_user_asks": 2,
    "num_exhausted_context_windows": 0,
    "num_malformed_responses": 0,
    "syntax_errors": 0,
    "indentation_errors": 0,
    "lazy_comments": 0,
    "reasoning_effort": null,
    "prompt_tokens": 27348,
    "completion_tokens": 5597,
    "thinking_tokens": null,
    "chat_hashes": [
        [
            "5570d71e63f5d28449be40ac390705d540cb9709",
            "aac398c49c5cd17d98f17489e20eebde013ec3c8"
        ],
        [
            "5570d71e63f5d28449be40ac390705d540cb9709",
            "fc53c43c64e03cf13b95da9d03ffa957c16c7e17"
        ],
        [
            "5570d71e63f5d28449be40ac390705d540cb9709",
            "d05d3816a4b7bb7e2a31e38c9848bdfe078f8af8"
        ],
        [
            "5570d71e63f5d28449be40ac390705d540cb9709",
            "9b450e79ddf631bbea63fb841100b0f28fc02913"
        ]
    ]
}