{
    "testdir": "/benchmarks/2025-08-26-11-56-20--cpp_misra.top3.14/cpp/exercises/practice/space-age",
    "testcase": "space-age",
    "model": "gpt-4.1",
    "edit_format": "diff",
    "tests_outcomes": [
        true
    ],
    "cost": 0.027292,
    "duration": 15.630642652511597,
    "test_timeouts": 0,
    "commit_hash": "32faf82-dirty",
    "num_error_outputs": 0,
    "num_user_asks": 4,
    "num_exhausted_context_windows": 0,
    "num_malformed_responses": 0,
    "syntax_errors": 0,
    "indentation_errors": 0,
    "lazy_comments": 0,
    "reasoning_effort": null,
    "prompt_tokens": 18438,
    "completion_tokens": 1226,
    "thinking_tokens": null,
    "chat_hashes": [
        [
            "dd5eb8c6e1e03320d0933ca63c0164ae9d2a0152",
            "d51f8f59e3adae30128aa77757dd0acb6a3fdb5d"
        ],
        [
            "dd5eb8c6e1e03320d0933ca63c0164ae9d2a0152",
            "8215c2c06433d092c790856d63e06015b0329f96"
        ],
        [
            "dd5eb8c6e1e03320d0933ca63c0164ae9d2a0152",
            "63d04da6d0f3e8ed7ce165f96cdac28415c5ea23"
        ],
        [
            "dd5eb8c6e1e03320d0933ca63c0164ae9d2a0152",
            "63d04da6d0f3e8ed7ce165f96cdac28415c5ea23"
        ]
    ]
}