{
    "testdir": "/benchmarks/2025-09-24-10-08-48--cpp_misra_gpt5.top5.20/cpp/exercises/practice/crypto-square",
    "testcase": "crypto-square",
    "model": "openai/gpt-5",
    "edit_format": "diff",
    "tests_outcomes": [
        false,
        true
    ],
    "cost": 0.28341375,
    "duration": 649.8623328208923,
    "test_timeouts": 0,
    "commit_hash": "32faf82-dirty",
    "num_error_outputs": 1,
    "num_user_asks": 7,
    "num_exhausted_context_windows": 0,
    "num_malformed_responses": 1,
    "syntax_errors": 0,
    "indentation_errors": 0,
    "lazy_comments": 0,
    "reasoning_effort": null,
    "prompt_tokens": 70395,
    "completion_tokens": 23934,
    "thinking_tokens": null,
    "chat_hashes": [
        [
            "5a29f5974d4a87ced71fd7b4b1ae521a58381d25",
            "e54e7415f10cac10eb92f7bed207efdf08a287ab"
        ],
        [
            "5a29f5974d4a87ced71fd7b4b1ae521a58381d25",
            "99c3880e09df8243ed403cb06611b41533b2efa8"
        ],
        [
            "5a29f5974d4a87ced71fd7b4b1ae521a58381d25",
            "9a8a04c4f9cce3fb13fa30c6e7e3ab0eeb6c61f7"
        ],
        [
            "5a29f5974d4a87ced71fd7b4b1ae521a58381d25",
            "62e3ae16e36b076113470c79fcecd4fc66dc7bce"
        ],
        [
            "5a29f5974d4a87ced71fd7b4b1ae521a58381d25",
            "faa7ac63a79dd4dfa87507185c5fef0043706e28"
        ],
        [
            "5a29f5974d4a87ced71fd7b4b1ae521a58381d25",
            "dbdbc7be48c8a49007b5561c06c42bf939947d95"
        ],
        [
            "5a29f5974d4a87ced71fd7b4b1ae521a58381d25",
            "b9187a130bf1521fa9fa5f73bf05fd7da18543c6"
        ],
        [
            "5a29f5974d4a87ced71fd7b4b1ae521a58381d25",
            "e1bb11dfd8eee31318e65c7663b2c16502b17491"
        ]
    ]
}