{
    "testdir": "/benchmarks/2025-08-27-09-17-53--cpp_misra_deepseek-chat.11/cpp/exercises/practice/grade-school",
    "testcase": "grade-school",
    "model": "deepseek/deepseek-chat",
    "edit_format": "diff",
    "tests_outcomes": [
        false,
        false
    ],
    "cost": 0.0432334799999811,
    "duration": 328.57884407043457,
    "test_timeouts": 0,
    "commit_hash": "32faf82-dirty",
    "num_error_outputs": 2,
    "num_user_asks": 6,
    "num_exhausted_context_windows": 1,
    "num_malformed_responses": 0,
    "syntax_errors": 0,
    "indentation_errors": 0,
    "lazy_comments": 0,
    "reasoning_effort": null,
    "prompt_tokens": 148454,
    "completion_tokens": 5087,
    "thinking_tokens": null,
    "chat_hashes": [
        [
            "d229a439b83a277ab75364ece3dd8437f0cca388",
            "8151474ce2021f1ecef4bb43022239ebf1cb7621"
        ],
        [
            "d229a439b83a277ab75364ece3dd8437f0cca388",
            "ffb726dbf107dc21451dec727eecce532ba29c4a"
        ],
        [
            "d229a439b83a277ab75364ece3dd8437f0cca388",
            "1ebb600446369047aa63b549fa73a39f74cd1c2d"
        ],
        [
            "d229a439b83a277ab75364ece3dd8437f0cca388",
            "9e0be7797076ea51fee557b6479f3c3296537068"
        ]
    ]
}