{
    "testdir": "/benchmarks/2025-08-26-11-56-20--cpp_misra.top3.14/cpp/exercises/practice/complex-numbers",
    "testcase": "complex-numbers",
    "model": "gpt-4.1",
    "edit_format": "diff",
    "tests_outcomes": [
        false,
        false
    ],
    "cost": 0.093182,
    "duration": 105.84698128700256,
    "test_timeouts": 0,
    "commit_hash": "32faf82-dirty",
    "num_error_outputs": 0,
    "num_user_asks": 8,
    "num_exhausted_context_windows": 0,
    "num_malformed_responses": 0,
    "syntax_errors": 0,
    "indentation_errors": 0,
    "lazy_comments": 0,
    "reasoning_effort": null,
    "prompt_tokens": 59807,
    "completion_tokens": 3752,
    "thinking_tokens": null,
    "chat_hashes": [
        [
            "dd5eb8c6e1e03320d0933ca63c0164ae9d2a0152",
            "5edc0dff90bc124bf62b8cc8fa30622803898d27"
        ],
        [
            "dd5eb8c6e1e03320d0933ca63c0164ae9d2a0152",
            "196f6c78f7b647f1a92b2346955e2f110909356f"
        ],
        [
            "dd5eb8c6e1e03320d0933ca63c0164ae9d2a0152",
            "9e9e22a5221b357320a59a90bfee2cc498075f86"
        ],
        [
            "dd5eb8c6e1e03320d0933ca63c0164ae9d2a0152",
            "133b884816b375ba94655112c99fa215edec0126"
        ],
        [
            "dd5eb8c6e1e03320d0933ca63c0164ae9d2a0152",
            "2803927e331886eaf942077eed62e0b301fef7f7"
        ],
        [
            "dd5eb8c6e1e03320d0933ca63c0164ae9d2a0152",
            "8be85e9e4675159f42eb55417f8364490e908b78"
        ],
        [
            "dd5eb8c6e1e03320d0933ca63c0164ae9d2a0152",
            "d59505bc9c7aa6d04318a0ae31548f2e4ca95500"
        ],
        [
            "dd5eb8c6e1e03320d0933ca63c0164ae9d2a0152",
            "2c19a47657ec8eccf21f716ab25612ea36809b86"
        ]
    ]
}