{
    "testdir": "/benchmarks/2025-09-23-17-09-24--cpp_misra_gpt5.top5.14/cpp/exercises/practice/all-your-base",
    "testcase": "all-your-base",
    "model": "openai/gpt-5",
    "edit_format": "diff",
    "tests_outcomes": [
        false,
        false
    ],
    "cost": 0.430522,
    "duration": 889.4769852161407,
    "test_timeouts": 0,
    "commit_hash": "32faf82-dirty",
    "num_error_outputs": 1,
    "num_user_asks": 7,
    "num_exhausted_context_windows": 0,
    "num_malformed_responses": 1,
    "syntax_errors": 0,
    "indentation_errors": 0,
    "lazy_comments": 0,
    "reasoning_effort": null,
    "prompt_tokens": 108016,
    "completion_tokens": 36995,
    "thinking_tokens": null,
    "chat_hashes": [
        [
            "5a29f5974d4a87ced71fd7b4b1ae521a58381d25",
            "c2a907b0549949b65f67a8d653176203cb589338"
        ],
        [
            "5a29f5974d4a87ced71fd7b4b1ae521a58381d25",
            "ff737fb2165a11c4bb09acc0b863e1af1f051ea4"
        ],
        [
            "5a29f5974d4a87ced71fd7b4b1ae521a58381d25",
            "35d29e0fe5e195d464031aeab908deae248a7c04"
        ],
        [
            "5a29f5974d4a87ced71fd7b4b1ae521a58381d25",
            "18ca5a8ae927850541d431fd4ca850c49999366d"
        ],
        [
            "5a29f5974d4a87ced71fd7b4b1ae521a58381d25",
            "eee89ee276d0b1a5f760d3557d096fa6c1f4da61"
        ],
        [
            "5a29f5974d4a87ced71fd7b4b1ae521a58381d25",
            "d12c017aedf7e44c7438564a569974559b4d9334"
        ],
        [
            "5a29f5974d4a87ced71fd7b4b1ae521a58381d25",
            "8dc0f5b36861b341e4890e58ad4fecab6e9445c2"
        ],
        [
            "5a29f5974d4a87ced71fd7b4b1ae521a58381d25",
            "2ae8f1abb2c1a073cce41510663684c168c89d6e"
        ]
    ]
}