{
    "testdir": "/benchmarks/2025-08-21-09-19-54--misracpp_baseline.2/cpp/exercises/practice/sublist",
    "testcase": "sublist",
    "model": "gpt-4.1",
    "edit_format": "diff",
    "tests_outcomes": [
        false,
        true
    ],
    "cost": 0.122422,
    "duration": 79.45782399177551,
    "test_timeouts": 0,
    "commit_hash": "32faf82-dirty",
    "num_error_outputs": 0,
    "num_user_asks": 8,
    "num_exhausted_context_windows": 0,
    "num_malformed_responses": 0,
    "syntax_errors": 0,
    "indentation_errors": 0,
    "lazy_comments": 0,
    "reasoning_effort": null,
    "prompt_tokens": 88535,
    "completion_tokens": 1713,
    "thinking_tokens": null,
    "chat_hashes": [
        [
            "dd5eb8c6e1e03320d0933ca63c0164ae9d2a0152",
            "39687ccb9937a934e3359598c090f77d4626a67d"
        ],
        [
            "dd5eb8c6e1e03320d0933ca63c0164ae9d2a0152",
            "6b1556cba024358fd110b5d69728ad1dfcbd56a5"
        ],
        [
            "dd5eb8c6e1e03320d0933ca63c0164ae9d2a0152",
            "73bcfa40204e35d6f9ced50a758a2f4e72489f15"
        ],
        [
            "dd5eb8c6e1e03320d0933ca63c0164ae9d2a0152",
            "17f88195bf50da20baaf92882d7fec867356ba2d"
        ],
        [
            "dd5eb8c6e1e03320d0933ca63c0164ae9d2a0152",
            "cd550bfe41a1588d0c0d473ab4ff4b9649f078e8"
        ],
        [
            "dd5eb8c6e1e03320d0933ca63c0164ae9d2a0152",
            "470c02151cb5a82a9d38bcfe5d5ac2f62aad068e"
        ],
        [
            "dd5eb8c6e1e03320d0933ca63c0164ae9d2a0152",
            "e9d5a1a75b1643b4abbb679680896e2f19c95bc7"
        ],
        [
            "dd5eb8c6e1e03320d0933ca63c0164ae9d2a0152",
            "470c02151cb5a82a9d38bcfe5d5ac2f62aad068e"
        ]
    ]
}