{
    "testdir": "/benchmarks/2025-08-26-11-23-36--cpp_misra.top3.7/cpp/exercises/practice/spiral-matrix",
    "testcase": "spiral-matrix",
    "model": "gpt-4.1",
    "edit_format": "diff",
    "tests_outcomes": [
        false,
        false
    ],
    "cost": 0.050626,
    "duration": 72.16086554527283,
    "test_timeouts": 0,
    "commit_hash": "32faf82-dirty",
    "num_error_outputs": 0,
    "num_user_asks": 4,
    "num_exhausted_context_windows": 0,
    "num_malformed_responses": 0,
    "syntax_errors": 0,
    "indentation_errors": 0,
    "lazy_comments": 0,
    "reasoning_effort": null,
    "prompt_tokens": 23449,
    "completion_tokens": 2410,
    "thinking_tokens": null,
    "chat_hashes": [
        [
            "dd5eb8c6e1e03320d0933ca63c0164ae9d2a0152",
            "70fd47afbc37d1844e875b60daeb72ffa775d4b4"
        ],
        [
            "dd5eb8c6e1e03320d0933ca63c0164ae9d2a0152",
            "8778664567c93fce04cd023163e305e37e654cde"
        ],
        [
            "dd5eb8c6e1e03320d0933ca63c0164ae9d2a0152",
            "8bf84f39b66d6520e5111001bdfddc07b647b57d"
        ],
        [
            "dd5eb8c6e1e03320d0933ca63c0164ae9d2a0152",
            "51c594a1c80e89cbf826d225f4b58ce162e5fc1c"
        ],
        [
            "dd5eb8c6e1e03320d0933ca63c0164ae9d2a0152",
            "6ca00e5d95e4e99685e91539a6e050f0db5a92e3"
        ]
    ]
}