{
    "testdir": "/benchmarks/2025-09-19-18-45-19--misracpp_baseline_gpt5.16/cpp/exercises/practice/sublist",
    "testcase": "sublist",
    "model": "openai/gpt-5",
    "edit_format": "diff",
    "tests_outcomes": [
        false,
        true
    ],
    "cost": 0.27859275,
    "duration": 567.253956079483,
    "test_timeouts": 0,
    "commit_hash": "32faf82-dirty",
    "num_error_outputs": 0,
    "num_user_asks": 8,
    "num_exhausted_context_windows": 0,
    "num_malformed_responses": 0,
    "syntax_errors": 0,
    "indentation_errors": 0,
    "lazy_comments": 0,
    "reasoning_effort": null,
    "prompt_tokens": 95095,
    "completion_tokens": 21790,
    "thinking_tokens": null,
    "chat_hashes": [
        [
            "5a29f5974d4a87ced71fd7b4b1ae521a58381d25",
            "dd38416e18729e6369e9e1807e12fb2d8a7d15ba"
        ],
        [
            "5a29f5974d4a87ced71fd7b4b1ae521a58381d25",
            "19315a1870dc965a65f363e68f15447bdfc95422"
        ],
        [
            "5a29f5974d4a87ced71fd7b4b1ae521a58381d25",
            "a6270fa7816ad350e4a8b17e0328380ec743a398"
        ],
        [
            "5a29f5974d4a87ced71fd7b4b1ae521a58381d25",
            "40dbb7966fa3951064bf5edce63f2cfc892e4688"
        ],
        [
            "5a29f5974d4a87ced71fd7b4b1ae521a58381d25",
            "3d1434faef8633158e9d49b681b1acd1380deac6"
        ],
        [
            "5a29f5974d4a87ced71fd7b4b1ae521a58381d25",
            "bd0e58fbad5780912eb8fc157abf2ef8225de42b"
        ],
        [
            "5a29f5974d4a87ced71fd7b4b1ae521a58381d25",
            "fcd6889435a5767a96f991cfcdabb4e86f621167"
        ],
        [
            "5a29f5974d4a87ced71fd7b4b1ae521a58381d25",
            "7c065017630ae7e2de221bd22166f3e4159c450f"
        ]
    ]
}