{
    "testdir": "/benchmarks/2025-08-26-22-23-32--cpp_misra_deepseek-chat.19/cpp/exercises/practice/binary-search-tree",
    "testcase": "binary-search-tree",
    "model": "deepseek/deepseek-chat",
    "edit_format": "diff",
    "tests_outcomes": [
        false,
        false
    ],
    "cost": 0.02456047,
    "duration": 563.4756314754486,
    "test_timeouts": 0,
    "commit_hash": "32faf82-dirty",
    "num_error_outputs": 2,
    "num_user_asks": 5,
    "num_exhausted_context_windows": 0,
    "num_malformed_responses": 2,
    "syntax_errors": 0,
    "indentation_errors": 0,
    "lazy_comments": 0,
    "reasoning_effort": null,
    "prompt_tokens": 105611,
    "completion_tokens": 9461,
    "thinking_tokens": null,
    "chat_hashes": [
        [
            "d229a439b83a277ab75364ece3dd8437f0cca388",
            "7e537cbbd073ccdf606e009f0acdbbf4752b09a9"
        ],
        [
            "d229a439b83a277ab75364ece3dd8437f0cca388",
            "eb0889fbe3f35fc00d0201088709f5d70083d334"
        ],
        [
            "d229a439b83a277ab75364ece3dd8437f0cca388",
            "db52cacadcba43cd9d5c0760100eab4b05938d44"
        ],
        [
            "d229a439b83a277ab75364ece3dd8437f0cca388",
            "ccab81ec2e908cf0e450e77b6d9149fb91b7e3a8"
        ],
        [
            "d229a439b83a277ab75364ece3dd8437f0cca388",
            "f758fa8493ab12624dc72e07d64fa03135866d31"
        ],
        [
            "d229a439b83a277ab75364ece3dd8437f0cca388",
            "4e563a8d73486ab3dd47752d28981964f6f77a65"
        ],
        [
            "d229a439b83a277ab75364ece3dd8437f0cca388",
            "6d9c0f51b3e5245cd5ecd93a22f55e8bd9a126ce"
        ],
        [
            "d229a439b83a277ab75364ece3dd8437f0cca388",
            "ef4c586ab497ee666db1d88de6563731306ecddf"
        ]
    ]
}