{
    "testdir": "/benchmarks/2025-09-23-16-16-21--cpp_misra_gpt5.top5.11/cpp/exercises/practice/binary-search-tree",
    "testcase": "binary-search-tree",
    "model": "openai/gpt-5",
    "edit_format": "diff",
    "tests_outcomes": [
        false,
        true
    ],
    "cost": 0.39712800000000004,
    "duration": 889.2738008499146,
    "test_timeouts": 0,
    "commit_hash": "32faf82-dirty",
    "num_error_outputs": 1,
    "num_user_asks": 7,
    "num_exhausted_context_windows": 0,
    "num_malformed_responses": 1,
    "syntax_errors": 0,
    "indentation_errors": 0,
    "lazy_comments": 0,
    "reasoning_effort": null,
    "prompt_tokens": 91544,
    "completion_tokens": 33929,
    "thinking_tokens": null,
    "chat_hashes": [
        [
            "5a29f5974d4a87ced71fd7b4b1ae521a58381d25",
            "2a4e7bef5737805b8ef7554b1f81c35fafd398cb"
        ],
        [
            "5a29f5974d4a87ced71fd7b4b1ae521a58381d25",
            "b6ad860d7bc0eb409b78b46567cb07b779698168"
        ],
        [
            "5a29f5974d4a87ced71fd7b4b1ae521a58381d25",
            "ea4ad568af5b4471f9316187cf03c80fd22dd6eb"
        ],
        [
            "5a29f5974d4a87ced71fd7b4b1ae521a58381d25",
            "4ba11a6c944c11bdba1dcdcd3a226e7234b14f7f"
        ],
        [
            "5a29f5974d4a87ced71fd7b4b1ae521a58381d25",
            "7ec62209f59c06500d9c870dcc43e77dfc4a1714"
        ],
        [
            "5a29f5974d4a87ced71fd7b4b1ae521a58381d25",
            "85cd0c7f7e74c51360fa8ea5ff565f42e1b017c7"
        ],
        [
            "5a29f5974d4a87ced71fd7b4b1ae521a58381d25",
            "850d82744d142bd66c759e3b863b4ecbf057c44a"
        ],
        [
            "5a29f5974d4a87ced71fd7b4b1ae521a58381d25",
            "c9a2d92bf9825e868901501d6b0c1f8af4ba1e28"
        ]
    ]
}