{
    "testdir": "/benchmarks/2025-08-21-08-38-37--misracpp_baseline.01/cpp/exercises/practice/complex-numbers",
    "testcase": "complex-numbers",
    "model": "gpt-4.1",
    "edit_format": "diff",
    "tests_outcomes": [
        false,
        false
    ],
    "cost": 0.068596,
    "duration": 68.28936123847961,
    "test_timeouts": 0,
    "commit_hash": "32faf82-dirty",
    "num_error_outputs": 0,
    "num_user_asks": 8,
    "num_exhausted_context_windows": 0,
    "num_malformed_responses": 0,
    "syntax_errors": 0,
    "indentation_errors": 0,
    "lazy_comments": 0,
    "reasoning_effort": null,
    "prompt_tokens": 41974,
    "completion_tokens": 2401,
    "thinking_tokens": null,
    "chat_hashes": [
        [
            "dd5eb8c6e1e03320d0933ca63c0164ae9d2a0152",
            "9f8edb6c21770fce1c3444ae90fe1a7c17aab6b1"
        ],
        [
            "dd5eb8c6e1e03320d0933ca63c0164ae9d2a0152",
            "4ad8a08e1c249f7d1de90a201f4893a0a7627e85"
        ],
        [
            "dd5eb8c6e1e03320d0933ca63c0164ae9d2a0152",
            "6d702798cf4c1f8587b091160efb9d7739ba818f"
        ],
        [
            "dd5eb8c6e1e03320d0933ca63c0164ae9d2a0152",
            "e368ccf3b677d348b2029ddbe51d45649a1c7def"
        ],
        [
            "dd5eb8c6e1e03320d0933ca63c0164ae9d2a0152",
            "37cfd4ca970e40d1bd6ca5750931106fcee747df"
        ],
        [
            "dd5eb8c6e1e03320d0933ca63c0164ae9d2a0152",
            "74fbc75442d9ed8ffd3053496059b39a888190c1"
        ],
        [
            "dd5eb8c6e1e03320d0933ca63c0164ae9d2a0152",
            "19d3a557ed491d0db53e414b37dbde8be5fc0b80"
        ],
        [
            "dd5eb8c6e1e03320d0933ca63c0164ae9d2a0152",
            "c48acee1d5eca8d45ffd229eb261a35ff14e8598"
        ]
    ]
}