{
    "testdir": "/benchmarks/2025-08-27-13-44-43--misracpp_baseline_o3.6/cpp/exercises/practice/robot-name",
    "testcase": "robot-name",
    "model": "o3",
    "edit_format": "diff",
    "tests_outcomes": [
        false,
        true
    ],
    "cost": 0.068852,
    "duration": 91.3605363368988,
    "test_timeouts": 0,
    "commit_hash": "32faf82-dirty",
    "num_error_outputs": 0,
    "num_user_asks": 2,
    "num_exhausted_context_windows": 0,
    "num_malformed_responses": 0,
    "syntax_errors": 0,
    "indentation_errors": 0,
    "lazy_comments": 0,
    "reasoning_effort": null,
    "prompt_tokens": 15222,
    "completion_tokens": 6025,
    "thinking_tokens": null,
    "chat_hashes": [
        [
            "5570d71e63f5d28449be40ac390705d540cb9709",
            "269c675ed71d0f0a6c392da72419a63892ca838c"
        ],
        [
            "5570d71e63f5d28449be40ac390705d540cb9709",
            "c7439a00d4a9f7a30065ff01207ecd949f008e15"
        ],
        [
            "5570d71e63f5d28449be40ac390705d540cb9709",
            "eb1e26d01ec6e39640ac6d6c4b85386132115aa9"
        ],
        [
            "5570d71e63f5d28449be40ac390705d540cb9709",
            "e9c8b4f18ecfaff30b1b72b828910e31db5865e5"
        ]
    ]
}