{
    "testdir": "/benchmarks/2025-08-26-22-34-41--cpp_misra_deepseek-chat.20/cpp/exercises/practice/yacht",
    "testcase": "yacht",
    "model": "deepseek/deepseek-chat",
    "edit_format": "diff",
    "tests_outcomes": [
        false,
        true
    ],
    "cost": 0.01873263,
    "duration": 345.0036644935608,
    "test_timeouts": 0,
    "commit_hash": "32faf82-dirty",
    "num_error_outputs": 0,
    "num_user_asks": 2,
    "num_exhausted_context_windows": 0,
    "num_malformed_responses": 0,
    "syntax_errors": 0,
    "indentation_errors": 0,
    "lazy_comments": 0,
    "reasoning_effort": null,
    "prompt_tokens": 56829,
    "completion_tokens": 6304,
    "thinking_tokens": null,
    "chat_hashes": [
        [
            "d229a439b83a277ab75364ece3dd8437f0cca388",
            "cd5a878de534c4523cfbdf779d4754549e577087"
        ],
        [
            "d229a439b83a277ab75364ece3dd8437f0cca388",
            "b53324c3e37e5e77c269d072136d962b2490b56e"
        ],
        [
            "d229a439b83a277ab75364ece3dd8437f0cca388",
            "b4f5c02566b6022db4097177185aa0306883c20b"
        ],
        [
            "d229a439b83a277ab75364ece3dd8437f0cca388",
            "8e6ea450478d3ccc2ec4dff22a04d329657fb92e"
        ]
    ]
}