{
    "testdir": "/benchmarks/2025-09-01-21-40-22--cpp_misra_o3.top10.8/cpp/exercises/practice/kindergarten-garden",
    "testcase": "kindergarten-garden",
    "model": "o3",
    "edit_format": "diff",
    "tests_outcomes": [
        false,
        false
    ],
    "cost": 0.17556,
    "duration": 155.97237586975098,
    "test_timeouts": 0,
    "commit_hash": "32faf82-dirty",
    "num_error_outputs": 0,
    "num_user_asks": 2,
    "num_exhausted_context_windows": 0,
    "num_malformed_responses": 0,
    "syntax_errors": 0,
    "indentation_errors": 0,
    "lazy_comments": 0,
    "reasoning_effort": null,
    "prompt_tokens": 59528,
    "completion_tokens": 9511,
    "thinking_tokens": null,
    "chat_hashes": [
        [
            "5570d71e63f5d28449be40ac390705d540cb9709",
            "8aadf1b19356e1b86aae5e1804eacfee943238b4"
        ],
        [
            "5570d71e63f5d28449be40ac390705d540cb9709",
            "ffd5e30b225a59214ec9dee2fc8d185d09f0f4b6"
        ],
        [
            "5570d71e63f5d28449be40ac390705d540cb9709",
            "4a749b52109d01d20b254755011c1e704f408c2c"
        ],
        [
            "5570d71e63f5d28449be40ac390705d540cb9709",
            "0c630737787506e182243a8f32fba3d980b0adde"
        ]
    ]
}