{
    "testdir": "/benchmarks/2025-09-23-17-09-24--cpp_misra_gpt5.top5.14/cpp/exercises/practice/linked-list",
    "testcase": "linked-list",
    "model": "openai/gpt-5",
    "edit_format": "diff",
    "tests_outcomes": [
        true
    ],
    "cost": 0.06968500000000001,
    "duration": 107.37437152862549,
    "test_timeouts": 0,
    "commit_hash": "32faf82-dirty",
    "num_error_outputs": 4,
    "num_user_asks": 0,
    "num_exhausted_context_windows": 0,
    "num_malformed_responses": 4,
    "syntax_errors": 0,
    "indentation_errors": 0,
    "lazy_comments": 0,
    "reasoning_effort": null,
    "prompt_tokens": 24284,
    "completion_tokens": 5733,
    "thinking_tokens": null,
    "chat_hashes": [
        [
            "5a29f5974d4a87ced71fd7b4b1ae521a58381d25",
            "e4716e577cabea217d4f7c2145521e2601bcec47"
        ],
        [
            "5a29f5974d4a87ced71fd7b4b1ae521a58381d25",
            "a6cbabf97c893ad2ed6ce832debaf3877258081f"
        ],
        [
            "5a29f5974d4a87ced71fd7b4b1ae521a58381d25",
            "a6cbabf97c893ad2ed6ce832debaf3877258081f"
        ],
        [
            "5a29f5974d4a87ced71fd7b4b1ae521a58381d25",
            "eda5e97541df1f410a141296f73f86bd55040e9f"
        ]
    ]
}