{
    "testdir": "/benchmarks/2025-09-19-15-47-30--misracpp_baseline_gpt5.4/cpp/exercises/practice/knapsack",
    "testcase": "knapsack",
    "model": "openai/gpt-5",
    "edit_format": "diff",
    "tests_outcomes": [
        true
    ],
    "cost": 0.17726950000000002,
    "duration": 275.7298505306244,
    "test_timeouts": 0,
    "commit_hash": "32faf82-dirty",
    "num_error_outputs": 0,
    "num_user_asks": 3,
    "num_exhausted_context_windows": 0,
    "num_malformed_responses": 0,
    "syntax_errors": 0,
    "indentation_errors": 0,
    "lazy_comments": 0,
    "reasoning_effort": null,
    "prompt_tokens": 12718,
    "completion_tokens": 16886,
    "thinking_tokens": null,
    "chat_hashes": [
        [
            "5a29f5974d4a87ced71fd7b4b1ae521a58381d25",
            "f9c0970d4364b10dbefb2a0ed1d851f039934bd2"
        ],
        [
            "5a29f5974d4a87ced71fd7b4b1ae521a58381d25",
            "16fb58d0c7851df0c39af2c2ddce98de2148b5fb"
        ],
        [
            "5a29f5974d4a87ced71fd7b4b1ae521a58381d25",
            "31024d216025bf9f3335350dade3e99de75d9ad0"
        ],
        [
            "5a29f5974d4a87ced71fd7b4b1ae521a58381d25",
            "70982409439fccdf9ed7b09ba98dde2a5ac7a176"
        ]
    ]
}