{
    "testdir": "/benchmarks/2025-09-19-16-02-19--misracpp_baseline_gpt5.5/cpp/exercises/practice/phone-number",
    "testcase": "phone-number",
    "model": "openai/gpt-5",
    "edit_format": "diff",
    "tests_outcomes": [
        false,
        true
    ],
    "cost": 0.13664125000000002,
    "duration": 228.0704414844513,
    "test_timeouts": 0,
    "commit_hash": "32faf82-dirty",
    "num_error_outputs": 1,
    "num_user_asks": 1,
    "num_exhausted_context_windows": 0,
    "num_malformed_responses": 1,
    "syntax_errors": 0,
    "indentation_errors": 0,
    "lazy_comments": 0,
    "reasoning_effort": null,
    "prompt_tokens": 15257,
    "completion_tokens": 12477,
    "thinking_tokens": null,
    "chat_hashes": [
        [
            "5a29f5974d4a87ced71fd7b4b1ae521a58381d25",
            "66220463d1237e793e4ded34c645e760201bd3cb"
        ],
        [
            "5a29f5974d4a87ced71fd7b4b1ae521a58381d25",
            "4705e3f888af8eb8421a985942d14bacf5e6e931"
        ],
        [
            "5a29f5974d4a87ced71fd7b4b1ae521a58381d25",
            "4e00947e4e548144a1246597324a2b3028ea9b28"
        ],
        [
            "5a29f5974d4a87ced71fd7b4b1ae521a58381d25",
            "015cb30245f64edac845201be64fad105653343e"
        ]
    ]
}