{
    "testdir": "/benchmarks/2025-09-24-10-08-48--cpp_misra_gpt5.top5.20/cpp/exercises/practice/diamond",
    "testcase": "diamond",
    "model": "openai/gpt-5",
    "edit_format": "diff",
    "tests_outcomes": [
        false,
        true
    ],
    "cost": 0.21719400000000003,
    "duration": 439.22362303733826,
    "test_timeouts": 0,
    "commit_hash": "32faf82-dirty",
    "num_error_outputs": 0,
    "num_user_asks": 8,
    "num_exhausted_context_windows": 0,
    "num_malformed_responses": 0,
    "syntax_errors": 0,
    "indentation_errors": 0,
    "lazy_comments": 0,
    "reasoning_effort": null,
    "prompt_tokens": 45608,
    "completion_tokens": 19172,
    "thinking_tokens": null,
    "chat_hashes": [
        [
            "5a29f5974d4a87ced71fd7b4b1ae521a58381d25",
            "5fc3d127412470ff5c09c8613dda654528ba6a89"
        ],
        [
            "5a29f5974d4a87ced71fd7b4b1ae521a58381d25",
            "5668f7d45302bdadabcb9231bd06a0ccef83a497"
        ],
        [
            "5a29f5974d4a87ced71fd7b4b1ae521a58381d25",
            "788249f8a86c94e81fe6ff8beb1ff9ab29463c64"
        ],
        [
            "5a29f5974d4a87ced71fd7b4b1ae521a58381d25",
            "1e4f80b3733407988461ad18882484539cecb41b"
        ],
        [
            "5a29f5974d4a87ced71fd7b4b1ae521a58381d25",
            "ff5ac743ab3c388f1db544e6987c51fb1d5a38c5"
        ],
        [
            "5a29f5974d4a87ced71fd7b4b1ae521a58381d25",
            "8b916abf920159ec071ef50b2008fb8192a72404"
        ],
        [
            "5a29f5974d4a87ced71fd7b4b1ae521a58381d25",
            "898eaefb7c368ccc6ddbe51a6fab518b574a3395"
        ],
        [
            "5a29f5974d4a87ced71fd7b4b1ae521a58381d25",
            "8b916abf920159ec071ef50b2008fb8192a72404"
        ]
    ]
}