{
    "testdir": "/benchmarks/2025-08-21-09-42-55--misracpp_baseline.7/cpp/exercises/practice/queen-attack",
    "testcase": "queen-attack",
    "model": "gpt-4.1",
    "edit_format": "diff",
    "tests_outcomes": [
        false,
        true
    ],
    "cost": 0.05634599999999999,
    "duration": 48.804858922958374,
    "test_timeouts": 0,
    "commit_hash": "32faf82-dirty",
    "num_error_outputs": 0,
    "num_user_asks": 5,
    "num_exhausted_context_windows": 0,
    "num_malformed_responses": 0,
    "syntax_errors": 0,
    "indentation_errors": 0,
    "lazy_comments": 0,
    "reasoning_effort": null,
    "prompt_tokens": 34369,
    "completion_tokens": 1763,
    "thinking_tokens": null,
    "chat_hashes": [
        [
            "dd5eb8c6e1e03320d0933ca63c0164ae9d2a0152",
            "0ab3656ace44ca363625bc5b5b34d336fbf878e7"
        ],
        [
            "dd5eb8c6e1e03320d0933ca63c0164ae9d2a0152",
            "932ec21990f6a5089dfa3012d63a76a074cb9aa1"
        ],
        [
            "dd5eb8c6e1e03320d0933ca63c0164ae9d2a0152",
            "98652216727e7ca5d83e5c5d6a205e58fee12fff"
        ],
        [
            "dd5eb8c6e1e03320d0933ca63c0164ae9d2a0152",
            "50d58af8a99eb82c871ee6afa42d4ee94563a32b"
        ],
        [
            "dd5eb8c6e1e03320d0933ca63c0164ae9d2a0152",
            "6c14a84a118dc7b7c286fdc77de7fda1e36e272f"
        ],
        [
            "dd5eb8c6e1e03320d0933ca63c0164ae9d2a0152",
            "3a8c8cd73d8857f426395a85c2872d11dc25ecaf"
        ],
        [
            "dd5eb8c6e1e03320d0933ca63c0164ae9d2a0152",
            "7d8d72ef5258908c4c71163d7c6aa2626907d473"
        ]
    ]
}