{
    "testdir": "/benchmarks/2025-08-26-11-23-36--cpp_misra.top3.7/cpp/exercises/practice/diamond",
    "testcase": "diamond",
    "model": "gpt-4.1",
    "edit_format": "diff",
    "tests_outcomes": [
        false,
        false
    ],
    "cost": 0.05161399999999999,
    "duration": 26.77586841583252,
    "test_timeouts": 0,
    "commit_hash": "32faf82-dirty",
    "num_error_outputs": 0,
    "num_user_asks": 8,
    "num_exhausted_context_windows": 0,
    "num_malformed_responses": 0,
    "syntax_errors": 0,
    "indentation_errors": 0,
    "lazy_comments": 0,
    "reasoning_effort": null,
    "prompt_tokens": 39163,
    "completion_tokens": 1029,
    "thinking_tokens": null,
    "chat_hashes": [
        [
            "dd5eb8c6e1e03320d0933ca63c0164ae9d2a0152",
            "20d67c9e893467a47058d046638619d4fbd65b36"
        ],
        [
            "dd5eb8c6e1e03320d0933ca63c0164ae9d2a0152",
            "a5a254a58107276ea363049e3df75b995f9eef97"
        ],
        [
            "dd5eb8c6e1e03320d0933ca63c0164ae9d2a0152",
            "9c39814e09ae0207a2dcb151fe53435807d309d4"
        ],
        [
            "dd5eb8c6e1e03320d0933ca63c0164ae9d2a0152",
            "a5a254a58107276ea363049e3df75b995f9eef97"
        ],
        [
            "dd5eb8c6e1e03320d0933ca63c0164ae9d2a0152",
            "8a2a22bb40298a2c732f7cfb6b3d39fbee783bca"
        ],
        [
            "dd5eb8c6e1e03320d0933ca63c0164ae9d2a0152",
            "d512c1d9b62d5cb4aa50c959272f0e0a3429d7f6"
        ],
        [
            "dd5eb8c6e1e03320d0933ca63c0164ae9d2a0152",
            "e49897ffe0fc57ae561985da6d3ba27816f05031"
        ],
        [
            "dd5eb8c6e1e03320d0933ca63c0164ae9d2a0152",
            "d512c1d9b62d5cb4aa50c959272f0e0a3429d7f6"
        ]
    ]
}