{
    "testdir": "/benchmarks/2025-08-31-18-39-45--cpp_misra_o3.top5.6/cpp/exercises/practice/zebra-puzzle",
    "testcase": "zebra-puzzle",
    "model": "o3",
    "edit_format": "diff",
    "tests_outcomes": [
        false,
        true
    ],
    "cost": 0.066822,
    "duration": 62.54246735572815,
    "test_timeouts": 0,
    "commit_hash": "32faf82-dirty",
    "num_error_outputs": 0,
    "num_user_asks": 5,
    "num_exhausted_context_windows": 0,
    "num_malformed_responses": 0,
    "syntax_errors": 0,
    "indentation_errors": 0,
    "lazy_comments": 0,
    "reasoning_effort": null,
    "prompt_tokens": 28675,
    "completion_tokens": 5048,
    "thinking_tokens": null,
    "chat_hashes": [
        [
            "5570d71e63f5d28449be40ac390705d540cb9709",
            "3cf1b900edde79332067209cc2902fd8838d9551"
        ],
        [
            "5570d71e63f5d28449be40ac390705d540cb9709",
            "4114e90282a21b2902cd8d17c3e54926c617ef12"
        ],
        [
            "5570d71e63f5d28449be40ac390705d540cb9709",
            "9491e21351adad31ac013eace472c4b6d42e9ef7"
        ],
        [
            "5570d71e63f5d28449be40ac390705d540cb9709",
            "3c01e72e14b25ae6d71db7f146d3023ef7ddb8b0"
        ],
        [
            "5570d71e63f5d28449be40ac390705d540cb9709",
            "bb73a142780b76a12cd978290682b5ebd1092e70"
        ],
        [
            "5570d71e63f5d28449be40ac390705d540cb9709",
            "85b846d5b6f159ac7ab559195bc9e96c6487a703"
        ]
    ]
}