{
    "testdir": "/benchmarks/2025-08-26-12-23-53--cpp_misra.top3.20/cpp/exercises/practice/space-age",
    "testcase": "space-age",
    "model": "gpt-4.1",
    "edit_format": "diff",
    "tests_outcomes": [
        true
    ],
    "cost": 0.038176,
    "duration": 20.68217635154724,
    "test_timeouts": 0,
    "commit_hash": "32faf82-dirty",
    "num_error_outputs": 0,
    "num_user_asks": 4,
    "num_exhausted_context_windows": 0,
    "num_malformed_responses": 0,
    "syntax_errors": 0,
    "indentation_errors": 0,
    "lazy_comments": 0,
    "reasoning_effort": null,
    "prompt_tokens": 19128,
    "completion_tokens": 1982,
    "thinking_tokens": null,
    "chat_hashes": [
        [
            "dd5eb8c6e1e03320d0933ca63c0164ae9d2a0152",
            "be2c7c697fa25872619cc5449c16db13bcfb9444"
        ],
        [
            "dd5eb8c6e1e03320d0933ca63c0164ae9d2a0152",
            "06b2fcbba5287b2f205379620307298aba6f8b04"
        ],
        [
            "dd5eb8c6e1e03320d0933ca63c0164ae9d2a0152",
            "3edfa4c9c72a7acb4d12be8a8b0ad0e871e3eb3c"
        ],
        [
            "dd5eb8c6e1e03320d0933ca63c0164ae9d2a0152",
            "1febf0c9f409a5c846f308c010e08a697de923a8"
        ]
    ]
}