{
    "testdir": "/benchmarks/2025-09-23-13-51-42--cpp_misra_gpt5.top5.4/cpp/exercises/practice/sublist",
    "testcase": "sublist",
    "model": "openai/gpt-5",
    "edit_format": "diff",
    "tests_outcomes": [
        false,
        true
    ],
    "cost": 0.35144525000000004,
    "duration": 827.493093252182,
    "test_timeouts": 0,
    "commit_hash": "32faf82-dirty",
    "num_error_outputs": 0,
    "num_user_asks": 7,
    "num_exhausted_context_windows": 0,
    "num_malformed_responses": 0,
    "syntax_errors": 0,
    "indentation_errors": 0,
    "lazy_comments": 0,
    "reasoning_effort": null,
    "prompt_tokens": 109401,
    "completion_tokens": 28511,
    "thinking_tokens": null,
    "chat_hashes": [
        [
            "5a29f5974d4a87ced71fd7b4b1ae521a58381d25",
            "3487c3b854d98d1d78216d86a8a8716b4648faaa"
        ],
        [
            "5a29f5974d4a87ced71fd7b4b1ae521a58381d25",
            "4104dfaba94b673d4d610cae6c6fae56cc798e7d"
        ],
        [
            "5a29f5974d4a87ced71fd7b4b1ae521a58381d25",
            "628022293301d91d5a1b91f0aa8a89b9d76b155a"
        ],
        [
            "5a29f5974d4a87ced71fd7b4b1ae521a58381d25",
            "62f26ee7dc2c5d8039d36fb6315fb890ab30cadc"
        ],
        [
            "5a29f5974d4a87ced71fd7b4b1ae521a58381d25",
            "beccf6ec2cc9c19fb61e7ff4e80cd25d3d69a2a3"
        ],
        [
            "5a29f5974d4a87ced71fd7b4b1ae521a58381d25",
            "fc892a5b3ba48442c9d591440913c46c4a5adcf2"
        ],
        [
            "5a29f5974d4a87ced71fd7b4b1ae521a58381d25",
            "335add7681260e660cbe05ece0e00039732a70a2"
        ],
        [
            "5a29f5974d4a87ced71fd7b4b1ae521a58381d25",
            "6badcc43d14755df3e90ebcc79e252edcb27e1d3"
        ]
    ]
}