{
    "testdir": "/benchmarks/2025-08-21-09-27-19--misracpp_baseline.4/cpp/exercises/practice/bank-account",
    "testcase": "bank-account",
    "model": "gpt-4.1",
    "edit_format": "diff",
    "tests_outcomes": [
        false,
        true
    ],
    "cost": 0.02712,
    "duration": 25.827228784561157,
    "test_timeouts": 0,
    "commit_hash": "32faf82-dirty",
    "num_error_outputs": 0,
    "num_user_asks": 4,
    "num_exhausted_context_windows": 0,
    "num_malformed_responses": 0,
    "syntax_errors": 0,
    "indentation_errors": 0,
    "lazy_comments": 0,
    "reasoning_effort": null,
    "prompt_tokens": 18728,
    "completion_tokens": 844,
    "thinking_tokens": null,
    "chat_hashes": [
        [
            "dd5eb8c6e1e03320d0933ca63c0164ae9d2a0152",
            "993b64a8a13555cee1bd5adc375b9443bb8e675b"
        ],
        [
            "dd5eb8c6e1e03320d0933ca63c0164ae9d2a0152",
            "f8232c839f445f0290075956991dc2474044d0e6"
        ],
        [
            "dd5eb8c6e1e03320d0933ca63c0164ae9d2a0152",
            "fd0a6b5c7f80cc7a27525b1103466f73a4cd6795"
        ],
        [
            "dd5eb8c6e1e03320d0933ca63c0164ae9d2a0152",
            "67909ceca2bc09fc2e2b6399804a37b873afaa77"
        ],
        [
            "dd5eb8c6e1e03320d0933ca63c0164ae9d2a0152",
            "deb8d1edac3e27217ddf9d34366c19f548c0f33f"
        ]
    ]
}