{
    "testdir": "/benchmarks/2025-09-10-11-35-04--misracpp_baseline_grok-code-fast-1.1/cpp/exercises/practice/grade-school",
    "testcase": "grade-school",
    "model": "xai/grok-code-fast-1-0825",
    "edit_format": "whole",
    "tests_outcomes": [
        true
    ],
    "cost": 0.0022988,
    "duration": 16.783032655715942,
    "test_timeouts": 0,
    "commit_hash": "32faf82-dirty",
    "num_error_outputs": 0,
    "num_user_asks": 2,
    "num_exhausted_context_windows": 0,
    "num_malformed_responses": 0,
    "syntax_errors": 0,
    "indentation_errors": 0,
    "lazy_comments": 0,
    "reasoning_effort": null,
    "prompt_tokens": 7684,
    "completion_tokens": 508,
    "thinking_tokens": null,
    "chat_hashes": [
        [
            "5ff365dd35144573aa175fcf9498e0f4e11204a7",
            "64c4f675ef1684dd42f0689a140576cd4ff2cdb6"
        ],
        [
            "5ff365dd35144573aa175fcf9498e0f4e11204a7",
            "e783b4d416491ed38ea46fe3ecc8af8e97ed66b8"
        ],
        [
            "5ff365dd35144573aa175fcf9498e0f4e11204a7",
            "7e18b459bde70092f4073c3a4902233d60ad8a86"
        ]
    ]
}