{
    "testdir": "/benchmarks/2025-09-01-21-54-51--cpp_misra_o3.top10.10/cpp/exercises/practice/spiral-matrix",
    "testcase": "spiral-matrix",
    "model": "o3",
    "edit_format": "diff",
    "tests_outcomes": [
        true
    ],
    "cost": 0.096928,
    "duration": 146.58351826667786,
    "test_timeouts": 0,
    "commit_hash": "32faf82-dirty",
    "num_error_outputs": 0,
    "num_user_asks": 4,
    "num_exhausted_context_windows": 0,
    "num_malformed_responses": 0,
    "syntax_errors": 0,
    "indentation_errors": 0,
    "lazy_comments": 0,
    "reasoning_effort": null,
    "prompt_tokens": 22772,
    "completion_tokens": 9591,
    "thinking_tokens": null,
    "chat_hashes": [
        [
            "5570d71e63f5d28449be40ac390705d540cb9709",
            "3f903786fc4d1e291a21c15169b6b422b7093d3f"
        ],
        [
            "5570d71e63f5d28449be40ac390705d540cb9709",
            "4303defc5cfac29e5ca03cfe8518bdea88ea60fa"
        ],
        [
            "5570d71e63f5d28449be40ac390705d540cb9709",
            "f3548b0e1d443bf469cbf7287743e4b8f8d39c69"
        ],
        [
            "5570d71e63f5d28449be40ac390705d540cb9709",
            "4d11f8efc3467148e90010f03093402397e27636"
        ]
    ]
}