{
    "testdir": "/benchmarks/2025-09-19-16-45-27--misracpp_baseline_gpt5.8/cpp/exercises/practice/allergies",
    "testcase": "allergies",
    "model": "openai/gpt-5",
    "edit_format": "diff",
    "tests_outcomes": [
        false,
        false
    ],
    "cost": 0.11946025,
    "duration": 273.15178060531616,
    "test_timeouts": 0,
    "commit_hash": "32faf82-dirty",
    "num_error_outputs": 1,
    "num_user_asks": 4,
    "num_exhausted_context_windows": 0,
    "num_malformed_responses": 0,
    "syntax_errors": 0,
    "indentation_errors": 0,
    "lazy_comments": 0,
    "reasoning_effort": null,
    "prompt_tokens": 14565,
    "completion_tokens": 10975,
    "thinking_tokens": null,
    "chat_hashes": [
        [
            "5a29f5974d4a87ced71fd7b4b1ae521a58381d25",
            "79a9d95693eae50d273e9995ab5f817e15d24d89"
        ],
        [
            "5a29f5974d4a87ced71fd7b4b1ae521a58381d25",
            "201cadcf013d10f00203d331cb8f8c76ff6dbcd1"
        ],
        [
            "5a29f5974d4a87ced71fd7b4b1ae521a58381d25",
            "487781f2455b84567f213d4b64f766ec27ff7da4"
        ],
        [
            "5a29f5974d4a87ced71fd7b4b1ae521a58381d25",
            "8e473dff1bae0091aacafd634f39d5808c6ec79c"
        ]
    ]
}