{
    "testdir": "/benchmarks/2025-09-19-20-01-04--misracpp_baseline_gpt5.21/cpp/exercises/practice/robot-name",
    "testcase": "robot-name",
    "model": "openai/gpt-5",
    "edit_format": "diff",
    "tests_outcomes": [
        false,
        false
    ],
    "cost": 0.12166075,
    "duration": 181.2282087802887,
    "test_timeouts": 0,
    "commit_hash": "32faf82-dirty",
    "num_error_outputs": 1,
    "num_user_asks": 3,
    "num_exhausted_context_windows": 0,
    "num_malformed_responses": 1,
    "syntax_errors": 0,
    "indentation_errors": 0,
    "lazy_comments": 0,
    "reasoning_effort": null,
    "prompt_tokens": 17967,
    "completion_tokens": 10741,
    "thinking_tokens": null,
    "chat_hashes": [
        [
            "5a29f5974d4a87ced71fd7b4b1ae521a58381d25",
            "2e9bd68a8970d624f45d9223ec5e6d6d0c2e0cfd"
        ],
        [
            "5a29f5974d4a87ced71fd7b4b1ae521a58381d25",
            "96d095663b027ef5a35d1efd70db669a59db7e1e"
        ],
        [
            "5a29f5974d4a87ced71fd7b4b1ae521a58381d25",
            "2624d5239b6f21ded877ae1c9d70df606cca2dc8"
        ],
        [
            "5a29f5974d4a87ced71fd7b4b1ae521a58381d25",
            "436ed6385fe09b8775e3abe068442593a3908feb"
        ],
        [
            "5a29f5974d4a87ced71fd7b4b1ae521a58381d25",
            "d66a719ede0949678d1765691bb9ee7b6abbea05"
        ]
    ]
}