{
    "testdir": "/benchmarks/2025-09-23-15-56-44--cpp_misra_gpt5.top5.10/cpp/exercises/practice/zebra-puzzle",
    "testcase": "zebra-puzzle",
    "model": "openai/gpt-5",
    "edit_format": "diff",
    "tests_outcomes": [
        false,
        true
    ],
    "cost": 0.27704850000000003,
    "duration": 702.2621865272522,
    "test_timeouts": 0,
    "commit_hash": "32faf82-dirty",
    "num_error_outputs": 0,
    "num_user_asks": 7,
    "num_exhausted_context_windows": 0,
    "num_malformed_responses": 0,
    "syntax_errors": 0,
    "indentation_errors": 0,
    "lazy_comments": 0,
    "reasoning_effort": null,
    "prompt_tokens": 67082,
    "completion_tokens": 23150,
    "thinking_tokens": null,
    "chat_hashes": [
        [
            "5a29f5974d4a87ced71fd7b4b1ae521a58381d25",
            "a7926e1a40d91d5181d74fdbf9543035b7d4cfd2"
        ],
        [
            "5a29f5974d4a87ced71fd7b4b1ae521a58381d25",
            "9d8500f8fecdad0cb5caf7dbce88ca8eb640d192"
        ],
        [
            "5a29f5974d4a87ced71fd7b4b1ae521a58381d25",
            "11469042c7fc463177bd3c39c7c22165d034f8d7"
        ],
        [
            "5a29f5974d4a87ced71fd7b4b1ae521a58381d25",
            "396ea11e1b4a9d5320931a338ed7818732f1906f"
        ],
        [
            "5a29f5974d4a87ced71fd7b4b1ae521a58381d25",
            "615142b638ee80851aeb8f01a07b12378030c331"
        ],
        [
            "5a29f5974d4a87ced71fd7b4b1ae521a58381d25",
            "955b0f227c6e713566961cd3229354f12c96000b"
        ],
        [
            "5a29f5974d4a87ced71fd7b4b1ae521a58381d25",
            "b907cef480c45b31d6fb5a80876fdf515d3b96a0"
        ],
        [
            "5a29f5974d4a87ced71fd7b4b1ae521a58381d25",
            "8b4e0cebc83c984169eef76ce32abed052ed0a1c"
        ]
    ]
}