{
    "testdir": "/benchmarks/2025-08-22-12-12-12--misracpp_baseline_deepseek-chat.19/cpp/exercises/practice/zebra-puzzle",
    "testcase": "zebra-puzzle",
    "model": "deepseek/deepseek-chat",
    "edit_format": "diff",
    "tests_outcomes": [
        false,
        true
    ],
    "cost": 0.012664950000000001,
    "duration": 392.53871059417725,
    "test_timeouts": 0,
    "commit_hash": "32faf82-dirty",
    "num_error_outputs": 0,
    "num_user_asks": 1,
    "num_exhausted_context_windows": 0,
    "num_malformed_responses": 0,
    "syntax_errors": 0,
    "indentation_errors": 0,
    "lazy_comments": 0,
    "reasoning_effort": null,
    "prompt_tokens": 21025,
    "completion_tokens": 8238,
    "thinking_tokens": null,
    "chat_hashes": [
        [
            "d229a439b83a277ab75364ece3dd8437f0cca388",
            "15ca89ed34a66dd2bcf40272a619a883c83a1439"
        ],
        [
            "d229a439b83a277ab75364ece3dd8437f0cca388",
            "5a972d14e36c9d6e39706afe80537b530e2d3cd5"
        ],
        [
            "d229a439b83a277ab75364ece3dd8437f0cca388",
            "041007b5a7c788dd4f85f82ca446a521bbdd5eca"
        ]
    ]
}