{
    "testdir": "/benchmarks/2025-09-19-17-22-52--misracpp_baseline_gpt5.10/cpp/exercises/practice/diamond",
    "testcase": "diamond",
    "model": "openai/gpt-5",
    "edit_format": "diff",
    "tests_outcomes": [
        true
    ],
    "cost": 0.09288450000000001,
    "duration": 134.7660310268402,
    "test_timeouts": 0,
    "commit_hash": "32faf82-dirty",
    "num_error_outputs": 0,
    "num_user_asks": 4,
    "num_exhausted_context_windows": 0,
    "num_malformed_responses": 0,
    "syntax_errors": 0,
    "indentation_errors": 0,
    "lazy_comments": 0,
    "reasoning_effort": null,
    "prompt_tokens": 13650,
    "completion_tokens": 8403,
    "thinking_tokens": null,
    "chat_hashes": [
        [
            "5a29f5974d4a87ced71fd7b4b1ae521a58381d25",
            "cf8e72962b8eddbc03b27425b3e5160d0846afd3"
        ],
        [
            "5a29f5974d4a87ced71fd7b4b1ae521a58381d25",
            "ec0de825b1ccea0ecff0c76820c7933fe29801f1"
        ],
        [
            "5a29f5974d4a87ced71fd7b4b1ae521a58381d25",
            "69e09086fb83668423abc2960d78215ed61871b6"
        ],
        [
            "5a29f5974d4a87ced71fd7b4b1ae521a58381d25",
            "15b5e3f7cbe832d5986ca52d1da51faff56f1221"
        ]
    ]
}