{
    "testdir": "/benchmarks/2025-08-22-08-06-23--misracpp_baseline_deepseek-chat.3/cpp/exercises/practice/allergies",
    "testcase": "allergies",
    "model": "deepseek/deepseek-chat",
    "edit_format": "diff",
    "tests_outcomes": [
        true
    ],
    "cost": 0.00684108,
    "duration": 247.20473647117615,
    "test_timeouts": 0,
    "commit_hash": "32faf82-dirty",
    "num_error_outputs": 0,
    "num_user_asks": 2,
    "num_exhausted_context_windows": 0,
    "num_malformed_responses": 0,
    "syntax_errors": 0,
    "indentation_errors": 0,
    "lazy_comments": 0,
    "reasoning_effort": null,
    "prompt_tokens": 12774,
    "completion_tokens": 4515,
    "thinking_tokens": null,
    "chat_hashes": [
        [
            "d229a439b83a277ab75364ece3dd8437f0cca388",
            "ef4800d1b684a15a0769acb4e9e9d00381d139b7"
        ],
        [
            "d229a439b83a277ab75364ece3dd8437f0cca388",
            "a9b32a61d90beb3b5be1c4ce57fd08cfd9253f86"
        ],
        [
            "d229a439b83a277ab75364ece3dd8437f0cca388",
            "80d62d7d87da6f74c5a013902f24f385584f3f29"
        ]
    ]
}