{
    "testdir": "/benchmarks/2025-08-22-10-44-45--misracpp_baseline_deepseek-chat.11/cpp/exercises/practice/meetup",
    "testcase": "meetup",
    "model": "deepseek/deepseek-chat",
    "edit_format": "diff",
    "tests_outcomes": [
        false,
        false
    ],
    "cost": 0.02307795,
    "duration": 390.1669135093689,
    "test_timeouts": 0,
    "commit_hash": "32faf82-dirty",
    "num_error_outputs": 1,
    "num_user_asks": 1,
    "num_exhausted_context_windows": 0,
    "num_malformed_responses": 1,
    "syntax_errors": 0,
    "indentation_errors": 0,
    "lazy_comments": 0,
    "reasoning_effort": null,
    "prompt_tokens": 67655,
    "completion_tokens": 7213,
    "thinking_tokens": null,
    "chat_hashes": [
        [
            "d229a439b83a277ab75364ece3dd8437f0cca388",
            "47b9a8882d14f6ccb89e784cc62948ae9590cafb"
        ],
        [
            "d229a439b83a277ab75364ece3dd8437f0cca388",
            "19897a3cfaecb8e65632f853356473e24b8da05a"
        ],
        [
            "d229a439b83a277ab75364ece3dd8437f0cca388",
            "0b0fb051416ac9c3b3a994c56afd55143665d51d"
        ],
        [
            "d229a439b83a277ab75364ece3dd8437f0cca388",
            "74b9274fbcafaec0dda8902dde4d96119a44d5d7"
        ]
    ]
}