{
    "testdir": "/benchmarks/2025-09-01-22-27-54--cpp_misra_o3.top10.14/cpp/exercises/practice/dnd-character",
    "testcase": "dnd-character",
    "model": "o3",
    "edit_format": "diff",
    "tests_outcomes": [
        false,
        true
    ],
    "cost": 0.12542599999999998,
    "duration": 189.87051248550415,
    "test_timeouts": 0,
    "commit_hash": "32faf82-dirty",
    "num_error_outputs": 0,
    "num_user_asks": 3,
    "num_exhausted_context_windows": 0,
    "num_malformed_responses": 0,
    "syntax_errors": 0,
    "indentation_errors": 0,
    "lazy_comments": 0,
    "reasoning_effort": null,
    "prompt_tokens": 38869,
    "completion_tokens": 10569,
    "thinking_tokens": null,
    "chat_hashes": [
        [
            "5570d71e63f5d28449be40ac390705d540cb9709",
            "1e4df9e5d1f97002340616eb8acbfe963d0c74cf"
        ],
        [
            "5570d71e63f5d28449be40ac390705d540cb9709",
            "cdf66deea164e1961a8bfc03fb7e0eb11239ce1c"
        ],
        [
            "5570d71e63f5d28449be40ac390705d540cb9709",
            "8ed21efbff4b267acbe7ec514e4dcb3ab2344a94"
        ],
        [
            "5570d71e63f5d28449be40ac390705d540cb9709",
            "e595fff45e02693b10103051e935728a734c6d22"
        ],
        [
            "5570d71e63f5d28449be40ac390705d540cb9709",
            "ee15155dbdde7c92ac8b8805b9eb5953f0ed5f4e"
        ]
    ]
}