{
    "testdir": "/benchmarks/2025-08-27-15-49-33--misracpp_baseline_o3.18/cpp/exercises/practice/clock",
    "testcase": "clock",
    "model": "o3",
    "edit_format": "diff",
    "tests_outcomes": [
        false,
        true
    ],
    "cost": 0.070508,
    "duration": 123.80929374694824,
    "test_timeouts": 0,
    "commit_hash": "32faf82-dirty",
    "num_error_outputs": 0,
    "num_user_asks": 2,
    "num_exhausted_context_windows": 0,
    "num_malformed_responses": 0,
    "syntax_errors": 0,
    "indentation_errors": 0,
    "lazy_comments": 0,
    "reasoning_effort": null,
    "prompt_tokens": 14230,
    "completion_tokens": 6336,
    "thinking_tokens": null,
    "chat_hashes": [
        [
            "5570d71e63f5d28449be40ac390705d540cb9709",
            "64176e2135d502efb2faeec7cc21a6d3c1ab248b"
        ],
        [
            "5570d71e63f5d28449be40ac390705d540cb9709",
            "6e40d6c7738d94dbc68891279239a47b9dddbc36"
        ],
        [
            "5570d71e63f5d28449be40ac390705d540cb9709",
            "361914e572d77dfca894bd84b218d5a209a893ff"
        ],
        [
            "5570d71e63f5d28449be40ac390705d540cb9709",
            "8c0c584050f1e3597676631355a032f7254ebc39"
        ]
    ]
}