{
    "testdir": "/benchmarks/2025-08-31-20-13-10--cpp_misra_o3.top5.20/cpp/exercises/practice/clock",
    "testcase": "clock",
    "model": "o3",
    "edit_format": "diff",
    "tests_outcomes": [
        false,
        true
    ],
    "cost": 0.252114,
    "duration": 318.0895538330078,
    "test_timeouts": 0,
    "commit_hash": "32faf82-dirty",
    "num_error_outputs": 0,
    "num_user_asks": 7,
    "num_exhausted_context_windows": 0,
    "num_malformed_responses": 0,
    "syntax_errors": 0,
    "indentation_errors": 0,
    "lazy_comments": 0,
    "reasoning_effort": null,
    "prompt_tokens": 56089,
    "completion_tokens": 22820,
    "thinking_tokens": null,
    "chat_hashes": [
        [
            "5570d71e63f5d28449be40ac390705d540cb9709",
            "a47223244bd9fbeb30b7cf19452832aca6be8707"
        ],
        [
            "5570d71e63f5d28449be40ac390705d540cb9709",
            "547c6a19661f2ebbc2429b2e9b27fb4600b6d95c"
        ],
        [
            "5570d71e63f5d28449be40ac390705d540cb9709",
            "a5531f577e5a966b34e4f038cb09dd3f27e01119"
        ],
        [
            "5570d71e63f5d28449be40ac390705d540cb9709",
            "8cb776c8cca13573b2f785af14290030e0fdc1be"
        ],
        [
            "5570d71e63f5d28449be40ac390705d540cb9709",
            "2d642457617e252eef824e1c422663d883f89471"
        ],
        [
            "5570d71e63f5d28449be40ac390705d540cb9709",
            "88f7516ac605f21bd85f149ea6ac8990ce6419ff"
        ],
        [
            "5570d71e63f5d28449be40ac390705d540cb9709",
            "8f13506c21e3a313fcb962f31c995fabcab75cad"
        ],
        [
            "5570d71e63f5d28449be40ac390705d540cb9709",
            "88f7516ac605f21bd85f149ea6ac8990ce6419ff"
        ]
    ]
}