{
    "testdir": "/benchmarks/2025-08-26-11-05-03--cpp_misra.top3.3/cpp/exercises/practice/queen-attack",
    "testcase": "queen-attack",
    "model": "gpt-4.1",
    "edit_format": "diff",
    "tests_outcomes": [
        false,
        false
    ],
    "cost": 0.334994,
    "duration": 229.51698541641235,
    "test_timeouts": 0,
    "commit_hash": "32faf82-dirty",
    "num_error_outputs": 0,
    "num_user_asks": 8,
    "num_exhausted_context_windows": 0,
    "num_malformed_responses": 0,
    "syntax_errors": 0,
    "indentation_errors": 0,
    "lazy_comments": 0,
    "reasoning_effort": null,
    "prompt_tokens": 244553,
    "completion_tokens": 4808,
    "thinking_tokens": null,
    "chat_hashes": [
        [
            "dd5eb8c6e1e03320d0933ca63c0164ae9d2a0152",
            "5350e8994bf9817cce044ff44652f1e0a175d7e3"
        ],
        [
            "dd5eb8c6e1e03320d0933ca63c0164ae9d2a0152",
            "b3f2b59a579f3b94c45b83626b67269405681722"
        ],
        [
            "dd5eb8c6e1e03320d0933ca63c0164ae9d2a0152",
            "e461119a3032d3441cb0f7155bcd0c1efe93db17"
        ],
        [
            "dd5eb8c6e1e03320d0933ca63c0164ae9d2a0152",
            "a755c5c743c1f196e3a29d13be957e7d03d2b137"
        ],
        [
            "dd5eb8c6e1e03320d0933ca63c0164ae9d2a0152",
            "561255e50deed29df81f4be9921b5f473e9766c3"
        ],
        [
            "dd5eb8c6e1e03320d0933ca63c0164ae9d2a0152",
            "b6678ea07c29ce4c9961908341587bc1ddfd2d6d"
        ],
        [
            "dd5eb8c6e1e03320d0933ca63c0164ae9d2a0152",
            "89e85f8634a5f269ea16214a640cf00485b34788"
        ],
        [
            "dd5eb8c6e1e03320d0933ca63c0164ae9d2a0152",
            "9aa83b4244258470bcfca32616fe2fbf1cd24daf"
        ]
    ]
}