{
    "testdir": "/benchmarks/2025-08-26-11-23-36--cpp_misra.top3.7/cpp/exercises/practice/allergies",
    "testcase": "allergies",
    "model": "gpt-4.1",
    "edit_format": "diff",
    "tests_outcomes": [
        false,
        true
    ],
    "cost": 0.127858,
    "duration": 64.09557628631592,
    "test_timeouts": 0,
    "commit_hash": "32faf82-dirty",
    "num_error_outputs": 0,
    "num_user_asks": 8,
    "num_exhausted_context_windows": 0,
    "num_malformed_responses": 0,
    "syntax_errors": 0,
    "indentation_errors": 0,
    "lazy_comments": 0,
    "reasoning_effort": null,
    "prompt_tokens": 95817,
    "completion_tokens": 2228,
    "thinking_tokens": null,
    "chat_hashes": [
        [
            "dd5eb8c6e1e03320d0933ca63c0164ae9d2a0152",
            "9ddfb656c4fe1a792c4e703fa2b375f29e50afb6"
        ],
        [
            "dd5eb8c6e1e03320d0933ca63c0164ae9d2a0152",
            "788165e873c68c37fabe9a36c8502e0a9637d1ce"
        ],
        [
            "dd5eb8c6e1e03320d0933ca63c0164ae9d2a0152",
            "cd55c523172ea979a2fadb27ff9ce899ee2cb061"
        ],
        [
            "dd5eb8c6e1e03320d0933ca63c0164ae9d2a0152",
            "6c821a2f01d1f9c97f731b7121bc10c7634c2b9f"
        ],
        [
            "dd5eb8c6e1e03320d0933ca63c0164ae9d2a0152",
            "36a11b3322c1790736e7b77f8bd40ddefcf59836"
        ],
        [
            "dd5eb8c6e1e03320d0933ca63c0164ae9d2a0152",
            "94ea17345a9baf96967048a077f0479cb62e86c0"
        ],
        [
            "dd5eb8c6e1e03320d0933ca63c0164ae9d2a0152",
            "6d156151f71a768356e1d36d8efed0893da43f1c"
        ],
        [
            "dd5eb8c6e1e03320d0933ca63c0164ae9d2a0152",
            "ee99ceb25f45ebe1497b3b6170cc5388da21796d"
        ]
    ]
}