{
    "testdir": "/benchmarks/2025-08-21-13-25-46--misracpp_baseline.15/cpp/exercises/practice/phone-number",
    "testcase": "phone-number",
    "model": "gpt-4.1",
    "edit_format": "diff",
    "tests_outcomes": [
        false,
        true
    ],
    "cost": 0.06346600000000001,
    "duration": 47.15814399719238,
    "test_timeouts": 0,
    "commit_hash": "32faf82-dirty",
    "num_error_outputs": 0,
    "num_user_asks": 8,
    "num_exhausted_context_windows": 0,
    "num_malformed_responses": 0,
    "syntax_errors": 0,
    "indentation_errors": 0,
    "lazy_comments": 0,
    "reasoning_effort": null,
    "prompt_tokens": 45145,
    "completion_tokens": 1375,
    "thinking_tokens": null,
    "chat_hashes": [
        [
            "dd5eb8c6e1e03320d0933ca63c0164ae9d2a0152",
            "60255c46fda7ae3535871815ae02003a77c3a81f"
        ],
        [
            "dd5eb8c6e1e03320d0933ca63c0164ae9d2a0152",
            "c62b281e111199f885ba4b0a4ef427f471612f9b"
        ],
        [
            "dd5eb8c6e1e03320d0933ca63c0164ae9d2a0152",
            "b022d0eb09914637bfaf40d6b93606a7a6bd59e4"
        ],
        [
            "dd5eb8c6e1e03320d0933ca63c0164ae9d2a0152",
            "c62b281e111199f885ba4b0a4ef427f471612f9b"
        ],
        [
            "dd5eb8c6e1e03320d0933ca63c0164ae9d2a0152",
            "dc148094ac69de780ad8bc6b2ca6f1835464771d"
        ],
        [
            "dd5eb8c6e1e03320d0933ca63c0164ae9d2a0152",
            "cd78b5e69d3cc0d60b235eadd292ce9fe6849edf"
        ],
        [
            "dd5eb8c6e1e03320d0933ca63c0164ae9d2a0152",
            "ab9cf8537ad41eaf77563d230b69c70d009fded1"
        ],
        [
            "dd5eb8c6e1e03320d0933ca63c0164ae9d2a0152",
            "ab9cf8537ad41eaf77563d230b69c70d009fded1"
        ]
    ]
}