{
    "testdir": "/benchmarks/2025-08-31-19-43-37--cpp_misra_o3.top5.16/cpp/exercises/practice/complex-numbers",
    "testcase": "complex-numbers",
    "model": "o3",
    "edit_format": "diff",
    "tests_outcomes": [
        false,
        true
    ],
    "cost": 0.088054,
    "duration": 105.56606435775757,
    "test_timeouts": 0,
    "commit_hash": "32faf82-dirty",
    "num_error_outputs": 0,
    "num_user_asks": 2,
    "num_exhausted_context_windows": 0,
    "num_malformed_responses": 0,
    "syntax_errors": 0,
    "indentation_errors": 0,
    "lazy_comments": 0,
    "reasoning_effort": null,
    "prompt_tokens": 23315,
    "completion_tokens": 7866,
    "thinking_tokens": null,
    "chat_hashes": [
        [
            "5570d71e63f5d28449be40ac390705d540cb9709",
            "9ff340bda0e16f0bee535e3783cd904fcfe70111"
        ],
        [
            "5570d71e63f5d28449be40ac390705d540cb9709",
            "1e8c05170de03052c932a25802c9844e98446dc3"
        ],
        [
            "5570d71e63f5d28449be40ac390705d540cb9709",
            "96d0220c46866fd3c97d8c905a7ca3873deeb1dc"
        ],
        [
            "5570d71e63f5d28449be40ac390705d540cb9709",
            "d78bc2e7443bfc80502657d6f72f0338ecf8c4b4"
        ]
    ]
}