{
    "testdir": "/benchmarks/2025-08-26-11-52-46--cpp_misra.top3.13/cpp/exercises/practice/sublist",
    "testcase": "sublist",
    "model": "gpt-4.1",
    "edit_format": "diff",
    "tests_outcomes": [
        false,
        false
    ],
    "cost": 0.128744,
    "duration": 74.1444342136383,
    "test_timeouts": 0,
    "commit_hash": "32faf82-dirty",
    "num_error_outputs": 0,
    "num_user_asks": 8,
    "num_exhausted_context_windows": 0,
    "num_malformed_responses": 0,
    "syntax_errors": 0,
    "indentation_errors": 0,
    "lazy_comments": 0,
    "reasoning_effort": null,
    "prompt_tokens": 96256,
    "completion_tokens": 1893,
    "thinking_tokens": null,
    "chat_hashes": [
        [
            "dd5eb8c6e1e03320d0933ca63c0164ae9d2a0152",
            "74c3d5f974e1ad8e9cb666a52ecb0a56b3608bd9"
        ],
        [
            "dd5eb8c6e1e03320d0933ca63c0164ae9d2a0152",
            "ef01eb830844a82d38f6e0174e675b711e1ae7bb"
        ],
        [
            "dd5eb8c6e1e03320d0933ca63c0164ae9d2a0152",
            "3b15c1423f735b5d9a9a5834a6af47acaad8feb8"
        ],
        [
            "dd5eb8c6e1e03320d0933ca63c0164ae9d2a0152",
            "ef01eb830844a82d38f6e0174e675b711e1ae7bb"
        ],
        [
            "dd5eb8c6e1e03320d0933ca63c0164ae9d2a0152",
            "01b816ce9db091a7cce4f147c36aadbf2766f29d"
        ],
        [
            "dd5eb8c6e1e03320d0933ca63c0164ae9d2a0152",
            "c91037b9884523ebdd34157f0caf47d6bdb6bb78"
        ],
        [
            "dd5eb8c6e1e03320d0933ca63c0164ae9d2a0152",
            "682159f90f880b54a0ccafe4db52215f38ef1f01"
        ],
        [
            "dd5eb8c6e1e03320d0933ca63c0164ae9d2a0152",
            "c91037b9884523ebdd34157f0caf47d6bdb6bb78"
        ]
    ]
}