{
    "testdir": "/benchmarks/2025-08-21-13-17-55--misracpp_baseline.14/cpp/exercises/practice/space-age",
    "testcase": "space-age",
    "model": "gpt-4.1",
    "edit_format": "diff",
    "tests_outcomes": [
        false,
        true
    ],
    "cost": 0.034516000000000005,
    "duration": 46.444265604019165,
    "test_timeouts": 0,
    "commit_hash": "32faf82-dirty",
    "num_error_outputs": 0,
    "num_user_asks": 4,
    "num_exhausted_context_windows": 0,
    "num_malformed_responses": 0,
    "syntax_errors": 0,
    "indentation_errors": 0,
    "lazy_comments": 0,
    "reasoning_effort": null,
    "prompt_tokens": 20418,
    "completion_tokens": 1418,
    "thinking_tokens": null,
    "chat_hashes": [
        [
            "dd5eb8c6e1e03320d0933ca63c0164ae9d2a0152",
            "2e708c402f86395b4fef32ede7a24a2beae9f972"
        ],
        [
            "dd5eb8c6e1e03320d0933ca63c0164ae9d2a0152",
            "3dd38f2b5c8e24d404f7fa449965cbf5ee4022f5"
        ],
        [
            "dd5eb8c6e1e03320d0933ca63c0164ae9d2a0152",
            "2a3c53559a917afefde01dcbb41a29b18fac2990"
        ],
        [
            "dd5eb8c6e1e03320d0933ca63c0164ae9d2a0152",
            "5f75228116bc8ab9299e9c1392f685a0feaf9b39"
        ],
        [
            "dd5eb8c6e1e03320d0933ca63c0164ae9d2a0152",
            "59e1880b9b8135136bd080e0f1bb77a7e5ea9c52"
        ]
    ]
}