{
    "testdir": "/benchmarks/2025-09-19-16-30-38--misracpp_baseline_gpt5.7/cpp/exercises/practice/clock",
    "testcase": "clock",
    "model": "openai/gpt-5",
    "edit_format": "diff",
    "tests_outcomes": [
        true
    ],
    "cost": 0.13877825000000002,
    "duration": 223.2405707836151,
    "test_timeouts": 0,
    "commit_hash": "32faf82-dirty",
    "num_error_outputs": 1,
    "num_user_asks": 3,
    "num_exhausted_context_windows": 0,
    "num_malformed_responses": 1,
    "syntax_errors": 0,
    "indentation_errors": 0,
    "lazy_comments": 0,
    "reasoning_effort": null,
    "prompt_tokens": 13549,
    "completion_tokens": 12933,
    "thinking_tokens": null,
    "chat_hashes": [
        [
            "5a29f5974d4a87ced71fd7b4b1ae521a58381d25",
            "c3e7fc913284b1e3c04cc66593309494739f0a95"
        ],
        [
            "5a29f5974d4a87ced71fd7b4b1ae521a58381d25",
            "2b29d089c900807bc107e3c27c97278132fcc591"
        ],
        [
            "5a29f5974d4a87ced71fd7b4b1ae521a58381d25",
            "60aba5ea1286e2ca158e8ebc8c7b0e75389bc1d5"
        ],
        [
            "5a29f5974d4a87ced71fd7b4b1ae521a58381d25",
            "f7ed4f9d5965047fec819932916b852aedff93fa"
        ]
    ]
}