{
    "testdir": "/benchmarks/2025-08-22-06-57-10--misracpp_baseline_deepseek-chat.1/cpp/exercises/practice/kindergarten-garden",
    "testcase": "kindergarten-garden",
    "model": "deepseek/deepseek-chat",
    "edit_format": "diff",
    "tests_outcomes": [
        false,
        false
    ],
    "cost": 0.0149572,
    "duration": 288.70123744010925,
    "test_timeouts": 0,
    "commit_hash": "32faf82-dirty",
    "num_error_outputs": 0,
    "num_user_asks": 2,
    "num_exhausted_context_windows": 0,
    "num_malformed_responses": 0,
    "syntax_errors": 0,
    "indentation_errors": 0,
    "lazy_comments": 0,
    "reasoning_effort": null,
    "prompt_tokens": 43490,
    "completion_tokens": 4831,
    "thinking_tokens": null,
    "chat_hashes": [
        [
            "d229a439b83a277ab75364ece3dd8437f0cca388",
            "9a767c085c2bed307c9c0222d457fc6f7c9a2bee"
        ],
        [
            "d229a439b83a277ab75364ece3dd8437f0cca388",
            "4c1aa490e9f912e9b31fb9ff1d1ca9bd2e3f96f4"
        ],
        [
            "d229a439b83a277ab75364ece3dd8437f0cca388",
            "76a85a73aa6894cd1d388cd82a1dc193af33cfb2"
        ],
        [
            "d229a439b83a277ab75364ece3dd8437f0cca388",
            "9eff3d66b6f5af07e1570fd3079130a141bddb29"
        ]
    ]
}