{
    "testdir": "/benchmarks/2025-08-26-11-39-42--cpp_misra.top3.10/cpp/exercises/practice/dnd-character",
    "testcase": "dnd-character",
    "model": "gpt-4.1",
    "edit_format": "diff",
    "tests_outcomes": [
        false,
        false
    ],
    "cost": 0.08012,
    "duration": 65.94605755805969,
    "test_timeouts": 0,
    "commit_hash": "32faf82-dirty",
    "num_error_outputs": 0,
    "num_user_asks": 8,
    "num_exhausted_context_windows": 0,
    "num_malformed_responses": 0,
    "syntax_errors": 0,
    "indentation_errors": 0,
    "lazy_comments": 0,
    "reasoning_effort": null,
    "prompt_tokens": 60204,
    "completion_tokens": 2284,
    "thinking_tokens": null,
    "chat_hashes": [
        [
            "dd5eb8c6e1e03320d0933ca63c0164ae9d2a0152",
            "b3eb6533491c619d3679b0190e4d7cae0ee03ab9"
        ],
        [
            "dd5eb8c6e1e03320d0933ca63c0164ae9d2a0152",
            "fecdaa5e4d3b901b3a2e068911cebcdf4befc549"
        ],
        [
            "dd5eb8c6e1e03320d0933ca63c0164ae9d2a0152",
            "1a594e7b18b0b75b96ac3afbf76acf2ae5c3e03b"
        ],
        [
            "dd5eb8c6e1e03320d0933ca63c0164ae9d2a0152",
            "3de27b98c8ff367f7a74b84df6655586be5d9b8a"
        ],
        [
            "dd5eb8c6e1e03320d0933ca63c0164ae9d2a0152",
            "7723ce26661a728c93cbd933fd5cbf3c59f6e2fb"
        ],
        [
            "dd5eb8c6e1e03320d0933ca63c0164ae9d2a0152",
            "4adaf9cacdd39bf7b2591ff8919e17551856dbe6"
        ],
        [
            "dd5eb8c6e1e03320d0933ca63c0164ae9d2a0152",
            "cc5fafceb49fcced5bed427aee3b89b44378b0e4"
        ],
        [
            "dd5eb8c6e1e03320d0933ca63c0164ae9d2a0152",
            "e72968356534329bb2bbecc98ee2961805e24df2"
        ]
    ]
}