{
    "testdir": "/benchmarks/2025-08-26-14-35-03--cpp_misra_deepseek-chat.9/cpp/exercises/practice/zebra-puzzle",
    "testcase": "zebra-puzzle",
    "model": "deepseek/deepseek-chat",
    "edit_format": "diff",
    "tests_outcomes": [
        false,
        false
    ],
    "cost": 0.014659790000000002,
    "duration": 493.6395812034607,
    "test_timeouts": 1,
    "commit_hash": "32faf82-dirty",
    "num_error_outputs": 0,
    "num_user_asks": 1,
    "num_exhausted_context_windows": 0,
    "num_malformed_responses": 0,
    "syntax_errors": 0,
    "indentation_errors": 0,
    "lazy_comments": 0,
    "reasoning_effort": null,
    "prompt_tokens": 24217,
    "completion_tokens": 9652,
    "thinking_tokens": null,
    "chat_hashes": [
        [
            "d229a439b83a277ab75364ece3dd8437f0cca388",
            "e52292cbbea14491c3379cacf50122fa0f1268ce"
        ],
        [
            "d229a439b83a277ab75364ece3dd8437f0cca388",
            "112fc21830bfdd81b81b9bd3003cc1122dc1b41f"
        ],
        [
            "d229a439b83a277ab75364ece3dd8437f0cca388",
            "3aa2d408410b57a1da9411f6cdf80f7d5b0e519a"
        ]
    ]
}