{
    "testdir": "/benchmarks/2025-09-01-21-47-48--cpp_misra_o3.top10.9/cpp/exercises/practice/knapsack",
    "testcase": "knapsack",
    "model": "o3",
    "edit_format": "diff",
    "tests_outcomes": [
        true
    ],
    "cost": 0.055319999999999994,
    "duration": 73.98781895637512,
    "test_timeouts": 0,
    "commit_hash": "32faf82-dirty",
    "num_error_outputs": 0,
    "num_user_asks": 2,
    "num_exhausted_context_windows": 0,
    "num_malformed_responses": 0,
    "syntax_errors": 0,
    "indentation_errors": 0,
    "lazy_comments": 0,
    "reasoning_effort": null,
    "prompt_tokens": 15788,
    "completion_tokens": 4264,
    "thinking_tokens": null,
    "chat_hashes": [
        [
            "5570d71e63f5d28449be40ac390705d540cb9709",
            "ea4910905a0219e71ae8a871ecbe402476e7bb49"
        ],
        [
            "5570d71e63f5d28449be40ac390705d540cb9709",
            "f9cd9f44f46f67a6967a5e8ff99035ff3cc33247"
        ],
        [
            "5570d71e63f5d28449be40ac390705d540cb9709",
            "c168ada98fc057e2b6380818be7c13ab7cbd416d"
        ]
    ]
}