{
    "testdir": "/benchmarks/2025-09-19-18-24-12--misracpp_baseline_gpt5.14/cpp/exercises/practice/circular-buffer",
    "testcase": "circular-buffer",
    "model": "openai/gpt-5",
    "edit_format": "diff",
    "tests_outcomes": [
        true
    ],
    "cost": 0.21091550000000003,
    "duration": 407.5073182582855,
    "test_timeouts": 0,
    "commit_hash": "32faf82-dirty",
    "num_error_outputs": 1,
    "num_user_asks": 3,
    "num_exhausted_context_windows": 0,
    "num_malformed_responses": 1,
    "syntax_errors": 0,
    "indentation_errors": 0,
    "lazy_comments": 0,
    "reasoning_effort": null,
    "prompt_tokens": 17518,
    "completion_tokens": 19665,
    "thinking_tokens": null,
    "chat_hashes": [
        [
            "5a29f5974d4a87ced71fd7b4b1ae521a58381d25",
            "8f97385e1dcd961178272fdfec43e3e2ef6941c2"
        ],
        [
            "5a29f5974d4a87ced71fd7b4b1ae521a58381d25",
            "8fcee0d2e717197d1ec5aeb036efd06725b1026f"
        ],
        [
            "5a29f5974d4a87ced71fd7b4b1ae521a58381d25",
            "c809516d6f9b9c4d60de1e1b3d8ba22c7e0892c3"
        ],
        [
            "5a29f5974d4a87ced71fd7b4b1ae521a58381d25",
            "aac3d8fc79b6ef5dc64021876fd32a21e731115f"
        ]
    ]
}