{
    "testdir": "/benchmarks/2025-09-19-19-34-55--misracpp_baseline_gpt5.19/cpp/exercises/practice/binary-search-tree",
    "testcase": "binary-search-tree",
    "model": "openai/gpt-5",
    "edit_format": "diff",
    "tests_outcomes": [
        false,
        true
    ],
    "cost": 0.28246750000000004,
    "duration": 617.121161699295,
    "test_timeouts": 0,
    "commit_hash": "32faf82-dirty",
    "num_error_outputs": 1,
    "num_user_asks": 7,
    "num_exhausted_context_windows": 0,
    "num_malformed_responses": 1,
    "syntax_errors": 0,
    "indentation_errors": 0,
    "lazy_comments": 0,
    "reasoning_effort": null,
    "prompt_tokens": 70766,
    "completion_tokens": 23937,
    "thinking_tokens": null,
    "chat_hashes": [
        [
            "5a29f5974d4a87ced71fd7b4b1ae521a58381d25",
            "7575c48e479aa9221d960212e4c86e16732f8683"
        ],
        [
            "5a29f5974d4a87ced71fd7b4b1ae521a58381d25",
            "a53cd4c5cf7b50572ff4b52dd9d50f812a9a2e5d"
        ],
        [
            "5a29f5974d4a87ced71fd7b4b1ae521a58381d25",
            "2f720dc4f3ed51d8a6b304888082dd7033c71de7"
        ],
        [
            "5a29f5974d4a87ced71fd7b4b1ae521a58381d25",
            "3972204a6a445523b44ecb14090196706e186464"
        ],
        [
            "5a29f5974d4a87ced71fd7b4b1ae521a58381d25",
            "8e3d3df7602cc673f0ea97bda9d0dbcbcb7a7ac3"
        ],
        [
            "5a29f5974d4a87ced71fd7b4b1ae521a58381d25",
            "89ade4ed98c28f344dec579afe2ee9a437b03bf0"
        ],
        [
            "5a29f5974d4a87ced71fd7b4b1ae521a58381d25",
            "542c68e4c55b0374669a0df2e51605ae19414e52"
        ],
        [
            "5a29f5974d4a87ced71fd7b4b1ae521a58381d25",
            "e21969d42073aaf2d5afd028b48d0cc69d3ef1ae"
        ]
    ]
}