{
    "testdir": "/benchmarks/2025-08-26-13-18-51--cpp_misra_deepseek-chat.3/cpp/exercises/practice/spiral-matrix",
    "testcase": "spiral-matrix",
    "model": "deepseek/deepseek-chat",
    "edit_format": "diff",
    "tests_outcomes": [
        true
    ],
    "cost": 0.005754210000000001,
    "duration": 191.1122326850891,
    "test_timeouts": 0,
    "commit_hash": "32faf82-dirty",
    "num_error_outputs": 0,
    "num_user_asks": 2,
    "num_exhausted_context_windows": 0,
    "num_malformed_responses": 0,
    "syntax_errors": 0,
    "indentation_errors": 0,
    "lazy_comments": 0,
    "reasoning_effort": null,
    "prompt_tokens": 13783,
    "completion_tokens": 3640,
    "thinking_tokens": null,
    "chat_hashes": [
        [
            "d229a439b83a277ab75364ece3dd8437f0cca388",
            "76af6924f3545bac8176ccb2e14822aef8c2c14a"
        ],
        [
            "d229a439b83a277ab75364ece3dd8437f0cca388",
            "b94aa35628e8fdf88d3c5d8ae52823b640d819c8"
        ],
        [
            "d229a439b83a277ab75364ece3dd8437f0cca388",
            "1231d715ff6254932a6e0f615523cb06ede88b58"
        ]
    ]
}