{
    "testdir": "/benchmarks/2025-09-23-13-32-57--cpp_misra_gpt5.top5.3/cpp/exercises/practice/complex-numbers",
    "testcase": "complex-numbers",
    "model": "openai/gpt-5",
    "edit_format": "diff",
    "tests_outcomes": [
        true
    ],
    "cost": 0.1379475,
    "duration": 308.9751901626587,
    "test_timeouts": 0,
    "commit_hash": "32faf82-dirty",
    "num_error_outputs": 0,
    "num_user_asks": 4,
    "num_exhausted_context_windows": 0,
    "num_malformed_responses": 0,
    "syntax_errors": 0,
    "indentation_errors": 0,
    "lazy_comments": 0,
    "reasoning_effort": null,
    "prompt_tokens": 21718,
    "completion_tokens": 12232,
    "thinking_tokens": null,
    "chat_hashes": [
        [
            "5a29f5974d4a87ced71fd7b4b1ae521a58381d25",
            "ae6d8ae344759cd0ae694c63cb5eba1de41d9982"
        ],
        [
            "5a29f5974d4a87ced71fd7b4b1ae521a58381d25",
            "f470aa7c83908d97743ae6513469c562652f9012"
        ],
        [
            "5a29f5974d4a87ced71fd7b4b1ae521a58381d25",
            "451038372a5e8b2c004e17724bf435a484b2f564"
        ],
        [
            "5a29f5974d4a87ced71fd7b4b1ae521a58381d25",
            "60263f5e455d237ec63fab5e77bab6519ee1121d"
        ]
    ]
}