{
    "testdir": "/benchmarks/2025-09-19-15-30-29--misracpp_baseline_gpt5.3/cpp/exercises/practice/clock",
    "testcase": "clock",
    "model": "openai/gpt-5",
    "edit_format": "diff",
    "tests_outcomes": [
        true
    ],
    "cost": 0.10942500000000001,
    "duration": 256.3134710788727,
    "test_timeouts": 0,
    "commit_hash": "32faf82-dirty",
    "num_error_outputs": 1,
    "num_user_asks": 3,
    "num_exhausted_context_windows": 0,
    "num_malformed_responses": 1,
    "syntax_errors": 0,
    "indentation_errors": 0,
    "lazy_comments": 0,
    "reasoning_effort": null,
    "prompt_tokens": 12500,
    "completion_tokens": 10100,
    "thinking_tokens": null,
    "chat_hashes": [
        [
            "5a29f5974d4a87ced71fd7b4b1ae521a58381d25",
            "bb479c194880ba26e975d382ed373a910e8936c3"
        ],
        [
            "5a29f5974d4a87ced71fd7b4b1ae521a58381d25",
            "884c1e3078f85df2380bcaa78e98bc906ce8ebe5"
        ],
        [
            "5a29f5974d4a87ced71fd7b4b1ae521a58381d25",
            "feb24848b1b3b923b9990637bf171341ce2f269a"
        ],
        [
            "5a29f5974d4a87ced71fd7b4b1ae521a58381d25",
            "948c26633f872408b2e81519547cab364d04b829"
        ]
    ]
}