{
    "testdir": "/benchmarks/2025-09-19-15-47-30--misracpp_baseline_gpt5.4/cpp/exercises/practice/phone-number",
    "testcase": "phone-number",
    "model": "openai/gpt-5",
    "edit_format": "diff",
    "tests_outcomes": [
        false,
        true
    ],
    "cost": 0.12073800000000001,
    "duration": 232.82778358459473,
    "test_timeouts": 0,
    "commit_hash": "32faf82-dirty",
    "num_error_outputs": 1,
    "num_user_asks": 1,
    "num_exhausted_context_windows": 0,
    "num_malformed_responses": 1,
    "syntax_errors": 0,
    "indentation_errors": 0,
    "lazy_comments": 0,
    "reasoning_effort": null,
    "prompt_tokens": 15376,
    "completion_tokens": 10987,
    "thinking_tokens": null,
    "chat_hashes": [
        [
            "5a29f5974d4a87ced71fd7b4b1ae521a58381d25",
            "3c6917b0026956d2ed6887f49c00659f0e037a1e"
        ],
        [
            "5a29f5974d4a87ced71fd7b4b1ae521a58381d25",
            "92c4232af27c4601fef8aa721a6538e2d63bf25b"
        ],
        [
            "5a29f5974d4a87ced71fd7b4b1ae521a58381d25",
            "c8b65ba879e8e056acc9ce82f64f89ada1e5db3f"
        ],
        [
            "5a29f5974d4a87ced71fd7b4b1ae521a58381d25",
            "233596b889088a718d76a48903dfe67bc5f8c430"
        ]
    ]
}