{
    "testdir": "/benchmarks/2025-09-09-16-56-01--misracpp_baseline_gpt5.2/cpp/exercises/practice/binary-search-tree",
    "testcase": "binary-search-tree",
    "model": "openai/gpt-5",
    "edit_format": "diff",
    "tests_outcomes": [
        false,
        true
    ],
    "cost": 0.32854875,
    "duration": 628.0411064624786,
    "test_timeouts": 0,
    "commit_hash": "32faf82-dirty",
    "num_error_outputs": 1,
    "num_user_asks": 6,
    "num_exhausted_context_windows": 0,
    "num_malformed_responses": 1,
    "syntax_errors": 0,
    "indentation_errors": 0,
    "lazy_comments": 0,
    "reasoning_effort": null,
    "prompt_tokens": 77103,
    "completion_tokens": 23865,
    "thinking_tokens": null,
    "chat_hashes": [
        [
            "5a29f5974d4a87ced71fd7b4b1ae521a58381d25",
            "2d39d90c4c8e829224cc42803d17ce6babc34906"
        ],
        [
            "5a29f5974d4a87ced71fd7b4b1ae521a58381d25",
            "c538f08f7173b0f0af9cef11d8adc2d9664850cb"
        ],
        [
            "5a29f5974d4a87ced71fd7b4b1ae521a58381d25",
            "2ec6b32b6213427151b67b60b2d27fe613a7b66a"
        ],
        [
            "5a29f5974d4a87ced71fd7b4b1ae521a58381d25",
            "7ce0d9eec294f2a292fa1f72232aeda695e67665"
        ],
        [
            "5a29f5974d4a87ced71fd7b4b1ae521a58381d25",
            "2cdcaa3b9b2500551453f92787b914a96c4d1aad"
        ],
        [
            "5a29f5974d4a87ced71fd7b4b1ae521a58381d25",
            "db06d2b62fd9a3b5d7178ee3ebbec4869077c03e"
        ],
        [
            "5a29f5974d4a87ced71fd7b4b1ae521a58381d25",
            "c2cabb5b97677c9d3f6b1e1226f23e7db327132f"
        ],
        [
            "5a29f5974d4a87ced71fd7b4b1ae521a58381d25",
            "251f4bc299863c3679b05d46445ef18037c7cbd9"
        ]
    ]
}