{
    "testdir": "/benchmarks/2025-09-19-16-45-27--misracpp_baseline_gpt5.8/cpp/exercises/practice/crypto-square",
    "testcase": "crypto-square",
    "model": "openai/gpt-5",
    "edit_format": "diff",
    "tests_outcomes": [
        true
    ],
    "cost": 0.12832475000000002,
    "duration": 319.8968732357025,
    "test_timeouts": 0,
    "commit_hash": "32faf82-dirty",
    "num_error_outputs": 1,
    "num_user_asks": 3,
    "num_exhausted_context_windows": 0,
    "num_malformed_responses": 1,
    "syntax_errors": 0,
    "indentation_errors": 0,
    "lazy_comments": 0,
    "reasoning_effort": null,
    "prompt_tokens": 17727,
    "completion_tokens": 11783,
    "thinking_tokens": null,
    "chat_hashes": [
        [
            "5a29f5974d4a87ced71fd7b4b1ae521a58381d25",
            "b149bb68b35fda956e379646edcfd4c86f6a4265"
        ],
        [
            "5a29f5974d4a87ced71fd7b4b1ae521a58381d25",
            "2ce0fc9ea8b4faa9a40ae68ea5a3b7b67a8e783c"
        ],
        [
            "5a29f5974d4a87ced71fd7b4b1ae521a58381d25",
            "d84cdf667dcc3d228c6de8d3c34c0e1350a4c733"
        ],
        [
            "5a29f5974d4a87ced71fd7b4b1ae521a58381d25",
            "10202d3d01619aa5304253c206894ff58e7f2267"
        ]
    ]
}