{
    "testdir": "/benchmarks/2025-08-31-19-43-37--cpp_misra_o3.top5.16/cpp/exercises/practice/circular-buffer",
    "testcase": "circular-buffer",
    "model": "o3",
    "edit_format": "diff",
    "tests_outcomes": [
        false,
        true
    ],
    "cost": 0.11331,
    "duration": 132.8055248260498,
    "test_timeouts": 0,
    "commit_hash": "32faf82-dirty",
    "num_error_outputs": 0,
    "num_user_asks": 3,
    "num_exhausted_context_windows": 0,
    "num_malformed_responses": 0,
    "syntax_errors": 0,
    "indentation_errors": 0,
    "lazy_comments": 0,
    "reasoning_effort": null,
    "prompt_tokens": 30771,
    "completion_tokens": 9903,
    "thinking_tokens": null,
    "chat_hashes": [
        [
            "5570d71e63f5d28449be40ac390705d540cb9709",
            "68267db20b658c1ac567ec4dc81883b75efb4b18"
        ],
        [
            "5570d71e63f5d28449be40ac390705d540cb9709",
            "712b4a48cc328e3d1199cac8a6dd62a591b6261e"
        ],
        [
            "5570d71e63f5d28449be40ac390705d540cb9709",
            "054d17ed54e32cde5a422435ff43661b115ea896"
        ],
        [
            "5570d71e63f5d28449be40ac390705d540cb9709",
            "ed9ac195bab6d92b1927f0b0401f12bf36afab2f"
        ],
        [
            "5570d71e63f5d28449be40ac390705d540cb9709",
            "0f066ceb984f03092f4673144fc03e041dee934c"
        ]
    ]
}