{
    "testdir": "/benchmarks/2025-09-23-14-57-47--cpp_misra_gpt5.top5.7/cpp/exercises/practice/diamond",
    "testcase": "diamond",
    "model": "openai/gpt-5",
    "edit_format": "diff",
    "tests_outcomes": [
        false,
        false
    ],
    "cost": 0.2535615,
    "duration": 526.2545626163483,
    "test_timeouts": 0,
    "commit_hash": "32faf82-dirty",
    "num_error_outputs": 1,
    "num_user_asks": 7,
    "num_exhausted_context_windows": 0,
    "num_malformed_responses": 1,
    "syntax_errors": 0,
    "indentation_errors": 0,
    "lazy_comments": 0,
    "reasoning_effort": null,
    "prompt_tokens": 52510,
    "completion_tokens": 22450,
    "thinking_tokens": null,
    "chat_hashes": [
        [
            "5a29f5974d4a87ced71fd7b4b1ae521a58381d25",
            "4cd85b4a04aaa2222e0a95eb528a1ee97960faee"
        ],
        [
            "5a29f5974d4a87ced71fd7b4b1ae521a58381d25",
            "9daffb0cf434988dae2adc2761477aac7842f12d"
        ],
        [
            "5a29f5974d4a87ced71fd7b4b1ae521a58381d25",
            "39736c0db6b962c72b401e98bb06f14623866cf1"
        ],
        [
            "5a29f5974d4a87ced71fd7b4b1ae521a58381d25",
            "cd8d470d6c0a34ec7fc064731c9e311e535548fa"
        ],
        [
            "5a29f5974d4a87ced71fd7b4b1ae521a58381d25",
            "2435765a8ea6f3f979c06c77629683fe2a093609"
        ],
        [
            "5a29f5974d4a87ced71fd7b4b1ae521a58381d25",
            "a74f1ef0a45ca839d7e39d008d742ff874234088"
        ],
        [
            "5a29f5974d4a87ced71fd7b4b1ae521a58381d25",
            "5c488ae36cab5a5f979db43a4a44b9d70221f582"
        ],
        [
            "5a29f5974d4a87ced71fd7b4b1ae521a58381d25",
            "a74f1ef0a45ca839d7e39d008d742ff874234088"
        ]
    ]
}