{
    "testdir": "/benchmarks/2025-08-31-20-04-10--cpp_misra_o3.top5.19/cpp/exercises/practice/crypto-square",
    "testcase": "crypto-square",
    "model": "o3",
    "edit_format": "diff",
    "tests_outcomes": [
        false,
        false
    ],
    "cost": 0.251732,
    "duration": 319.51303696632385,
    "test_timeouts": 0,
    "commit_hash": "32faf82-dirty",
    "num_error_outputs": 0,
    "num_user_asks": 5,
    "num_exhausted_context_windows": 0,
    "num_malformed_responses": 0,
    "syntax_errors": 0,
    "indentation_errors": 0,
    "lazy_comments": 0,
    "reasoning_effort": null,
    "prompt_tokens": 43442,
    "completion_tokens": 25574,
    "thinking_tokens": null,
    "chat_hashes": [
        [
            "5570d71e63f5d28449be40ac390705d540cb9709",
            "071db02717065b96695ab829465fa3334ce2ce4f"
        ],
        [
            "5570d71e63f5d28449be40ac390705d540cb9709",
            "b64da8ca0e2d51fa1f9266fb9e414dc9c7fdeae8"
        ],
        [
            "5570d71e63f5d28449be40ac390705d540cb9709",
            "e18880157136ace54ff257d623b45d18df169396"
        ],
        [
            "5570d71e63f5d28449be40ac390705d540cb9709",
            "1ac4d18fa337864e94c6e8ffc8ebfc4ad7e840ab"
        ],
        [
            "5570d71e63f5d28449be40ac390705d540cb9709",
            "0ecc0095644b7dab5d81333199d0884c74ea5cc6"
        ],
        [
            "5570d71e63f5d28449be40ac390705d540cb9709",
            "abc7b501ac285309e77d19b4021534344971d62f"
        ]
    ]
}