{
    "testdir": "/benchmarks/2025-08-22-11-49-53--misracpp_baseline_deepseek-chat.17/cpp/exercises/practice/queen-attack",
    "testcase": "queen-attack",
    "model": "deepseek/deepseek-chat",
    "edit_format": "diff",
    "tests_outcomes": [
        true
    ],
    "cost": 0.009595780000000002,
    "duration": 302.30788350105286,
    "test_timeouts": 0,
    "commit_hash": "32faf82-dirty",
    "num_error_outputs": 0,
    "num_user_asks": 4,
    "num_exhausted_context_windows": 0,
    "num_malformed_responses": 0,
    "syntax_errors": 0,
    "indentation_errors": 0,
    "lazy_comments": 0,
    "reasoning_effort": null,
    "prompt_tokens": 20964,
    "completion_tokens": 6033,
    "thinking_tokens": null,
    "chat_hashes": [
        [
            "d229a439b83a277ab75364ece3dd8437f0cca388",
            "903ab2d88856f6e4e4e57e499824d1c8dee3d0b1"
        ],
        [
            "d229a439b83a277ab75364ece3dd8437f0cca388",
            "a33ec1e2be4501aaaba5d0ff07cd1f913a27fbc5"
        ],
        [
            "d229a439b83a277ab75364ece3dd8437f0cca388",
            "b8762ff0a5d4be7a40c8d47638239eb561ce71be"
        ],
        [
            "d229a439b83a277ab75364ece3dd8437f0cca388",
            "8628bd4a271727221bb01c2205c8667845306c86"
        ]
    ]
}