{
    "testdir": "/benchmarks/2025-08-26-13-56-09--cpp_misra_deepseek-chat.6/cpp/exercises/practice/diamond",
    "testcase": "diamond",
    "model": "deepseek/deepseek-chat",
    "edit_format": "diff",
    "tests_outcomes": [
        false,
        true
    ],
    "cost": 0.010345030000000002,
    "duration": 343.6148829460144,
    "test_timeouts": 0,
    "commit_hash": "32faf82-dirty",
    "num_error_outputs": 0,
    "num_user_asks": 3,
    "num_exhausted_context_windows": 0,
    "num_malformed_responses": 0,
    "syntax_errors": 0,
    "indentation_errors": 0,
    "lazy_comments": 0,
    "reasoning_effort": null,
    "prompt_tokens": 31649,
    "completion_tokens": 5546,
    "thinking_tokens": null,
    "chat_hashes": [
        [
            "d229a439b83a277ab75364ece3dd8437f0cca388",
            "58e3d7dd37d38f163b5acb192d648395c5199a15"
        ],
        [
            "d229a439b83a277ab75364ece3dd8437f0cca388",
            "b7d36c1a9bea8768d0e232058847899073d213fe"
        ],
        [
            "d229a439b83a277ab75364ece3dd8437f0cca388",
            "fced9a089fbd0904a493a9f1a65fa3c9bd99b740"
        ],
        [
            "d229a439b83a277ab75364ece3dd8437f0cca388",
            "cb50c9898403c32e374a70afbf11f8b76d595d86"
        ],
        [
            "d229a439b83a277ab75364ece3dd8437f0cca388",
            "41693f1acb5339aad8afc1eea2803d2f8a25d8b5"
        ]
    ]
}