{
    "testdir": "/benchmarks/2025-08-31-20-13-10--cpp_misra_o3.top5.20/cpp/exercises/practice/robot-name",
    "testcase": "robot-name",
    "model": "o3",
    "edit_format": "diff",
    "tests_outcomes": [
        false,
        true
    ],
    "cost": 0.09232399999999999,
    "duration": 138.81923818588257,
    "test_timeouts": 0,
    "commit_hash": "32faf82-dirty",
    "num_error_outputs": 0,
    "num_user_asks": 4,
    "num_exhausted_context_windows": 0,
    "num_malformed_responses": 0,
    "syntax_errors": 0,
    "indentation_errors": 0,
    "lazy_comments": 0,
    "reasoning_effort": null,
    "prompt_tokens": 23662,
    "completion_tokens": 8625,
    "thinking_tokens": null,
    "chat_hashes": [
        [
            "5570d71e63f5d28449be40ac390705d540cb9709",
            "f0fb27fb8d591de628a80ff0815addcec794d29b"
        ],
        [
            "5570d71e63f5d28449be40ac390705d540cb9709",
            "052254d1584923c145d001c87529f09e80f0dd15"
        ],
        [
            "5570d71e63f5d28449be40ac390705d540cb9709",
            "429a73cb5ff460f72b7f8f4e22c3fbbfe799ab30"
        ],
        [
            "5570d71e63f5d28449be40ac390705d540cb9709",
            "63871d8b5cd7b08725466d01141fde1bebffa71f"
        ],
        [
            "5570d71e63f5d28449be40ac390705d540cb9709",
            "d62e455edda5eb3f27a673c056e274f25ea118b1"
        ]
    ]
}