{
    "testdir": "/benchmarks/2025-08-21-08-38-37--misracpp_baseline.01/cpp/exercises/practice/clock",
    "testcase": "clock",
    "model": "gpt-4.1",
    "edit_format": "diff",
    "tests_outcomes": [
        false,
        false
    ],
    "cost": 0.061198,
    "duration": 43.56259751319885,
    "test_timeouts": 0,
    "commit_hash": "32faf82-dirty",
    "num_error_outputs": 0,
    "num_user_asks": 8,
    "num_exhausted_context_windows": 0,
    "num_malformed_responses": 0,
    "syntax_errors": 0,
    "indentation_errors": 0,
    "lazy_comments": 0,
    "reasoning_effort": null,
    "prompt_tokens": 36819,
    "completion_tokens": 2549,
    "thinking_tokens": null,
    "chat_hashes": [
        [
            "dd5eb8c6e1e03320d0933ca63c0164ae9d2a0152",
            "dde2f7bd7b9941caa6ed47be58a2a1a928013b31"
        ],
        [
            "dd5eb8c6e1e03320d0933ca63c0164ae9d2a0152",
            "3ab21f470fe553e887ff1ca870ba876fdcdceef5"
        ],
        [
            "dd5eb8c6e1e03320d0933ca63c0164ae9d2a0152",
            "89b2e1f17f0158cd919ed4269f12bbc10cc3a9b9"
        ],
        [
            "dd5eb8c6e1e03320d0933ca63c0164ae9d2a0152",
            "9776f2da7f691c7b0720a9ccf25adb9da31cc0f0"
        ],
        [
            "dd5eb8c6e1e03320d0933ca63c0164ae9d2a0152",
            "a021fbd41777f1138949af26e6ca96087928a4f8"
        ],
        [
            "dd5eb8c6e1e03320d0933ca63c0164ae9d2a0152",
            "6ecef2a716432afa7f80202ce8df3533d0ae46b4"
        ],
        [
            "dd5eb8c6e1e03320d0933ca63c0164ae9d2a0152",
            "5717aa0ec4794c35e0d57a1d1660b02c74eea5c9"
        ],
        [
            "dd5eb8c6e1e03320d0933ca63c0164ae9d2a0152",
            "f8a72654be5dd76011f66f9bd1d19a48649d1a73"
        ]
    ]
}