{
    "testdir": "/benchmarks/2025-09-01-01-37-15--cpp_misra_deepseek-chat.top5.15/cpp/exercises/practice/clock",
    "testcase": "clock",
    "model": "deepseek/deepseek-chat",
    "edit_format": "diff",
    "tests_outcomes": [
        true
    ],
    "cost": 0.00830257,
    "duration": 230.7419958114624,
    "test_timeouts": 0,
    "commit_hash": "32faf82-dirty",
    "num_error_outputs": 0,
    "num_user_asks": 3,
    "num_exhausted_context_windows": 0,
    "num_malformed_responses": 0,
    "syntax_errors": 0,
    "indentation_errors": 0,
    "lazy_comments": 0,
    "reasoning_effort": null,
    "prompt_tokens": 23031,
    "completion_tokens": 4478,
    "thinking_tokens": null,
    "chat_hashes": [
        [
            "d229a439b83a277ab75364ece3dd8437f0cca388",
            "57cf19f8fac69b219f92d2600864f2f9bb789c4e"
        ],
        [
            "d229a439b83a277ab75364ece3dd8437f0cca388",
            "6a58cf63d7753e98b345e7a1f2649e94431cd361"
        ],
        [
            "d229a439b83a277ab75364ece3dd8437f0cca388",
            "837957f16b48d92e0ba2fa3161d99f7e98e1055e"
        ],
        [
            "d229a439b83a277ab75364ece3dd8437f0cca388",
            "720e63b7dff1f3a24d1702e175b0f2fe48da1d95"
        ]
    ]
}