{
    "testdir": "/benchmarks/2025-09-01-03-17-25--cpp_misra_deepseek-chat.top5.17/cpp/exercises/practice/linked-list",
    "testcase": "linked-list",
    "model": "deepseek/deepseek-chat",
    "edit_format": "diff",
    "tests_outcomes": [
        true
    ],
    "cost": 0.00595183,
    "duration": 166.11795330047607,
    "test_timeouts": 0,
    "commit_hash": "32faf82-dirty",
    "num_error_outputs": 0,
    "num_user_asks": 2,
    "num_exhausted_context_windows": 0,
    "num_malformed_responses": 0,
    "syntax_errors": 0,
    "indentation_errors": 0,
    "lazy_comments": 0,
    "reasoning_effort": null,
    "prompt_tokens": 19189,
    "completion_tokens": 3028,
    "thinking_tokens": null,
    "chat_hashes": [
        [
            "d229a439b83a277ab75364ece3dd8437f0cca388",
            "2c26f58085a745451c430205047b9759e5b42741"
        ],
        [
            "d229a439b83a277ab75364ece3dd8437f0cca388",
            "2696f55cd7966a15e3c1d18d7c3c3f078cecce7f"
        ],
        [
            "d229a439b83a277ab75364ece3dd8437f0cca388",
            "af8245cacb0979e8c462529942d5e99d6b4394da"
        ]
    ]
}