{
    "testdir": "/benchmarks/2025-09-01-21-21-49--cpp_misra_o3.top10.6/cpp/exercises/practice/space-age",
    "testcase": "space-age",
    "model": "o3",
    "edit_format": "diff",
    "tests_outcomes": [
        true
    ],
    "cost": 0.116962,
    "duration": 173.08684134483337,
    "test_timeouts": 0,
    "commit_hash": "32faf82-dirty",
    "num_error_outputs": 0,
    "num_user_asks": 3,
    "num_exhausted_context_windows": 0,
    "num_malformed_responses": 0,
    "syntax_errors": 0,
    "indentation_errors": 0,
    "lazy_comments": 0,
    "reasoning_effort": null,
    "prompt_tokens": 25457,
    "completion_tokens": 10560,
    "thinking_tokens": null,
    "chat_hashes": [
        [
            "5570d71e63f5d28449be40ac390705d540cb9709",
            "c2d2819d87c433838261399dc0420136245b3dc0"
        ],
        [
            "5570d71e63f5d28449be40ac390705d540cb9709",
            "079ea66ce6808066b36a86e0dff41b5e3fb8b74d"
        ],
        [
            "5570d71e63f5d28449be40ac390705d540cb9709",
            "a8566a5cc133cbcd1792a6c368f5fba706d7bfcb"
        ],
        [
            "5570d71e63f5d28449be40ac390705d540cb9709",
            "3860ff79f62fe0095d62b9bb8377b03310ad4fe7"
        ]
    ]
}