{
    "testdir": "/benchmarks/2025-09-23-18-34-20--cpp_misra_gpt5.top5.18/cpp/exercises/practice/all-your-base",
    "testcase": "all-your-base",
    "model": "openai/gpt-5",
    "edit_format": "diff",
    "tests_outcomes": [
        false,
        false
    ],
    "cost": 0.32253775,
    "duration": 589.834878206253,
    "test_timeouts": 0,
    "commit_hash": "32faf82-dirty",
    "num_error_outputs": 1,
    "num_user_asks": 7,
    "num_exhausted_context_windows": 0,
    "num_malformed_responses": 1,
    "syntax_errors": 0,
    "indentation_errors": 0,
    "lazy_comments": 0,
    "reasoning_effort": null,
    "prompt_tokens": 64299,
    "completion_tokens": 28018,
    "thinking_tokens": null,
    "chat_hashes": [
        [
            "5a29f5974d4a87ced71fd7b4b1ae521a58381d25",
            "5ce45cc04a6a9a02128d998d41c6b6488463568c"
        ],
        [
            "5a29f5974d4a87ced71fd7b4b1ae521a58381d25",
            "15cf709d702a7955887b5d18a3b5ff79cc78742f"
        ],
        [
            "5a29f5974d4a87ced71fd7b4b1ae521a58381d25",
            "6ad5df235a6feb1c791dd5cc1c18a7e6bd2fad41"
        ],
        [
            "5a29f5974d4a87ced71fd7b4b1ae521a58381d25",
            "736ba62af5b823db8cf00b1bd6f3e0342636324f"
        ],
        [
            "5a29f5974d4a87ced71fd7b4b1ae521a58381d25",
            "4fc69d9b13b5f94c48298cf7ce4c2c2df31e4f0b"
        ],
        [
            "5a29f5974d4a87ced71fd7b4b1ae521a58381d25",
            "1d2351c4af0636cdd6d9aaf68f84261a62c25e46"
        ],
        [
            "5a29f5974d4a87ced71fd7b4b1ae521a58381d25",
            "8d282b9e016c642adb469c83813b654bddb6576a"
        ],
        [
            "5a29f5974d4a87ced71fd7b4b1ae521a58381d25",
            "1bd85c4ed89653f70d850c3f9fd97aba2005d4fd"
        ]
    ]
}