{
    "testdir": "/benchmarks/2025-08-31-19-28-17--cpp_misra_o3.top5.13/cpp/exercises/practice/crypto-square",
    "testcase": "crypto-square",
    "model": "o3",
    "edit_format": "diff",
    "tests_outcomes": [
        false,
        true
    ],
    "cost": 0.187284,
    "duration": 230.95809674263,
    "test_timeouts": 0,
    "commit_hash": "32faf82-dirty",
    "num_error_outputs": 0,
    "num_user_asks": 5,
    "num_exhausted_context_windows": 0,
    "num_malformed_responses": 0,
    "syntax_errors": 0,
    "indentation_errors": 0,
    "lazy_comments": 0,
    "reasoning_effort": null,
    "prompt_tokens": 40366,
    "completion_tokens": 17399,
    "thinking_tokens": null,
    "chat_hashes": [
        [
            "5570d71e63f5d28449be40ac390705d540cb9709",
            "043a431e1ec633b693614fac855af9bec9b50cea"
        ],
        [
            "5570d71e63f5d28449be40ac390705d540cb9709",
            "47ed9d046564b54e5bf43331f90154cb88eacd71"
        ],
        [
            "5570d71e63f5d28449be40ac390705d540cb9709",
            "558f14c8c9d95d157d9338af5f51cb1e286a71b3"
        ],
        [
            "5570d71e63f5d28449be40ac390705d540cb9709",
            "3e5e1ed9925e9336ffad62b89855902e381aa41b"
        ],
        [
            "5570d71e63f5d28449be40ac390705d540cb9709",
            "795d29b81873404e5fb0a5f07454d5f4a369e377"
        ],
        [
            "5570d71e63f5d28449be40ac390705d540cb9709",
            "7c62c33dae3f915154c2cb3544821d1a1f3e8f68"
        ]
    ]
}