{
    "testdir": "/benchmarks/2025-09-23-15-17-24--cpp_misra_gpt5.top5.8/cpp/exercises/practice/gigasecond",
    "testcase": "gigasecond",
    "model": "openai/gpt-5",
    "edit_format": "diff",
    "tests_outcomes": [
        false,
        true
    ],
    "cost": 0.27316950000000007,
    "duration": 425.474773645401,
    "test_timeouts": 0,
    "commit_hash": "32faf82-dirty",
    "num_error_outputs": 1,
    "num_user_asks": 7,
    "num_exhausted_context_windows": 0,
    "num_malformed_responses": 1,
    "syntax_errors": 0,
    "indentation_errors": 0,
    "lazy_comments": 0,
    "reasoning_effort": null,
    "prompt_tokens": 44750,
    "completion_tokens": 24560,
    "thinking_tokens": null,
    "chat_hashes": [
        [
            "5a29f5974d4a87ced71fd7b4b1ae521a58381d25",
            "df51d3f02c422aab0d8c0bdf0367a20db1c35a70"
        ],
        [
            "5a29f5974d4a87ced71fd7b4b1ae521a58381d25",
            "c2df76707054cb10198ec54cbf7f60454a6b91ba"
        ],
        [
            "5a29f5974d4a87ced71fd7b4b1ae521a58381d25",
            "01d1c4d27e4cf1682cab20fcaaa393d135651f1b"
        ],
        [
            "5a29f5974d4a87ced71fd7b4b1ae521a58381d25",
            "876b445e13f77491237e710982bc4d3a928ef3d1"
        ],
        [
            "5a29f5974d4a87ced71fd7b4b1ae521a58381d25",
            "42ffa1245ace7b6abcbcd30dcf297634581789bc"
        ],
        [
            "5a29f5974d4a87ced71fd7b4b1ae521a58381d25",
            "e2f11901343f4b65270f8b10ee813442ee6b9a4b"
        ],
        [
            "5a29f5974d4a87ced71fd7b4b1ae521a58381d25",
            "03c389c2fd2831ef7e2c2548c31069f93e942ef5"
        ],
        [
            "5a29f5974d4a87ced71fd7b4b1ae521a58381d25",
            "0f616b4b8f5ab8aa1f1908eb8ddd3a5ea305b680"
        ]
    ]
}