{
    "testdir": "/benchmarks/2025-08-26-22-23-32--cpp_misra_deepseek-chat.19/cpp/exercises/practice/allergies",
    "testcase": "allergies",
    "model": "deepseek/deepseek-chat",
    "edit_format": "diff",
    "tests_outcomes": [
        true
    ],
    "cost": 0.00850408,
    "duration": 271.687420129776,
    "test_timeouts": 0,
    "commit_hash": "32faf82-dirty",
    "num_error_outputs": 0,
    "num_user_asks": 4,
    "num_exhausted_context_windows": 0,
    "num_malformed_responses": 0,
    "syntax_errors": 0,
    "indentation_errors": 0,
    "lazy_comments": 0,
    "reasoning_effort": null,
    "prompt_tokens": 22284,
    "completion_tokens": 5182,
    "thinking_tokens": null,
    "chat_hashes": [
        [
            "d229a439b83a277ab75364ece3dd8437f0cca388",
            "1a10c0fc9f1ebb7727916094f39bf5fa8560d5d6"
        ],
        [
            "d229a439b83a277ab75364ece3dd8437f0cca388",
            "43dcd8253f4e4e69a197314ca3fbba9a0192bbd3"
        ],
        [
            "d229a439b83a277ab75364ece3dd8437f0cca388",
            "32ac615d561ffd05d8b1282d57301530c047110c"
        ],
        [
            "d229a439b83a277ab75364ece3dd8437f0cca388",
            "744a9e936e031c4ccf6fa28cfd15f2d35e8de129"
        ]
    ]
}