{
    "testdir": "/benchmarks/2025-08-26-12-05-28--cpp_misra.top3.16/cpp/exercises/practice/crypto-square",
    "testcase": "crypto-square",
    "model": "gpt-4.1",
    "edit_format": "diff",
    "tests_outcomes": [
        false,
        false
    ],
    "cost": 0.08021199999999999,
    "duration": 67.332204580307,
    "test_timeouts": 0,
    "commit_hash": "32faf82-dirty",
    "num_error_outputs": 0,
    "num_user_asks": 8,
    "num_exhausted_context_windows": 0,
    "num_malformed_responses": 0,
    "syntax_errors": 0,
    "indentation_errors": 0,
    "lazy_comments": 0,
    "reasoning_effort": null,
    "prompt_tokens": 53330,
    "completion_tokens": 2406,
    "thinking_tokens": null,
    "chat_hashes": [
        [
            "dd5eb8c6e1e03320d0933ca63c0164ae9d2a0152",
            "329d647fac975ecaba09134dbf4d10040858ef40"
        ],
        [
            "dd5eb8c6e1e03320d0933ca63c0164ae9d2a0152",
            "39c98cecc2c1a49a50166e34e2cc2e3bcef6d62f"
        ],
        [
            "dd5eb8c6e1e03320d0933ca63c0164ae9d2a0152",
            "114b98f6f6bf103411344e1c73fda16ea77b4baa"
        ],
        [
            "dd5eb8c6e1e03320d0933ca63c0164ae9d2a0152",
            "a960050015b534ced000ec2b022b353f1e6a1972"
        ],
        [
            "dd5eb8c6e1e03320d0933ca63c0164ae9d2a0152",
            "f2f913f15bed288fddec2326617fdc36f4afe6fc"
        ],
        [
            "dd5eb8c6e1e03320d0933ca63c0164ae9d2a0152",
            "36d5115f90acdad4a4212144df2b3f021e25e2d8"
        ],
        [
            "dd5eb8c6e1e03320d0933ca63c0164ae9d2a0152",
            "8c0a749c7e83af9d861b724b5b62021e2ecceddf"
        ],
        [
            "dd5eb8c6e1e03320d0933ca63c0164ae9d2a0152",
            "5c9435fa65ad6b536ab43555e68de82eb0a02b0a"
        ]
    ]
}