{
    "testdir": "/benchmarks/2025-09-01-22-27-54--cpp_misra_o3.top10.14/cpp/exercises/practice/clock",
    "testcase": "clock",
    "model": "o3",
    "edit_format": "diff",
    "tests_outcomes": [
        false,
        true
    ],
    "cost": 0.089758,
    "duration": 151.34822940826416,
    "test_timeouts": 0,
    "commit_hash": "32faf82-dirty",
    "num_error_outputs": 0,
    "num_user_asks": 2,
    "num_exhausted_context_windows": 0,
    "num_malformed_responses": 0,
    "syntax_errors": 0,
    "indentation_errors": 0,
    "lazy_comments": 0,
    "reasoning_effort": null,
    "prompt_tokens": 24435,
    "completion_tokens": 8159,
    "thinking_tokens": null,
    "chat_hashes": [
        [
            "5570d71e63f5d28449be40ac390705d540cb9709",
            "ed2a61226c7534c5900f5bfdd2212740fb403d23"
        ],
        [
            "5570d71e63f5d28449be40ac390705d540cb9709",
            "3a29c1af9341e0ce58e7f24f4d6dec5e8fcbf8f7"
        ],
        [
            "5570d71e63f5d28449be40ac390705d540cb9709",
            "2d529f627c57f0f70348d0f4c49f3586f3f2a0db"
        ],
        [
            "5570d71e63f5d28449be40ac390705d540cb9709",
            "b88a3f118861aeae3f9c821cd0e0d649ba3e2420"
        ]
    ]
}