{
    "testdir": "/benchmarks/2025-09-12-11-49-03--cpp_misra_grok-code-fast-1.top5.1/cpp/exercises/practice/complex-numbers",
    "testcase": "complex-numbers",
    "model": "xai/grok-code-fast-1-0825",
    "edit_format": "whole",
    "tests_outcomes": [
        false,
        false
    ],
    "cost": 0.0067011,
    "duration": 31.098073720932007,
    "test_timeouts": 0,
    "commit_hash": "32faf82-dirty",
    "num_error_outputs": 0,
    "num_user_asks": 2,
    "num_exhausted_context_windows": 0,
    "num_malformed_responses": 0,
    "syntax_errors": 0,
    "indentation_errors": 0,
    "lazy_comments": 0,
    "reasoning_effort": null,
    "prompt_tokens": 24678,
    "completion_tokens": 1177,
    "thinking_tokens": null,
    "chat_hashes": [
        [
            "5ff365dd35144573aa175fcf9498e0f4e11204a7",
            "ba2a1e1273bf395db518b5837bb21d9ace2ae354"
        ],
        [
            "5ff365dd35144573aa175fcf9498e0f4e11204a7",
            "a3421251ef527498586103741546f477a4ffcfa1"
        ],
        [
            "5ff365dd35144573aa175fcf9498e0f4e11204a7",
            "e6f52ea9518d2f0964a20f9854eec0a19bcaccc0"
        ],
        [
            "5ff365dd35144573aa175fcf9498e0f4e11204a7",
            "a3421251ef527498586103741546f477a4ffcfa1"
        ]
    ]
}