{
    "testdir": "/benchmarks/2025-08-26-11-39-42--cpp_misra.top3.10/cpp/exercises/practice/perfect-numbers",
    "testcase": "perfect-numbers",
    "model": "gpt-4.1",
    "edit_format": "diff",
    "tests_outcomes": [
        false,
        false
    ],
    "cost": 0.031908,
    "duration": 16.876819372177124,
    "test_timeouts": 0,
    "commit_hash": "32faf82-dirty",
    "num_error_outputs": 0,
    "num_user_asks": 8,
    "num_exhausted_context_windows": 0,
    "num_malformed_responses": 0,
    "syntax_errors": 0,
    "indentation_errors": 0,
    "lazy_comments": 0,
    "reasoning_effort": null,
    "prompt_tokens": 45254,
    "completion_tokens": 835,
    "thinking_tokens": null,
    "chat_hashes": [
        [
            "dd5eb8c6e1e03320d0933ca63c0164ae9d2a0152",
            "e90eae3359b8bc16328fa6b79f311942e733be7b"
        ],
        [
            "dd5eb8c6e1e03320d0933ca63c0164ae9d2a0152",
            "9dc9dce8eb087527ecf3d94038e30e24137b12e0"
        ],
        [
            "dd5eb8c6e1e03320d0933ca63c0164ae9d2a0152",
            "ec57f498ead249972dc414cfe63905055c768754"
        ],
        [
            "dd5eb8c6e1e03320d0933ca63c0164ae9d2a0152",
            "9dc9dce8eb087527ecf3d94038e30e24137b12e0"
        ],
        [
            "dd5eb8c6e1e03320d0933ca63c0164ae9d2a0152",
            "eda6c645b7e5c2b3352ffb34bb9e4ad9f0f7b103"
        ],
        [
            "dd5eb8c6e1e03320d0933ca63c0164ae9d2a0152",
            "ec57f498ead249972dc414cfe63905055c768754"
        ],
        [
            "dd5eb8c6e1e03320d0933ca63c0164ae9d2a0152",
            "94bca029ffc15fa9db43d95687fa5ce4d25c7ca7"
        ],
        [
            "dd5eb8c6e1e03320d0933ca63c0164ae9d2a0152",
            "ec57f498ead249972dc414cfe63905055c768754"
        ]
    ]
}