{
    "testdir": "/benchmarks/2025-08-27-15-14-22--misracpp_baseline_o3.15/cpp/exercises/practice/phone-number",
    "testcase": "phone-number",
    "model": "o3",
    "edit_format": "diff",
    "tests_outcomes": [
        false,
        true
    ],
    "cost": 0.14488,
    "duration": 210.11829090118408,
    "test_timeouts": 0,
    "commit_hash": "32faf82-dirty",
    "num_error_outputs": 0,
    "num_user_asks": 5,
    "num_exhausted_context_windows": 0,
    "num_malformed_responses": 0,
    "syntax_errors": 0,
    "indentation_errors": 0,
    "lazy_comments": 0,
    "reasoning_effort": null,
    "prompt_tokens": 30296,
    "completion_tokens": 12480,
    "thinking_tokens": null,
    "chat_hashes": [
        [
            "5570d71e63f5d28449be40ac390705d540cb9709",
            "48678ac11051757ffafac3ca2d2f1f5cff612ea9"
        ],
        [
            "5570d71e63f5d28449be40ac390705d540cb9709",
            "d2e3adbb9e94ac2ee8e4fa9e4f662a33eaddba60"
        ],
        [
            "5570d71e63f5d28449be40ac390705d540cb9709",
            "f3aac1eb3672c043b0c1bbea4677e23972fcfc3a"
        ],
        [
            "5570d71e63f5d28449be40ac390705d540cb9709",
            "d3be7d638951c2a173ac6b1171acd34e8e6298a7"
        ],
        [
            "5570d71e63f5d28449be40ac390705d540cb9709",
            "a7bacba75f223eedada308ce497a7ddbcb9c9035"
        ],
        [
            "5570d71e63f5d28449be40ac390705d540cb9709",
            "73b2eeb791feb93428a48cf3adb5eea6438f5176"
        ]
    ]
}