{
    "testdir": "/benchmarks/2025-08-26-22-23-32--cpp_misra_deepseek-chat.19/cpp/exercises/practice/diamond",
    "testcase": "diamond",
    "model": "deepseek/deepseek-chat",
    "edit_format": "diff",
    "tests_outcomes": [
        false,
        true
    ],
    "cost": 0.0061290400000000005,
    "duration": 207.59866523742676,
    "test_timeouts": 0,
    "commit_hash": "32faf82-dirty",
    "num_error_outputs": 0,
    "num_user_asks": 1,
    "num_exhausted_context_windows": 0,
    "num_malformed_responses": 0,
    "syntax_errors": 0,
    "indentation_errors": 0,
    "lazy_comments": 0,
    "reasoning_effort": null,
    "prompt_tokens": 14452,
    "completion_tokens": 3898,
    "thinking_tokens": null,
    "chat_hashes": [
        [
            "d229a439b83a277ab75364ece3dd8437f0cca388",
            "0891cfd51cf29422b07baf1cdb39b80647586490"
        ],
        [
            "d229a439b83a277ab75364ece3dd8437f0cca388",
            "8bb03d3c5c583fa0a71dc324701de0b1b9f3b5a0"
        ],
        [
            "d229a439b83a277ab75364ece3dd8437f0cca388",
            "b36092f287a1d22b6ee6ddd39018e8ec11c35f4a"
        ]
    ]
}