{
    "testdir": "/benchmarks/2025-09-23-14-08-04--cpp_misra_gpt5.top5.5/cpp/exercises/practice/dnd-character",
    "testcase": "dnd-character",
    "model": "openai/gpt-5",
    "edit_format": "diff",
    "tests_outcomes": [
        false,
        true
    ],
    "cost": 0.19582350000000004,
    "duration": 394.89626121520996,
    "test_timeouts": 0,
    "commit_hash": "32faf82-dirty",
    "num_error_outputs": 0,
    "num_user_asks": 5,
    "num_exhausted_context_windows": 0,
    "num_malformed_responses": 0,
    "syntax_errors": 0,
    "indentation_errors": 0,
    "lazy_comments": 0,
    "reasoning_effort": null,
    "prompt_tokens": 44030,
    "completion_tokens": 16037,
    "thinking_tokens": null,
    "chat_hashes": [
        [
            "5a29f5974d4a87ced71fd7b4b1ae521a58381d25",
            "108063424318161455fbae8dab0ce75a2981c293"
        ],
        [
            "5a29f5974d4a87ced71fd7b4b1ae521a58381d25",
            "eb68980e0818a64260472fd411771d3249325091"
        ],
        [
            "5a29f5974d4a87ced71fd7b4b1ae521a58381d25",
            "8ce81f86be413bf02b6583ad6ec42370180c2eec"
        ],
        [
            "5a29f5974d4a87ced71fd7b4b1ae521a58381d25",
            "26858b0955576bf5cbe7e848de2988fcc1b6c98b"
        ],
        [
            "5a29f5974d4a87ced71fd7b4b1ae521a58381d25",
            "ea4ea46d86f223febf688384f03df58693b33c8d"
        ],
        [
            "5a29f5974d4a87ced71fd7b4b1ae521a58381d25",
            "1bc17cd8d37aba7d82ab554f1ff32179f4ccf62f"
        ]
    ]
}