{
    "testdir": "/benchmarks/2025-09-19-17-54-37--misracpp_baseline_gpt5.12/cpp/exercises/practice/dnd-character",
    "testcase": "dnd-character",
    "model": "openai/gpt-5",
    "edit_format": "diff",
    "tests_outcomes": [
        true
    ],
    "cost": 0.13372975,
    "duration": 226.60783529281616,
    "test_timeouts": 0,
    "commit_hash": "32faf82-dirty",
    "num_error_outputs": 0,
    "num_user_asks": 4,
    "num_exhausted_context_windows": 0,
    "num_malformed_responses": 0,
    "syntax_errors": 0,
    "indentation_errors": 0,
    "lazy_comments": 0,
    "reasoning_effort": null,
    "prompt_tokens": 15067,
    "completion_tokens": 12152,
    "thinking_tokens": null,
    "chat_hashes": [
        [
            "5a29f5974d4a87ced71fd7b4b1ae521a58381d25",
            "eef3b6b7a29c8aef7b509635696d8918f2e99bc9"
        ],
        [
            "5a29f5974d4a87ced71fd7b4b1ae521a58381d25",
            "cdf109738311f1758f3d704a97f75b162a265d46"
        ],
        [
            "5a29f5974d4a87ced71fd7b4b1ae521a58381d25",
            "a1e140cce2a84e6518a91aa06ff8e61ff7950016"
        ],
        [
            "5a29f5974d4a87ced71fd7b4b1ae521a58381d25",
            "58c1dddde430909ef8ce31067a392540e6242ac5"
        ]
    ]
}