{
    "testdir": "/benchmarks/2025-09-01-20-53-01--cpp_misra_o3.top10.3/cpp/exercises/practice/clock",
    "testcase": "clock",
    "model": "o3",
    "edit_format": "diff",
    "tests_outcomes": [
        false,
        true
    ],
    "cost": 0.126002,
    "duration": 183.24809861183167,
    "test_timeouts": 0,
    "commit_hash": "32faf82-dirty",
    "num_error_outputs": 1,
    "num_user_asks": 3,
    "num_exhausted_context_windows": 0,
    "num_malformed_responses": 1,
    "syntax_errors": 0,
    "indentation_errors": 0,
    "lazy_comments": 0,
    "reasoning_effort": null,
    "prompt_tokens": 41721,
    "completion_tokens": 9880,
    "thinking_tokens": null,
    "chat_hashes": [
        [
            "5570d71e63f5d28449be40ac390705d540cb9709",
            "7e841c13454d937e771e51e386d2381059c74e79"
        ],
        [
            "5570d71e63f5d28449be40ac390705d540cb9709",
            "c16e4269179f240932ce1e72315c6c1d06d5e1b5"
        ],
        [
            "5570d71e63f5d28449be40ac390705d540cb9709",
            "b5279c770dfb3a76c214c5faf9f9467f96bd54e9"
        ],
        [
            "5570d71e63f5d28449be40ac390705d540cb9709",
            "a82cdbee2a0b9d1112cb58d7ff8aa15d54f11d8a"
        ],
        [
            "5570d71e63f5d28449be40ac390705d540cb9709",
            "0db1d9401b9a27645678ebdea05b44ae1fa3daee"
        ],
        [
            "5570d71e63f5d28449be40ac390705d540cb9709",
            "cdb4ede940033cde2eebe8ec5ae6a7508fbce938"
        ]
    ]
}