{
    "testdir": "/benchmarks/2025-09-01-04-56-04--cpp_misra_deepseek-chat.top5.19/cpp/exercises/practice/complex-numbers",
    "testcase": "complex-numbers",
    "model": "deepseek/deepseek-chat",
    "edit_format": "diff",
    "tests_outcomes": [
        false,
        true
    ],
    "cost": 0.016079990000000002,
    "duration": 516.7981705665588,
    "test_timeouts": 0,
    "commit_hash": "32faf82-dirty",
    "num_error_outputs": 0,
    "num_user_asks": 2,
    "num_exhausted_context_windows": 0,
    "num_malformed_responses": 0,
    "syntax_errors": 0,
    "indentation_errors": 0,
    "lazy_comments": 0,
    "reasoning_effort": null,
    "prompt_tokens": 28437,
    "completion_tokens": 10908,
    "thinking_tokens": null,
    "chat_hashes": [
        [
            "d229a439b83a277ab75364ece3dd8437f0cca388",
            "85f35fbb0e3d6a69e9e53fbc62a145956730d98a"
        ],
        [
            "d229a439b83a277ab75364ece3dd8437f0cca388",
            "57335960c7cd9e0735aa5f0e66f4dab4c7d67d72"
        ],
        [
            "d229a439b83a277ab75364ece3dd8437f0cca388",
            "3c73e8f8c765ad18c8530492e4b9d1e8d9774ed6"
        ],
        [
            "d229a439b83a277ab75364ece3dd8437f0cca388",
            "47424296a690c5e0fa14df954ffd8cb258557c1f"
        ]
    ]
}