{
    "testdir": "/benchmarks/2025-08-31-23-25-32--cpp_misra_deepseek-chat.top5.9/cpp/exercises/practice/meetup",
    "testcase": "meetup",
    "model": "deepseek/deepseek-chat",
    "edit_format": "diff",
    "tests_outcomes": [
        false,
        false
    ],
    "cost": 0.03621232,
    "duration": 519.6703085899353,
    "test_timeouts": 0,
    "commit_hash": "32faf82-dirty",
    "num_error_outputs": 0,
    "num_user_asks": 6,
    "num_exhausted_context_windows": 0,
    "num_malformed_responses": 0,
    "syntax_errors": 0,
    "indentation_errors": 0,
    "lazy_comments": 0,
    "reasoning_effort": null,
    "prompt_tokens": 143596,
    "completion_tokens": 11754,
    "thinking_tokens": null,
    "chat_hashes": [
        [
            "d229a439b83a277ab75364ece3dd8437f0cca388",
            "b1f7478fca6188188011d4d3302676faad255eec"
        ],
        [
            "d229a439b83a277ab75364ece3dd8437f0cca388",
            "1b7560e343b113383715fcd431144004f5e6cfb4"
        ],
        [
            "d229a439b83a277ab75364ece3dd8437f0cca388",
            "69100f4f2d142854769a7a94326b25cadc6578aa"
        ],
        [
            "d229a439b83a277ab75364ece3dd8437f0cca388",
            "54d4fe65ac76f4897e85b70ae0abf7e777b0065a"
        ],
        [
            "d229a439b83a277ab75364ece3dd8437f0cca388",
            "1c766a6bb00dd60cc34e2410c45f523049b6297c"
        ],
        [
            "d229a439b83a277ab75364ece3dd8437f0cca388",
            "3bfa12e1b58920c8230225b91d8c26511794f67b"
        ],
        [
            "d229a439b83a277ab75364ece3dd8437f0cca388",
            "f85ac53ec4e1d4379b431c7a5a1e2ef78a498a88"
        ]
    ]
}