{
    "testdir": "/benchmarks/2025-08-31-18-27-14--cpp_misra_o3.top5.4/cpp/exercises/practice/diamond",
    "testcase": "diamond",
    "model": "o3",
    "edit_format": "diff",
    "tests_outcomes": [
        false,
        true
    ],
    "cost": 0.10786399999999999,
    "duration": 157.68032717704773,
    "test_timeouts": 0,
    "commit_hash": "32faf82-dirty",
    "num_error_outputs": 0,
    "num_user_asks": 2,
    "num_exhausted_context_windows": 0,
    "num_malformed_responses": 0,
    "syntax_errors": 0,
    "indentation_errors": 0,
    "lazy_comments": 0,
    "reasoning_effort": null,
    "prompt_tokens": 21712,
    "completion_tokens": 10527,
    "thinking_tokens": null,
    "chat_hashes": [
        [
            "5570d71e63f5d28449be40ac390705d540cb9709",
            "fbfd96086872e9fb4ab6eaf1ad65298f646a33ec"
        ],
        [
            "5570d71e63f5d28449be40ac390705d540cb9709",
            "c8ef05ac32c77931ee3a4e0f24ea9375de3220fa"
        ],
        [
            "5570d71e63f5d28449be40ac390705d540cb9709",
            "ed4feb878816272453aecbd122053caba0b975e4"
        ],
        [
            "5570d71e63f5d28449be40ac390705d540cb9709",
            "4e532de39d6824e35416f80a19be59f4016ab55d"
        ]
    ]
}