{
    "testdir": "/benchmarks/2025-08-27-13-44-43--misracpp_baseline_o3.6/cpp/exercises/practice/diamond",
    "testcase": "diamond",
    "model": "o3",
    "edit_format": "diff",
    "tests_outcomes": [
        false,
        true
    ],
    "cost": 0.16060000000000002,
    "duration": 249.81878566741943,
    "test_timeouts": 0,
    "commit_hash": "32faf82-dirty",
    "num_error_outputs": 0,
    "num_user_asks": 6,
    "num_exhausted_context_windows": 0,
    "num_malformed_responses": 0,
    "syntax_errors": 0,
    "indentation_errors": 0,
    "lazy_comments": 0,
    "reasoning_effort": null,
    "prompt_tokens": 29972,
    "completion_tokens": 15462,
    "thinking_tokens": null,
    "chat_hashes": [
        [
            "5570d71e63f5d28449be40ac390705d540cb9709",
            "fa7f5b486acec555fa159b2a9b17163e343907fe"
        ],
        [
            "5570d71e63f5d28449be40ac390705d540cb9709",
            "cab7652ca0ae8b805361e33083717ab35b79c33c"
        ],
        [
            "5570d71e63f5d28449be40ac390705d540cb9709",
            "64df47cbee3ea978f9cfd7836892d4e185b09e02"
        ],
        [
            "5570d71e63f5d28449be40ac390705d540cb9709",
            "44379fe770f09d0901c5b37d8cbbb082406e8ae5"
        ],
        [
            "5570d71e63f5d28449be40ac390705d540cb9709",
            "3eb0c3a43c9cd28c4667fcc29f3f70b231321f5f"
        ],
        [
            "5570d71e63f5d28449be40ac390705d540cb9709",
            "32ae0beb7a1ec0d501d91b0d24b14c8b5de25697"
        ],
        [
            "5570d71e63f5d28449be40ac390705d540cb9709",
            "4a19e791822aad2940f992a7e5cfa9e0b3599c07"
        ]
    ]
}