{
    "testdir": "/benchmarks/2025-08-21-13-05-31--misracpp_baseline.12/cpp/exercises/practice/complex-numbers",
    "testcase": "complex-numbers",
    "model": "gpt-4.1",
    "edit_format": "diff",
    "tests_outcomes": [
        false,
        true
    ],
    "cost": 0.065496,
    "duration": 54.23308563232422,
    "test_timeouts": 0,
    "commit_hash": "32faf82-dirty",
    "num_error_outputs": 0,
    "num_user_asks": 8,
    "num_exhausted_context_windows": 0,
    "num_malformed_responses": 0,
    "syntax_errors": 0,
    "indentation_errors": 0,
    "lazy_comments": 0,
    "reasoning_effort": null,
    "prompt_tokens": 43512,
    "completion_tokens": 2229,
    "thinking_tokens": null,
    "chat_hashes": [
        [
            "dd5eb8c6e1e03320d0933ca63c0164ae9d2a0152",
            "186c3ff8be2b5465b2a546537718ca8b8a28cb8e"
        ],
        [
            "dd5eb8c6e1e03320d0933ca63c0164ae9d2a0152",
            "4ad8a08e1c249f7d1de90a201f4893a0a7627e85"
        ],
        [
            "dd5eb8c6e1e03320d0933ca63c0164ae9d2a0152",
            "6d702798cf4c1f8587b091160efb9d7739ba818f"
        ],
        [
            "dd5eb8c6e1e03320d0933ca63c0164ae9d2a0152",
            "6d702798cf4c1f8587b091160efb9d7739ba818f"
        ],
        [
            "dd5eb8c6e1e03320d0933ca63c0164ae9d2a0152",
            "6ca4b0321c7e2de2ccee12e39cec68af2f8eb6df"
        ],
        [
            "dd5eb8c6e1e03320d0933ca63c0164ae9d2a0152",
            "7d9ac8e1e7cf75c06f5c3f0a06fbb9920ce380cd"
        ],
        [
            "dd5eb8c6e1e03320d0933ca63c0164ae9d2a0152",
            "7bad3b25ce42feb8241c1895fbadc9934e8d5cd0"
        ],
        [
            "dd5eb8c6e1e03320d0933ca63c0164ae9d2a0152",
            "4f693a5a623908f1de7b1687f1fb0abffee95f87"
        ]
    ]
}