{
    "testdir": "/benchmarks/2025-08-31-21-16-17--cpp_misra_deepseek-chat.top5.3/cpp/exercises/practice/grade-school",
    "testcase": "grade-school",
    "model": "deepseek/deepseek-chat",
    "edit_format": "diff",
    "tests_outcomes": [
        false,
        false
    ],
    "cost": 0.040960179999981104,
    "duration": 219.62453484535217,
    "test_timeouts": 0,
    "commit_hash": "32faf82-dirty",
    "num_error_outputs": 2,
    "num_user_asks": 6,
    "num_exhausted_context_windows": 1,
    "num_malformed_responses": 0,
    "syntax_errors": 0,
    "indentation_errors": 0,
    "lazy_comments": 0,
    "reasoning_effort": null,
    "prompt_tokens": 148264,
    "completion_tokens": 3835,
    "thinking_tokens": null,
    "chat_hashes": [
        [
            "d229a439b83a277ab75364ece3dd8437f0cca388",
            "9aa43403211ba0fc7d15014f98d5b6f89998aba2"
        ],
        [
            "d229a439b83a277ab75364ece3dd8437f0cca388",
            "c3645c8b55202f5999619e077f2ba1c79f3cc90d"
        ],
        [
            "d229a439b83a277ab75364ece3dd8437f0cca388",
            "15a6808a16f094d5fdb2481920abffa859793aa2"
        ],
        [
            "d229a439b83a277ab75364ece3dd8437f0cca388",
            "53fa47295cdc330bc7ce355d919b1c46f5cbd17d"
        ]
    ]
}