{
    "testdir": "/benchmarks/2025-08-27-14-49-54--misracpp_baseline_o3.13/cpp/exercises/practice/clock",
    "testcase": "clock",
    "model": "o3",
    "edit_format": "diff",
    "tests_outcomes": [
        false,
        true
    ],
    "cost": 0.13888,
    "duration": 235.83411478996277,
    "test_timeouts": 0,
    "commit_hash": "32faf82-dirty",
    "num_error_outputs": 0,
    "num_user_asks": 5,
    "num_exhausted_context_windows": 0,
    "num_malformed_responses": 0,
    "syntax_errors": 0,
    "indentation_errors": 0,
    "lazy_comments": 0,
    "reasoning_effort": null,
    "prompt_tokens": 25160,
    "completion_tokens": 12702,
    "thinking_tokens": null,
    "chat_hashes": [
        [
            "5570d71e63f5d28449be40ac390705d540cb9709",
            "f005e4fe2ba3a5a746daa7a08c5544d447561e2e"
        ],
        [
            "5570d71e63f5d28449be40ac390705d540cb9709",
            "8cc6f8c32fc475b3bd2368d23e43d6bc10dfb302"
        ],
        [
            "5570d71e63f5d28449be40ac390705d540cb9709",
            "f0640e12e2ffd0a1214bf8d59050aa6266e8e639"
        ],
        [
            "5570d71e63f5d28449be40ac390705d540cb9709",
            "a55bd9d65fc62621afb2b1ae978c0b18110c517f"
        ],
        [
            "5570d71e63f5d28449be40ac390705d540cb9709",
            "3d2a7b81e92347a8ee31c9849ad526b68e08796a"
        ],
        [
            "5570d71e63f5d28449be40ac390705d540cb9709",
            "eadbf6068003cb2f70bddd985c8867baaca0a9b4"
        ]
    ]
}