{
    "testdir": "/benchmarks/2025-08-21-13-11-33--misracpp_baseline.13/cpp/exercises/practice/knapsack",
    "testcase": "knapsack",
    "model": "gpt-4.1",
    "edit_format": "diff",
    "tests_outcomes": [
        false,
        false
    ],
    "cost": 0.045626,
    "duration": 57.022221326828,
    "test_timeouts": 0,
    "commit_hash": "32faf82-dirty",
    "num_error_outputs": 1,
    "num_user_asks": 3,
    "num_exhausted_context_windows": 0,
    "num_malformed_responses": 1,
    "syntax_errors": 0,
    "indentation_errors": 0,
    "lazy_comments": 0,
    "reasoning_effort": null,
    "prompt_tokens": 26953,
    "completion_tokens": 1917,
    "thinking_tokens": null,
    "chat_hashes": [
        [
            "dd5eb8c6e1e03320d0933ca63c0164ae9d2a0152",
            "d8df553b2b30dd8b4c777fa48fd1660e109fd559"
        ],
        [
            "dd5eb8c6e1e03320d0933ca63c0164ae9d2a0152",
            "b319fb3aeb606e2f10277a056e88a169673c5897"
        ],
        [
            "dd5eb8c6e1e03320d0933ca63c0164ae9d2a0152",
            "3e4d36ac70f2fdd9f121b8d98bb95822ec0d9045"
        ],
        [
            "dd5eb8c6e1e03320d0933ca63c0164ae9d2a0152",
            "93e5da308752b7c0bae8bd7f2e6f00592c455038"
        ],
        [
            "dd5eb8c6e1e03320d0933ca63c0164ae9d2a0152",
            "ecbaac3ef2df48a68d20268d1e46a0b67ec763f6"
        ]
    ]
}