{
    "testdir": "/benchmarks/2025-09-23-18-34-20--cpp_misra_gpt5.top5.18/cpp/exercises/practice/circular-buffer",
    "testcase": "circular-buffer",
    "model": "openai/gpt-5",
    "edit_format": "diff",
    "tests_outcomes": [
        true
    ],
    "cost": 0.13942075,
    "duration": 223.2780351638794,
    "test_timeouts": 0,
    "commit_hash": "32faf82-dirty",
    "num_error_outputs": 1,
    "num_user_asks": 3,
    "num_exhausted_context_windows": 0,
    "num_malformed_responses": 1,
    "syntax_errors": 0,
    "indentation_errors": 0,
    "lazy_comments": 0,
    "reasoning_effort": null,
    "prompt_tokens": 23567,
    "completion_tokens": 12177,
    "thinking_tokens": null,
    "chat_hashes": [
        [
            "5a29f5974d4a87ced71fd7b4b1ae521a58381d25",
            "b632bb2b57ee969aeb17d27a5060a39b20d0c76f"
        ],
        [
            "5a29f5974d4a87ced71fd7b4b1ae521a58381d25",
            "3959b3d854565a30ceec8cb0cb1a61309d282fe0"
        ],
        [
            "5a29f5974d4a87ced71fd7b4b1ae521a58381d25",
            "ed87ac167b1bd6a003a46b644189d15ed2c04433"
        ],
        [
            "5a29f5974d4a87ced71fd7b4b1ae521a58381d25",
            "806a6c8b71182e24ead1c6363debfd8deaf2d3c9"
        ]
    ]
}