{
    "testdir": "/benchmarks/2025-08-22-08-06-23--misracpp_baseline_deepseek-chat.3/cpp/exercises/practice/phone-number",
    "testcase": "phone-number",
    "model": "deepseek/deepseek-chat",
    "edit_format": "diff",
    "tests_outcomes": [
        false,
        true
    ],
    "cost": 0.00845383,
    "duration": 237.8665475845337,
    "test_timeouts": 0,
    "commit_hash": "32faf82-dirty",
    "num_error_outputs": 0,
    "num_user_asks": 2,
    "num_exhausted_context_windows": 0,
    "num_malformed_responses": 0,
    "syntax_errors": 0,
    "indentation_errors": 0,
    "lazy_comments": 0,
    "reasoning_effort": null,
    "prompt_tokens": 26189,
    "completion_tokens": 3468,
    "thinking_tokens": null,
    "chat_hashes": [
        [
            "d229a439b83a277ab75364ece3dd8437f0cca388",
            "4bd9474c44a9926040341ca5644269fa644cb828"
        ],
        [
            "d229a439b83a277ab75364ece3dd8437f0cca388",
            "f55018aeae85b22562d5f0e07893acef029f38c0"
        ],
        [
            "d229a439b83a277ab75364ece3dd8437f0cca388",
            "fa22dc84ee9e017b0f8494804ebacbf1da7aa7db"
        ],
        [
            "d229a439b83a277ab75364ece3dd8437f0cca388",
            "7c471e1b27639a9879dfb7b959e78ff7d9cc30e0"
        ]
    ]
}