{
    "testdir": "/benchmarks/2025-08-21-09-27-19--misracpp_baseline.4/cpp/exercises/practice/meetup",
    "testcase": "meetup",
    "model": "gpt-4.1",
    "edit_format": "diff",
    "tests_outcomes": [
        false,
        true
    ],
    "cost": 0.21900199999999997,
    "duration": 187.1586470603943,
    "test_timeouts": 0,
    "commit_hash": "32faf82-dirty",
    "num_error_outputs": 0,
    "num_user_asks": 7,
    "num_exhausted_context_windows": 0,
    "num_malformed_responses": 0,
    "syntax_errors": 0,
    "indentation_errors": 0,
    "lazy_comments": 0,
    "reasoning_effort": null,
    "prompt_tokens": 140001,
    "completion_tokens": 5455,
    "thinking_tokens": null,
    "chat_hashes": [
        [
            "dd5eb8c6e1e03320d0933ca63c0164ae9d2a0152",
            "13fa96dca8dcbd5fb371746a24541a3ba1b00047"
        ],
        [
            "dd5eb8c6e1e03320d0933ca63c0164ae9d2a0152",
            "1ffc308c1e4359c75ff8e0a5cf25e13b0a3f5dff"
        ],
        [
            "dd5eb8c6e1e03320d0933ca63c0164ae9d2a0152",
            "fd284cd69d06c66c07362834325615eb9b280121"
        ],
        [
            "dd5eb8c6e1e03320d0933ca63c0164ae9d2a0152",
            "f85c4c35552a2358169e2613df7526585bd1fe3a"
        ],
        [
            "dd5eb8c6e1e03320d0933ca63c0164ae9d2a0152",
            "ea8f3ed48043cc3ac395f30d42dbaf5a4ea01d95"
        ],
        [
            "dd5eb8c6e1e03320d0933ca63c0164ae9d2a0152",
            "49828430958a3d834af448dca6271b3d60534245"
        ],
        [
            "dd5eb8c6e1e03320d0933ca63c0164ae9d2a0152",
            "69e566603c1316bfade22e01a015f659f128d4f7"
        ],
        [
            "dd5eb8c6e1e03320d0933ca63c0164ae9d2a0152",
            "d03b6143b8e546a0258890a035df4bdbe438d503"
        ]
    ]
}