{
    "testdir": "/benchmarks/2025-09-01-21-40-22--cpp_misra_o3.top10.8/cpp/exercises/practice/knapsack",
    "testcase": "knapsack",
    "model": "o3",
    "edit_format": "diff",
    "tests_outcomes": [
        false,
        true
    ],
    "cost": 0.09845999999999999,
    "duration": 115.71695828437805,
    "test_timeouts": 0,
    "commit_hash": "32faf82-dirty",
    "num_error_outputs": 0,
    "num_user_asks": 2,
    "num_exhausted_context_windows": 0,
    "num_malformed_responses": 0,
    "syntax_errors": 0,
    "indentation_errors": 0,
    "lazy_comments": 0,
    "reasoning_effort": null,
    "prompt_tokens": 24682,
    "completion_tokens": 8753,
    "thinking_tokens": null,
    "chat_hashes": [
        [
            "5570d71e63f5d28449be40ac390705d540cb9709",
            "8c0979a68dd7aa481fb1193a1ffbcef624fbb23d"
        ],
        [
            "5570d71e63f5d28449be40ac390705d540cb9709",
            "7d47a747b6c36807b6c2e39aaaf629f50c22baeb"
        ],
        [
            "5570d71e63f5d28449be40ac390705d540cb9709",
            "34720259a4cc783b0e36d9c5c9562f72fd277d95"
        ],
        [
            "5570d71e63f5d28449be40ac390705d540cb9709",
            "763cabff9160a8972a4ebbe542c3d91dc1e70325"
        ]
    ]
}