{
    "testdir": "/benchmarks/2025-09-19-18-07-24--misracpp_baseline_gpt5.13/cpp/exercises/practice/binary-search-tree",
    "testcase": "binary-search-tree",
    "model": "openai/gpt-5",
    "edit_format": "diff",
    "tests_outcomes": [
        false,
        true
    ],
    "cost": 0.26254600000000006,
    "duration": 570.3226399421692,
    "test_timeouts": 0,
    "commit_hash": "32faf82-dirty",
    "num_error_outputs": 2,
    "num_user_asks": 4,
    "num_exhausted_context_windows": 0,
    "num_malformed_responses": 2,
    "syntax_errors": 0,
    "indentation_errors": 0,
    "lazy_comments": 0,
    "reasoning_effort": null,
    "prompt_tokens": 66040,
    "completion_tokens": 21542,
    "thinking_tokens": null,
    "chat_hashes": [
        [
            "5a29f5974d4a87ced71fd7b4b1ae521a58381d25",
            "fc9c9d531e03aaf0c090649a6ad5ce78e9db6c20"
        ],
        [
            "5a29f5974d4a87ced71fd7b4b1ae521a58381d25",
            "f8e75c496ae166dc6785aab05b32ad0f6ff31bb9"
        ],
        [
            "5a29f5974d4a87ced71fd7b4b1ae521a58381d25",
            "711b8c9c173aa5501af1cfa967a697fa07c7a60f"
        ],
        [
            "5a29f5974d4a87ced71fd7b4b1ae521a58381d25",
            "5d93b0f303ea194beb853e12ccedfae4ad8ebbf0"
        ],
        [
            "5a29f5974d4a87ced71fd7b4b1ae521a58381d25",
            "f12e474e8c44b10c9c64d0be4acf04fdfd1a7967"
        ],
        [
            "5a29f5974d4a87ced71fd7b4b1ae521a58381d25",
            "6449a0bb92da94a024e1b37a713f534ab304bf1e"
        ],
        [
            "5a29f5974d4a87ced71fd7b4b1ae521a58381d25",
            "e47a11598f707e058bbaba19e95237c4acc03e49"
        ]
    ]
}