{
    "testdir": "/benchmarks/2025-09-23-13-51-42--cpp_misra_gpt5.top5.4/cpp/exercises/practice/parallel-letter-frequency",
    "testcase": "parallel-letter-frequency",
    "model": "openai/gpt-5",
    "edit_format": "diff",
    "tests_outcomes": [
        false,
        true
    ],
    "cost": 0.28401825,
    "duration": 494.8301885128021,
    "test_timeouts": 0,
    "commit_hash": "32faf82-dirty",
    "num_error_outputs": 0,
    "num_user_asks": 8,
    "num_exhausted_context_windows": 0,
    "num_malformed_responses": 0,
    "syntax_errors": 0,
    "indentation_errors": 0,
    "lazy_comments": 0,
    "reasoning_effort": null,
    "prompt_tokens": 56557,
    "completion_tokens": 25177,
    "thinking_tokens": null,
    "chat_hashes": [
        [
            "5a29f5974d4a87ced71fd7b4b1ae521a58381d25",
            "ee31707c2a085fb587192c2378e1ed6f142c3284"
        ],
        [
            "5a29f5974d4a87ced71fd7b4b1ae521a58381d25",
            "2f11006445ef571aeb3a926390313dee8365d9d5"
        ],
        [
            "5a29f5974d4a87ced71fd7b4b1ae521a58381d25",
            "5614e75f43aa0be24982939e77bdc91ca1654968"
        ],
        [
            "5a29f5974d4a87ced71fd7b4b1ae521a58381d25",
            "8b0ef2ce8530de52a2650a832f0c42ddf4c34124"
        ],
        [
            "5a29f5974d4a87ced71fd7b4b1ae521a58381d25",
            "4646835887ee5d7933379eb1bbe894b47163ae8b"
        ],
        [
            "5a29f5974d4a87ced71fd7b4b1ae521a58381d25",
            "a529a3cff6f3e12c67c75fa1d0479a6559223856"
        ],
        [
            "5a29f5974d4a87ced71fd7b4b1ae521a58381d25",
            "210f6edfde5d77457050b170ac3545db08849fdc"
        ],
        [
            "5a29f5974d4a87ced71fd7b4b1ae521a58381d25",
            "8b0ef2ce8530de52a2650a832f0c42ddf4c34124"
        ]
    ]
}