{
    "testdir": "/benchmarks/2025-08-27-13-29-50--misracpp_baseline_o3.4/cpp/exercises/practice/complex-numbers",
    "testcase": "complex-numbers",
    "model": "o3",
    "edit_format": "diff",
    "tests_outcomes": [
        true
    ],
    "cost": 0.07553399999999999,
    "duration": 98.49565744400024,
    "test_timeouts": 0,
    "commit_hash": "32faf82-dirty",
    "num_error_outputs": 0,
    "num_user_asks": 2,
    "num_exhausted_context_windows": 0,
    "num_malformed_responses": 0,
    "syntax_errors": 0,
    "indentation_errors": 0,
    "lazy_comments": 0,
    "reasoning_effort": null,
    "prompt_tokens": 12795,
    "completion_tokens": 7251,
    "thinking_tokens": null,
    "chat_hashes": [
        [
            "5570d71e63f5d28449be40ac390705d540cb9709",
            "48255f3b9462367b19f345d724c7e2588bc1948d"
        ],
        [
            "5570d71e63f5d28449be40ac390705d540cb9709",
            "11163ea26c7bdd3046d3c3456ef1e48efb85cd1e"
        ],
        [
            "5570d71e63f5d28449be40ac390705d540cb9709",
            "51603b79833e86f49b4c86fd34db901c4bc2ecb5"
        ]
    ]
}