{
    "testdir": "/benchmarks/2025-08-31-22-40-13--cpp_misra_deepseek-chat.top5.5/cpp/exercises/practice/grade-school",
    "testcase": "grade-school",
    "model": "deepseek/deepseek-chat",
    "edit_format": "diff",
    "tests_outcomes": [
        false,
        false
    ],
    "cost": 0.0415589299999811,
    "duration": 229.5907106399536,
    "test_timeouts": 0,
    "commit_hash": "32faf82-dirty",
    "num_error_outputs": 2,
    "num_user_asks": 5,
    "num_exhausted_context_windows": 1,
    "num_malformed_responses": 0,
    "syntax_errors": 0,
    "indentation_errors": 0,
    "lazy_comments": 0,
    "reasoning_effort": null,
    "prompt_tokens": 149579,
    "completion_tokens": 4266,
    "thinking_tokens": null,
    "chat_hashes": [
        [
            "d229a439b83a277ab75364ece3dd8437f0cca388",
            "ce5dd3d431a8889d4c52feba5b898a020bfb2396"
        ],
        [
            "d229a439b83a277ab75364ece3dd8437f0cca388",
            "e99f32d98d92f9e7f09952e9016e01d7e50b94f9"
        ],
        [
            "d229a439b83a277ab75364ece3dd8437f0cca388",
            "5663d44481600e0d202abb853d2111eb0b3f28e8"
        ],
        [
            "d229a439b83a277ab75364ece3dd8437f0cca388",
            "dfcec5c160906ef5d651d9bd17bec6af0cafa92d"
        ]
    ]
}