{
    "testdir": "/benchmarks/2025-09-09-22-10-02--misracpp_baseline_gemini-25-pro.1/cpp/exercises/practice/spiral-matrix",
    "testcase": "spiral-matrix",
    "model": "gemini/gemini-2.5-pro",
    "edit_format": "diff-fenced",
    "tests_outcomes": [
        false,
        false
    ],
    "cost": 0.461758125,
    "duration": 322.39846634864807,
    "test_timeouts": 0,
    "commit_hash": "32faf82-dirty",
    "num_error_outputs": 0,
    "num_user_asks": 8,
    "num_exhausted_context_windows": 0,
    "num_malformed_responses": 0,
    "syntax_errors": 0,
    "indentation_errors": 0,
    "lazy_comments": 0,
    "reasoning_effort": null,
    "prompt_tokens": 48299,
    "completion_tokens": 39887,
    "thinking_tokens": null,
    "chat_hashes": [
        [
            "46e119000c4c60d499eb58d216186f7a1f091bdc",
            "f25c4ccafb05304533856fb4bea7d695b5d5330e"
        ],
        [
            "46e119000c4c60d499eb58d216186f7a1f091bdc",
            "6aaafe230e25ae93b6ecaeb4ddca74cea53c1146"
        ],
        [
            "46e119000c4c60d499eb58d216186f7a1f091bdc",
            "99d2626beaa63bf781bf97c2a4464ab2163db1f4"
        ],
        [
            "46e119000c4c60d499eb58d216186f7a1f091bdc",
            "ff8b7e4a0520ee12a6ee1b6527c974937da8f3b4"
        ],
        [
            "46e119000c4c60d499eb58d216186f7a1f091bdc",
            "9c90ef4bb8b563dbb0b03ebbdfba2c95969c07bb"
        ],
        [
            "46e119000c4c60d499eb58d216186f7a1f091bdc",
            "5eae88a5b20269ddde585db455f5d326163d4097"
        ],
        [
            "46e119000c4c60d499eb58d216186f7a1f091bdc",
            "7509e2e26b2996982d2c3cab414f9b509f9fe1e9"
        ],
        [
            "46e119000c4c60d499eb58d216186f7a1f091bdc",
            "c5ed3089daa7e9e9ac7cdcb422f07ff8abe261af"
        ]
    ]
}