{
    "testdir": "/benchmarks/2025-08-21-13-43-54--misracpp_baseline.18/cpp/exercises/practice/kindergarten-garden",
    "testcase": "kindergarten-garden",
    "model": "gpt-4.1",
    "edit_format": "diff",
    "tests_outcomes": [
        false,
        false
    ],
    "cost": 0.15679,
    "duration": 140.60519790649414,
    "test_timeouts": 0,
    "commit_hash": "32faf82-dirty",
    "num_error_outputs": 0,
    "num_user_asks": 8,
    "num_exhausted_context_windows": 0,
    "num_malformed_responses": 0,
    "syntax_errors": 0,
    "indentation_errors": 0,
    "lazy_comments": 0,
    "reasoning_effort": null,
    "prompt_tokens": 109423,
    "completion_tokens": 2779,
    "thinking_tokens": null,
    "chat_hashes": [
        [
            "dd5eb8c6e1e03320d0933ca63c0164ae9d2a0152",
            "c8e613c49206275001fc7ffaf5a5e76ab5621e90"
        ],
        [
            "dd5eb8c6e1e03320d0933ca63c0164ae9d2a0152",
            "6c42129e215981f666d65f83aaaa5140b83aee44"
        ],
        [
            "dd5eb8c6e1e03320d0933ca63c0164ae9d2a0152",
            "9c885760b30d341adbe4e875fd9af9388c21c5b0"
        ],
        [
            "dd5eb8c6e1e03320d0933ca63c0164ae9d2a0152",
            "d354d02967c388e328abbe98840a05452e66f54b"
        ],
        [
            "dd5eb8c6e1e03320d0933ca63c0164ae9d2a0152",
            "20f55be15db88409a24ee54ddfff97814ed34eb1"
        ],
        [
            "dd5eb8c6e1e03320d0933ca63c0164ae9d2a0152",
            "0ba1a2f68fec445d9ed13ac40213e57b0af17d15"
        ],
        [
            "dd5eb8c6e1e03320d0933ca63c0164ae9d2a0152",
            "6acd92f1c7d9f6aeaca78ffedbe5191c4d70b934"
        ],
        [
            "dd5eb8c6e1e03320d0933ca63c0164ae9d2a0152",
            "0ba1a2f68fec445d9ed13ac40213e57b0af17d15"
        ]
    ]
}