{
    "testdir": "/benchmarks/2025-08-31-19-15-14--cpp_misra_o3.top5.11/cpp/exercises/practice/diamond",
    "testcase": "diamond",
    "model": "o3",
    "edit_format": "diff",
    "tests_outcomes": [
        false,
        true
    ],
    "cost": 0.15366799999999997,
    "duration": 179.51981592178345,
    "test_timeouts": 0,
    "commit_hash": "32faf82-dirty",
    "num_error_outputs": 0,
    "num_user_asks": 4,
    "num_exhausted_context_windows": 0,
    "num_malformed_responses": 0,
    "syntax_errors": 0,
    "indentation_errors": 0,
    "lazy_comments": 0,
    "reasoning_effort": null,
    "prompt_tokens": 33814,
    "completion_tokens": 14475,
    "thinking_tokens": null,
    "chat_hashes": [
        [
            "5570d71e63f5d28449be40ac390705d540cb9709",
            "dc6e7e7fcebb2646bac51698f22b76b0e72441cf"
        ],
        [
            "5570d71e63f5d28449be40ac390705d540cb9709",
            "1c6912bac48b4bd5b1dd55806e45985db58ad75f"
        ],
        [
            "5570d71e63f5d28449be40ac390705d540cb9709",
            "8ed39725ca4fb68f2c14457efa5852c08e1a8ecd"
        ],
        [
            "5570d71e63f5d28449be40ac390705d540cb9709",
            "31b8361deba4271198e737682a7160182622c732"
        ],
        [
            "5570d71e63f5d28449be40ac390705d540cb9709",
            "96981cd3ef3896ee8a6377e6b2f716f19ba4acf4"
        ],
        [
            "5570d71e63f5d28449be40ac390705d540cb9709",
            "67faf2bdfcf524a62f997e5dd553243483d31de8"
        ]
    ]
}