{
    "testdir": "/benchmarks/2025-09-12-11-49-03--cpp_misra_grok-code-fast-1.top5.1/cpp/exercises/practice/phone-number",
    "testcase": "phone-number",
    "model": "xai/grok-code-fast-1-0825",
    "edit_format": "whole",
    "tests_outcomes": [
        false,
        true
    ],
    "cost": 0.0052093,
    "duration": 27.791688442230225,
    "test_timeouts": 0,
    "commit_hash": "32faf82-dirty",
    "num_error_outputs": 0,
    "num_user_asks": 2,
    "num_exhausted_context_windows": 0,
    "num_malformed_responses": 0,
    "syntax_errors": 0,
    "indentation_errors": 0,
    "lazy_comments": 0,
    "reasoning_effort": null,
    "prompt_tokens": 20834,
    "completion_tokens": 695,
    "thinking_tokens": null,
    "chat_hashes": [
        [
            "5ff365dd35144573aa175fcf9498e0f4e11204a7",
            "3893dd704915f679db9d3ddb1702b9ee6e9e7d98"
        ],
        [
            "5ff365dd35144573aa175fcf9498e0f4e11204a7",
            "fb38975c54f1c457711a2b9ecd40404bc2f2651b"
        ],
        [
            "5ff365dd35144573aa175fcf9498e0f4e11204a7",
            "9dd8387ba331f948f2fe4d38499ba01aa916de43"
        ],
        [
            "5ff365dd35144573aa175fcf9498e0f4e11204a7",
            "dcd6a7ac4ce50d1e9d9331b653933755f4847399"
        ]
    ]
}