{
    "testdir": "/benchmarks/2025-08-21-13-00-58--misracpp_baseline.11/cpp/exercises/practice/gigasecond",
    "testcase": "gigasecond",
    "model": "gpt-4.1",
    "edit_format": "diff",
    "tests_outcomes": [
        false,
        true
    ],
    "cost": 0.047925999999999996,
    "duration": 41.40086627006531,
    "test_timeouts": 0,
    "commit_hash": "32faf82-dirty",
    "num_error_outputs": 0,
    "num_user_asks": 8,
    "num_exhausted_context_windows": 0,
    "num_malformed_responses": 0,
    "syntax_errors": 0,
    "indentation_errors": 0,
    "lazy_comments": 0,
    "reasoning_effort": null,
    "prompt_tokens": 33275,
    "completion_tokens": 1224,
    "thinking_tokens": null,
    "chat_hashes": [
        [
            "dd5eb8c6e1e03320d0933ca63c0164ae9d2a0152",
            "9eaffe8ef13fec24bededbadb8e23a0a24031b90"
        ],
        [
            "dd5eb8c6e1e03320d0933ca63c0164ae9d2a0152",
            "fd64b822408f177ded65027100a440d5ac743d9e"
        ],
        [
            "dd5eb8c6e1e03320d0933ca63c0164ae9d2a0152",
            "583284a0ce12100895976e5ffe78afdaf42824ba"
        ],
        [
            "dd5eb8c6e1e03320d0933ca63c0164ae9d2a0152",
            "f4b54f3846bdb3f78862afa63393b45d6c367044"
        ],
        [
            "dd5eb8c6e1e03320d0933ca63c0164ae9d2a0152",
            "7b7419fb4e24d6e608722465ddec522a38270e1d"
        ],
        [
            "dd5eb8c6e1e03320d0933ca63c0164ae9d2a0152",
            "ff2100c5e3f95e822414956bcebdf8939b7a10d5"
        ],
        [
            "dd5eb8c6e1e03320d0933ca63c0164ae9d2a0152",
            "6617140cadc2e9c1222d6b04c8194c25422cc821"
        ],
        [
            "dd5eb8c6e1e03320d0933ca63c0164ae9d2a0152",
            "ff2100c5e3f95e822414956bcebdf8939b7a10d5"
        ]
    ]
}