{
    "testdir": "/benchmarks/2025-09-23-15-17-24--cpp_misra_gpt5.top5.8/cpp/exercises/practice/space-age",
    "testcase": "space-age",
    "model": "openai/gpt-5",
    "edit_format": "diff",
    "tests_outcomes": [
        true
    ],
    "cost": 0.09545450000000001,
    "duration": 163.60534238815308,
    "test_timeouts": 0,
    "commit_hash": "32faf82-dirty",
    "num_error_outputs": 1,
    "num_user_asks": 1,
    "num_exhausted_context_windows": 0,
    "num_malformed_responses": 1,
    "syntax_errors": 0,
    "indentation_errors": 0,
    "lazy_comments": 0,
    "reasoning_effort": null,
    "prompt_tokens": 15082,
    "completion_tokens": 8409,
    "thinking_tokens": null,
    "chat_hashes": [
        [
            "5a29f5974d4a87ced71fd7b4b1ae521a58381d25",
            "8c4df468cf71ea56bfbb11a9de9f1569c8f98d49"
        ],
        [
            "5a29f5974d4a87ced71fd7b4b1ae521a58381d25",
            "664ab3cb5bf4c26d888441625fac40570816322e"
        ],
        [
            "5a29f5974d4a87ced71fd7b4b1ae521a58381d25",
            "43f2ab36cdd858c672279d4e0f3455b099fda5cc"
        ]
    ]
}