{
    "testdir": "/benchmarks/2025-09-23-17-09-24--cpp_misra_gpt5.top5.14/cpp/exercises/practice/phone-number",
    "testcase": "phone-number",
    "model": "openai/gpt-5",
    "edit_format": "diff",
    "tests_outcomes": [
        false,
        false
    ],
    "cost": 0.239172,
    "duration": 405.10140204429626,
    "test_timeouts": 0,
    "commit_hash": "32faf82-dirty",
    "num_error_outputs": 8,
    "num_user_asks": 0,
    "num_exhausted_context_windows": 0,
    "num_malformed_responses": 8,
    "syntax_errors": 0,
    "indentation_errors": 0,
    "lazy_comments": 0,
    "reasoning_effort": null,
    "prompt_tokens": 67200,
    "completion_tokens": 19362,
    "thinking_tokens": null,
    "chat_hashes": [
        [
            "5a29f5974d4a87ced71fd7b4b1ae521a58381d25",
            "6930aad155f197f4fb4e30785768151de2cc45f4"
        ],
        [
            "5a29f5974d4a87ced71fd7b4b1ae521a58381d25",
            "4b244cf690232636070aa4aff7539453201cdb60"
        ],
        [
            "5a29f5974d4a87ced71fd7b4b1ae521a58381d25",
            "4b244cf690232636070aa4aff7539453201cdb60"
        ],
        [
            "5a29f5974d4a87ced71fd7b4b1ae521a58381d25",
            "4b244cf690232636070aa4aff7539453201cdb60"
        ],
        [
            "5a29f5974d4a87ced71fd7b4b1ae521a58381d25",
            "11f1407f772a8bc13b05b0f90724aa71f28628f9"
        ],
        [
            "5a29f5974d4a87ced71fd7b4b1ae521a58381d25",
            "4b244cf690232636070aa4aff7539453201cdb60"
        ],
        [
            "5a29f5974d4a87ced71fd7b4b1ae521a58381d25",
            "4b244cf690232636070aa4aff7539453201cdb60"
        ],
        [
            "5a29f5974d4a87ced71fd7b4b1ae521a58381d25",
            "835e339938201b62b9db0c7c3fa46563719b566f"
        ]
    ]
}