{
    "testdir": "/benchmarks/2025-08-21-13-11-33--misracpp_baseline.13/cpp/exercises/practice/kindergarten-garden",
    "testcase": "kindergarten-garden",
    "model": "gpt-4.1",
    "edit_format": "diff",
    "tests_outcomes": [
        false,
        false
    ],
    "cost": 0.155664,
    "duration": 153.7611653804779,
    "test_timeouts": 0,
    "commit_hash": "32faf82-dirty",
    "num_error_outputs": 0,
    "num_user_asks": 8,
    "num_exhausted_context_windows": 0,
    "num_malformed_responses": 0,
    "syntax_errors": 0,
    "indentation_errors": 0,
    "lazy_comments": 0,
    "reasoning_effort": null,
    "prompt_tokens": 109320,
    "completion_tokens": 2568,
    "thinking_tokens": null,
    "chat_hashes": [
        [
            "dd5eb8c6e1e03320d0933ca63c0164ae9d2a0152",
            "77dec6f4fc3d64dd4889499abb78f8c778937e75"
        ],
        [
            "dd5eb8c6e1e03320d0933ca63c0164ae9d2a0152",
            "16ec00f2a8fd66a3b3c730703ca8b22b8202254f"
        ],
        [
            "dd5eb8c6e1e03320d0933ca63c0164ae9d2a0152",
            "2261fb067e5fac11740446a146043116f8d0724a"
        ],
        [
            "dd5eb8c6e1e03320d0933ca63c0164ae9d2a0152",
            "d5aaf988357b5a4c53003e6c519ff710205bc36b"
        ],
        [
            "dd5eb8c6e1e03320d0933ca63c0164ae9d2a0152",
            "46267834dedc16cf0725316bac8e51044849e091"
        ],
        [
            "dd5eb8c6e1e03320d0933ca63c0164ae9d2a0152",
            "796f0433a364456983bae98bafc59f94dbcae94d"
        ],
        [
            "dd5eb8c6e1e03320d0933ca63c0164ae9d2a0152",
            "fdca289888ed1fb7de26ae456d18b5b7eb782b69"
        ],
        [
            "dd5eb8c6e1e03320d0933ca63c0164ae9d2a0152",
            "567bb405dedcd1016da4e820ecd83888e42957d6"
        ]
    ]
}