{
    "testdir": "/benchmarks/2025-08-26-11-56-20--cpp_misra.top3.14/cpp/exercises/practice/yacht",
    "testcase": "yacht",
    "model": "gpt-4.1",
    "edit_format": "diff",
    "tests_outcomes": [
        false,
        false
    ],
    "cost": 0.15448399999999998,
    "duration": 104.84281134605408,
    "test_timeouts": 0,
    "commit_hash": "32faf82-dirty",
    "num_error_outputs": 0,
    "num_user_asks": 8,
    "num_exhausted_context_windows": 0,
    "num_malformed_responses": 0,
    "syntax_errors": 0,
    "indentation_errors": 0,
    "lazy_comments": 0,
    "reasoning_effort": null,
    "prompt_tokens": 115194,
    "completion_tokens": 2536,
    "thinking_tokens": null,
    "chat_hashes": [
        [
            "dd5eb8c6e1e03320d0933ca63c0164ae9d2a0152",
            "6a664a147b7a7d4a310d5956aa0c55aca61021d9"
        ],
        [
            "dd5eb8c6e1e03320d0933ca63c0164ae9d2a0152",
            "6ea98beec9589153eac61c399be4f2015dc09a36"
        ],
        [
            "dd5eb8c6e1e03320d0933ca63c0164ae9d2a0152",
            "96d2bc4016be5beea49544afe43b62cdf1c851b7"
        ],
        [
            "dd5eb8c6e1e03320d0933ca63c0164ae9d2a0152",
            "0f648050d6891cfda95b42bb5d642f7bbc31c2fc"
        ],
        [
            "dd5eb8c6e1e03320d0933ca63c0164ae9d2a0152",
            "66d6deed89c7e6d14a1298a6657ac1a165c7e012"
        ],
        [
            "dd5eb8c6e1e03320d0933ca63c0164ae9d2a0152",
            "f1f59b8659dbd75f89cc13986b89622452e8ddac"
        ],
        [
            "dd5eb8c6e1e03320d0933ca63c0164ae9d2a0152",
            "0f648050d6891cfda95b42bb5d642f7bbc31c2fc"
        ],
        [
            "dd5eb8c6e1e03320d0933ca63c0164ae9d2a0152",
            "728ff370ea36b1e2536d5398703f26973602233a"
        ]
    ]
}