{
    "testdir": "/benchmarks/2025-08-27-14-15-18--misracpp_baseline_o3.10/cpp/exercises/practice/robot-name",
    "testcase": "robot-name",
    "model": "o3",
    "edit_format": "diff",
    "tests_outcomes": [
        false,
        true
    ],
    "cost": 0.037812,
    "duration": 63.42709732055664,
    "test_timeouts": 0,
    "commit_hash": "32faf82-dirty",
    "num_error_outputs": 0,
    "num_user_asks": 1,
    "num_exhausted_context_windows": 0,
    "num_malformed_responses": 0,
    "syntax_errors": 0,
    "indentation_errors": 0,
    "lazy_comments": 0,
    "reasoning_effort": null,
    "prompt_tokens": 8906,
    "completion_tokens": 3364,
    "thinking_tokens": null,
    "chat_hashes": [
        [
            "5570d71e63f5d28449be40ac390705d540cb9709",
            "35910d0c58e1c0ad19750390a30c662dfb50e57c"
        ],
        [
            "5570d71e63f5d28449be40ac390705d540cb9709",
            "b7c14091b453996010a7457ec8113b08a5d6b30f"
        ],
        [
            "5570d71e63f5d28449be40ac390705d540cb9709",
            "4cd022dfc4a8e6f5e5f4e9c0c7b9020cee8d6e59"
        ]
    ]
}