{
    "testdir": "/benchmarks/2025-09-19-20-01-04--misracpp_baseline_gpt5.21/cpp/exercises/practice/crypto-square",
    "testcase": "crypto-square",
    "model": "openai/gpt-5",
    "edit_format": "diff",
    "tests_outcomes": [
        true
    ],
    "cost": 0.11459750000000002,
    "duration": 180.29998302459717,
    "test_timeouts": 0,
    "commit_hash": "32faf82-dirty",
    "num_error_outputs": 1,
    "num_user_asks": 2,
    "num_exhausted_context_windows": 0,
    "num_malformed_responses": 1,
    "syntax_errors": 0,
    "indentation_errors": 0,
    "lazy_comments": 0,
    "reasoning_effort": null,
    "prompt_tokens": 17558,
    "completion_tokens": 10273,
    "thinking_tokens": null,
    "chat_hashes": [
        [
            "5a29f5974d4a87ced71fd7b4b1ae521a58381d25",
            "dc08a1b61cfae624a635575a81b9c03fc5bc9de0"
        ],
        [
            "5a29f5974d4a87ced71fd7b4b1ae521a58381d25",
            "95f224fb5ebd9513e40627bebdd91e7f615fdfc5"
        ],
        [
            "5a29f5974d4a87ced71fd7b4b1ae521a58381d25",
            "5d8642156d968a397e00dc146a1349b81b035740"
        ],
        [
            "5a29f5974d4a87ced71fd7b4b1ae521a58381d25",
            "dce5718f5f94b223442cd3f04534ebf4855b4975"
        ]
    ]
}