{
    "testdir": "/benchmarks/2025-09-01-23-07-05--cpp_misra_o3.top10.18/cpp/exercises/practice/spiral-matrix",
    "testcase": "spiral-matrix",
    "model": "o3",
    "edit_format": "diff",
    "tests_outcomes": [
        true
    ],
    "cost": 0.13455,
    "duration": 262.82683539390564,
    "test_timeouts": 0,
    "commit_hash": "32faf82-dirty",
    "num_error_outputs": 0,
    "num_user_asks": 3,
    "num_exhausted_context_windows": 0,
    "num_malformed_responses": 0,
    "syntax_errors": 0,
    "indentation_errors": 0,
    "lazy_comments": 0,
    "reasoning_effort": null,
    "prompt_tokens": 23603,
    "completion_tokens": 13534,
    "thinking_tokens": null,
    "chat_hashes": [
        [
            "5570d71e63f5d28449be40ac390705d540cb9709",
            "db770c24fd08072ca7d50f4232165a0db8add4e1"
        ],
        [
            "5570d71e63f5d28449be40ac390705d540cb9709",
            "7faa6d5520befcdf1d8699b69cda353f521263d7"
        ],
        [
            "5570d71e63f5d28449be40ac390705d540cb9709",
            "29f62258461c688969e57afbbb68a60bc4cde637"
        ],
        [
            "5570d71e63f5d28449be40ac390705d540cb9709",
            "da97743899d0b97296788c8d0c6e358d37d3e6b1"
        ]
    ]
}