{
    "testdir": "/benchmarks/2025-08-26-11-45-10--cpp_misra.top3.11/cpp/exercises/practice/crypto-square",
    "testcase": "crypto-square",
    "model": "gpt-4.1",
    "edit_format": "diff",
    "tests_outcomes": [
        false,
        false
    ],
    "cost": 0.07503599999999999,
    "duration": 73.7555079460144,
    "test_timeouts": 0,
    "commit_hash": "32faf82-dirty",
    "num_error_outputs": 0,
    "num_user_asks": 8,
    "num_exhausted_context_windows": 0,
    "num_malformed_responses": 0,
    "syntax_errors": 0,
    "indentation_errors": 0,
    "lazy_comments": 0,
    "reasoning_effort": null,
    "prompt_tokens": 53050,
    "completion_tokens": 2597,
    "thinking_tokens": null,
    "chat_hashes": [
        [
            "dd5eb8c6e1e03320d0933ca63c0164ae9d2a0152",
            "6dce0f19186721ed51a2f28b98f9f5b2b110ece4"
        ],
        [
            "dd5eb8c6e1e03320d0933ca63c0164ae9d2a0152",
            "39c98cecc2c1a49a50166e34e2cc2e3bcef6d62f"
        ],
        [
            "dd5eb8c6e1e03320d0933ca63c0164ae9d2a0152",
            "114b98f6f6bf103411344e1c73fda16ea77b4baa"
        ],
        [
            "dd5eb8c6e1e03320d0933ca63c0164ae9d2a0152",
            "114b98f6f6bf103411344e1c73fda16ea77b4baa"
        ],
        [
            "dd5eb8c6e1e03320d0933ca63c0164ae9d2a0152",
            "661314bd877c8342260eaedb1b9f045074cdf1f3"
        ],
        [
            "dd5eb8c6e1e03320d0933ca63c0164ae9d2a0152",
            "435c82f9db8cb197a128130d30cd3b08fb4e95a4"
        ],
        [
            "dd5eb8c6e1e03320d0933ca63c0164ae9d2a0152",
            "2a2dd4665091578d166b68486dc8b0bc0f37b5a6"
        ],
        [
            "dd5eb8c6e1e03320d0933ca63c0164ae9d2a0152",
            "9b4f7c597146114dce3fd252d80895e44ab21acf"
        ]
    ]
}