{
    "testdir": "/benchmarks/2025-09-01-22-27-54--cpp_misra_o3.top10.14/cpp/exercises/practice/yacht",
    "testcase": "yacht",
    "model": "o3",
    "edit_format": "diff",
    "tests_outcomes": [
        false,
        true
    ],
    "cost": 0.158602,
    "duration": 168.73994541168213,
    "test_timeouts": 0,
    "commit_hash": "32faf82-dirty",
    "num_error_outputs": 0,
    "num_user_asks": 2,
    "num_exhausted_context_windows": 0,
    "num_malformed_responses": 0,
    "syntax_errors": 0,
    "indentation_errors": 0,
    "lazy_comments": 0,
    "reasoning_effort": null,
    "prompt_tokens": 61965,
    "completion_tokens": 7358,
    "thinking_tokens": null,
    "chat_hashes": [
        [
            "5570d71e63f5d28449be40ac390705d540cb9709",
            "2f2a864343e44120d126cb693154318af46aca2c"
        ],
        [
            "5570d71e63f5d28449be40ac390705d540cb9709",
            "1064ddc9791795dbb510f51babb72eb2fc586d91"
        ],
        [
            "5570d71e63f5d28449be40ac390705d540cb9709",
            "dfd54ca3c86fa8ea50c6a01393e7ffba121e421f"
        ],
        [
            "5570d71e63f5d28449be40ac390705d540cb9709",
            "e7f3742f938995d104f32f725c46f00442b210ac"
        ]
    ]
}