{
    "testdir": "/benchmarks/2025-08-31-19-33-23--cpp_misra_o3.top5.14/cpp/exercises/practice/dnd-character",
    "testcase": "dnd-character",
    "model": "o3",
    "edit_format": "diff",
    "tests_outcomes": [
        false,
        true
    ],
    "cost": 0.092068,
    "duration": 88.42384457588196,
    "test_timeouts": 0,
    "commit_hash": "32faf82-dirty",
    "num_error_outputs": 0,
    "num_user_asks": 2,
    "num_exhausted_context_windows": 0,
    "num_malformed_responses": 0,
    "syntax_errors": 0,
    "indentation_errors": 0,
    "lazy_comments": 0,
    "reasoning_effort": null,
    "prompt_tokens": 24882,
    "completion_tokens": 7784,
    "thinking_tokens": null,
    "chat_hashes": [
        [
            "5570d71e63f5d28449be40ac390705d540cb9709",
            "192ec8d01684e5381abb31403dbeea31920a6397"
        ],
        [
            "5570d71e63f5d28449be40ac390705d540cb9709",
            "68ac8445525977d71950e02dcf116b7faccffcc9"
        ],
        [
            "5570d71e63f5d28449be40ac390705d540cb9709",
            "ff04d85cd1329342b29d40482ab1e2049070c35a"
        ],
        [
            "5570d71e63f5d28449be40ac390705d540cb9709",
            "98dfde016529bdcbeb111e584a58de82992cedea"
        ]
    ]
}