{
    "testdir": "/benchmarks/2025-09-10-11-35-04--misracpp_baseline_grok-code-fast-1.1/cpp/exercises/practice/spiral-matrix",
    "testcase": "spiral-matrix",
    "model": "xai/grok-code-fast-1-0825",
    "edit_format": "whole",
    "tests_outcomes": [
        false,
        true
    ],
    "cost": 0.0604629,
    "duration": 64.77815818786621,
    "test_timeouts": 0,
    "commit_hash": "32faf82-dirty",
    "num_error_outputs": 0,
    "num_user_asks": 2,
    "num_exhausted_context_windows": 0,
    "num_malformed_responses": 0,
    "syntax_errors": 0,
    "indentation_errors": 0,
    "lazy_comments": 0,
    "reasoning_effort": null,
    "prompt_tokens": 295047,
    "completion_tokens": 969,
    "thinking_tokens": null,
    "chat_hashes": [
        [
            "5ff365dd35144573aa175fcf9498e0f4e11204a7",
            "10b27183ca943445ab4e0dcd7e2147faf77d235f"
        ],
        [
            "5ff365dd35144573aa175fcf9498e0f4e11204a7",
            "1061c864edc27df5aaf0f5fd0109ec2c864c150c"
        ],
        [
            "5ff365dd35144573aa175fcf9498e0f4e11204a7",
            "92356a8a6683b152758ff886a27553a9ded87d91"
        ],
        [
            "5ff365dd35144573aa175fcf9498e0f4e11204a7",
            "c4a63d974dc945b2aaa7f05899c3b2bf2d124374"
        ]
    ]
}