{
    "testdir": "/benchmarks/2025-08-26-11-09-41--cpp_misra.top3.4/cpp/exercises/practice/clock",
    "testcase": "clock",
    "model": "gpt-4.1",
    "edit_format": "diff",
    "tests_outcomes": [
        false,
        false
    ],
    "cost": 0.08219599999999999,
    "duration": 121.03063321113586,
    "test_timeouts": 0,
    "commit_hash": "32faf82-dirty",
    "num_error_outputs": 0,
    "num_user_asks": 8,
    "num_exhausted_context_windows": 0,
    "num_malformed_responses": 0,
    "syntax_errors": 0,
    "indentation_errors": 0,
    "lazy_comments": 0,
    "reasoning_effort": null,
    "prompt_tokens": 46046,
    "completion_tokens": 2987,
    "thinking_tokens": null,
    "chat_hashes": [
        [
            "dd5eb8c6e1e03320d0933ca63c0164ae9d2a0152",
            "793d46f5fe71a2035fe87654818ff184b1e8f49a"
        ],
        [
            "dd5eb8c6e1e03320d0933ca63c0164ae9d2a0152",
            "5694e205c3a23acf9cf1d36d51c354ba752aff69"
        ],
        [
            "dd5eb8c6e1e03320d0933ca63c0164ae9d2a0152",
            "803a8a47bbea9bd6b53e92a6d87cf28b1ed227ad"
        ],
        [
            "dd5eb8c6e1e03320d0933ca63c0164ae9d2a0152",
            "017af82399ee31c5498d7a68a604a5bed450685a"
        ],
        [
            "dd5eb8c6e1e03320d0933ca63c0164ae9d2a0152",
            "056a1f766b6b2194f42985197eab8e9987f3cc21"
        ],
        [
            "dd5eb8c6e1e03320d0933ca63c0164ae9d2a0152",
            "754139eea4709fc705b5946d8824f1e2b5441fe0"
        ],
        [
            "dd5eb8c6e1e03320d0933ca63c0164ae9d2a0152",
            "2c8fec3c3f9b111a35c4c802294edb96bd460ab5"
        ],
        [
            "dd5eb8c6e1e03320d0933ca63c0164ae9d2a0152",
            "09aeab52a1ca49fe8dcdb335d21dca183ed0912a"
        ]
    ]
}