{
    "testdir": "/benchmarks/2025-08-26-14-35-03--cpp_misra_deepseek-chat.9/cpp/exercises/practice/clock",
    "testcase": "clock",
    "model": "deepseek/deepseek-chat",
    "edit_format": "diff",
    "tests_outcomes": [
        true
    ],
    "cost": 0.00594875,
    "duration": 198.73251223564148,
    "test_timeouts": 0,
    "commit_hash": "32faf82-dirty",
    "num_error_outputs": 0,
    "num_user_asks": 2,
    "num_exhausted_context_windows": 0,
    "num_malformed_responses": 0,
    "syntax_errors": 0,
    "indentation_errors": 0,
    "lazy_comments": 0,
    "reasoning_effort": null,
    "prompt_tokens": 13645,
    "completion_tokens": 3746,
    "thinking_tokens": null,
    "chat_hashes": [
        [
            "d229a439b83a277ab75364ece3dd8437f0cca388",
            "7130a4bacf7ac05e4cbb732c8df4f2b9364007d1"
        ],
        [
            "d229a439b83a277ab75364ece3dd8437f0cca388",
            "12aed2c8f08de14c3d1d261424b562ffe4fd4442"
        ],
        [
            "d229a439b83a277ab75364ece3dd8437f0cca388",
            "f76731c3c5f929fff438c4b212264b216867127d"
        ]
    ]
}