{
    "testdir": "/benchmarks/2025-09-23-16-34-39--cpp_misra_gpt5.top5.12/cpp/exercises/practice/gigasecond",
    "testcase": "gigasecond",
    "model": "openai/gpt-5",
    "edit_format": "diff",
    "tests_outcomes": [
        false,
        true
    ],
    "cost": 0.165321,
    "duration": 270.0339515209198,
    "test_timeouts": 0,
    "commit_hash": "32faf82-dirty",
    "num_error_outputs": 1,
    "num_user_asks": 7,
    "num_exhausted_context_windows": 0,
    "num_malformed_responses": 1,
    "syntax_errors": 0,
    "indentation_errors": 0,
    "lazy_comments": 0,
    "reasoning_effort": null,
    "prompt_tokens": 43468,
    "completion_tokens": 13777,
    "thinking_tokens": null,
    "chat_hashes": [
        [
            "5a29f5974d4a87ced71fd7b4b1ae521a58381d25",
            "65951d23bad96c6f0711d898e915efd299f44dd0"
        ],
        [
            "5a29f5974d4a87ced71fd7b4b1ae521a58381d25",
            "4386f14b52def9ef39b836f7ac33ac83ded9e6de"
        ],
        [
            "5a29f5974d4a87ced71fd7b4b1ae521a58381d25",
            "fbafc0956cc4d0516df1c289a16389e15145e4d8"
        ],
        [
            "5a29f5974d4a87ced71fd7b4b1ae521a58381d25",
            "55126cb942f5014e50cf295329f8a0570bb15710"
        ],
        [
            "5a29f5974d4a87ced71fd7b4b1ae521a58381d25",
            "a712cd7b5d85358f2d9110963fd08d1231a78b83"
        ],
        [
            "5a29f5974d4a87ced71fd7b4b1ae521a58381d25",
            "2555927806c515e5f998cbbb271335caea344471"
        ],
        [
            "5a29f5974d4a87ced71fd7b4b1ae521a58381d25",
            "e39e78ea424efba70dcdf57711caab792f598276"
        ],
        [
            "5a29f5974d4a87ced71fd7b4b1ae521a58381d25",
            "2555927806c515e5f998cbbb271335caea344471"
        ]
    ]
}