{
    "testdir": "/benchmarks/2025-09-23-18-34-20--cpp_misra_gpt5.top5.18/cpp/exercises/practice/complex-numbers",
    "testcase": "complex-numbers",
    "model": "openai/gpt-5",
    "edit_format": "diff",
    "tests_outcomes": [
        false,
        true
    ],
    "cost": 0.27840825,
    "duration": 365.4464912414551,
    "test_timeouts": 0,
    "commit_hash": "32faf82-dirty",
    "num_error_outputs": 0,
    "num_user_asks": 6,
    "num_exhausted_context_windows": 0,
    "num_malformed_responses": 0,
    "syntax_errors": 0,
    "indentation_errors": 0,
    "lazy_comments": 0,
    "reasoning_effort": null,
    "prompt_tokens": 48229,
    "completion_tokens": 24649,
    "thinking_tokens": null,
    "chat_hashes": [
        [
            "5a29f5974d4a87ced71fd7b4b1ae521a58381d25",
            "5f9b039d35f9362cfc381d55e85332e6e3e4b727"
        ],
        [
            "5a29f5974d4a87ced71fd7b4b1ae521a58381d25",
            "7829bee27411ca4fccfff41439f83d5a7e45f458"
        ],
        [
            "5a29f5974d4a87ced71fd7b4b1ae521a58381d25",
            "5a28fbc8bff0cd742ff7bf8145eabbfad2ae6ca7"
        ],
        [
            "5a29f5974d4a87ced71fd7b4b1ae521a58381d25",
            "ec1027fccf77607706641bc9b60304c4cad19fa2"
        ],
        [
            "5a29f5974d4a87ced71fd7b4b1ae521a58381d25",
            "712af76c5983b1caf64e701f290d56edfa49f760"
        ],
        [
            "5a29f5974d4a87ced71fd7b4b1ae521a58381d25",
            "27d32c254969ac3e22eb415dc8dfa4a45b2394c3"
        ],
        [
            "5a29f5974d4a87ced71fd7b4b1ae521a58381d25",
            "c71e8bac3ee301c38c65d6bf65f6f5fe6cbba9e0"
        ]
    ]
}