{
    "testdir": "/benchmarks/2025-09-19-18-45-19--misracpp_baseline_gpt5.16/cpp/exercises/practice/grade-school",
    "testcase": "grade-school",
    "model": "openai/gpt-5",
    "edit_format": "diff",
    "tests_outcomes": [
        true
    ],
    "cost": 0.14461625,
    "duration": 271.95447158813477,
    "test_timeouts": 0,
    "commit_hash": "32faf82-dirty",
    "num_error_outputs": 1,
    "num_user_asks": 3,
    "num_exhausted_context_windows": 0,
    "num_malformed_responses": 1,
    "syntax_errors": 0,
    "indentation_errors": 0,
    "lazy_comments": 0,
    "reasoning_effort": null,
    "prompt_tokens": 14973,
    "completion_tokens": 13382,
    "thinking_tokens": null,
    "chat_hashes": [
        [
            "5a29f5974d4a87ced71fd7b4b1ae521a58381d25",
            "a69c14bcfeda8aea001a7a2f5eba79c9fe38543b"
        ],
        [
            "5a29f5974d4a87ced71fd7b4b1ae521a58381d25",
            "eb79c09797319b74af504179b7c4e9f4f75470f1"
        ],
        [
            "5a29f5974d4a87ced71fd7b4b1ae521a58381d25",
            "08e09e75f4a0ae760a72f88a6106f735f2474daa"
        ],
        [
            "5a29f5974d4a87ced71fd7b4b1ae521a58381d25",
            "c750772fb05ab31a257597dbb990e4e55e132d84"
        ]
    ]
}