{
    "testdir": "/benchmarks/2025-09-11-21-46-44--cpp_misra_gemini-25-pro.top5.1/cpp/exercises/practice/robot-name",
    "testcase": "robot-name",
    "model": "gemini/gemini-2.5-pro",
    "edit_format": "diff-fenced",
    "tests_outcomes": [
        false,
        true
    ],
    "cost": 0.456505625,
    "duration": 333.11440205574036,
    "test_timeouts": 0,
    "commit_hash": "32faf82-dirty",
    "num_error_outputs": 0,
    "num_user_asks": 4,
    "num_exhausted_context_windows": 0,
    "num_malformed_responses": 0,
    "syntax_errors": 0,
    "indentation_errors": 0,
    "lazy_comments": 0,
    "reasoning_effort": null,
    "prompt_tokens": 29756,
    "completion_tokens": 41553,
    "thinking_tokens": null,
    "chat_hashes": [
        [
            "46e119000c4c60d499eb58d216186f7a1f091bdc",
            "1fede422ea0d3e0efcf441bfc04cbdae32892d0b"
        ],
        [
            "46e119000c4c60d499eb58d216186f7a1f091bdc",
            "f804c9285c12db0824f45a61954ca03e0c0b313d"
        ],
        [
            "46e119000c4c60d499eb58d216186f7a1f091bdc",
            "4e5fbd1cba2bc86c1ede73efac8010ea27429657"
        ],
        [
            "46e119000c4c60d499eb58d216186f7a1f091bdc",
            "18fa3ea0f85e06138758bab6f5ad5d8e79e727a7"
        ],
        [
            "46e119000c4c60d499eb58d216186f7a1f091bdc",
            "de0764b1629d3bdbce6bddfaa614795a7a154bc1"
        ]
    ]
}