{
    "testdir": "/benchmarks/2025-08-31-19-21-54--cpp_misra_o3.top5.12/cpp/exercises/practice/gigasecond",
    "testcase": "gigasecond",
    "model": "o3",
    "edit_format": "diff",
    "tests_outcomes": [
        false,
        true
    ],
    "cost": 0.084534,
    "duration": 75.84067797660828,
    "test_timeouts": 0,
    "commit_hash": "32faf82-dirty",
    "num_error_outputs": 1,
    "num_user_asks": 4,
    "num_exhausted_context_windows": 0,
    "num_malformed_responses": 1,
    "syntax_errors": 0,
    "indentation_errors": 0,
    "lazy_comments": 0,
    "reasoning_effort": null,
    "prompt_tokens": 31623,
    "completion_tokens": 6645,
    "thinking_tokens": null,
    "chat_hashes": [
        [
            "5570d71e63f5d28449be40ac390705d540cb9709",
            "52b947fe48d7804e888367466594ea54fe84c7ab"
        ],
        [
            "5570d71e63f5d28449be40ac390705d540cb9709",
            "f8855c8d00d88b18b41474ced6ec763e78f439b4"
        ],
        [
            "5570d71e63f5d28449be40ac390705d540cb9709",
            "2e4dbd5f0848f7391eadee1cfc20712e674ce297"
        ],
        [
            "5570d71e63f5d28449be40ac390705d540cb9709",
            "875f48b1f893fffe1a9dfd20211d95aea5fb352a"
        ],
        [
            "5570d71e63f5d28449be40ac390705d540cb9709",
            "fb8a264636d5abfe9d233c074b696324f011dc45"
        ],
        [
            "5570d71e63f5d28449be40ac390705d540cb9709",
            "147534eff05e20e2a9b6228859ede86c990e65ec"
        ]
    ]
}