{
    "testdir": "/benchmarks/2025-09-10-11-35-04--misracpp_baseline_grok-code-fast-1.1/cpp/exercises/practice/meetup",
    "testcase": "meetup",
    "model": "xai/grok-code-fast-1-0825",
    "edit_format": "whole",
    "tests_outcomes": [
        false,
        false
    ],
    "cost": 0.0180914,
    "duration": 64.63402080535889,
    "test_timeouts": 0,
    "commit_hash": "32faf82-dirty",
    "num_error_outputs": 0,
    "num_user_asks": 2,
    "num_exhausted_context_windows": 0,
    "num_malformed_responses": 0,
    "syntax_errors": 0,
    "indentation_errors": 0,
    "lazy_comments": 0,
    "reasoning_effort": null,
    "prompt_tokens": 66247,
    "completion_tokens": 3228,
    "thinking_tokens": null,
    "chat_hashes": [
        [
            "5ff365dd35144573aa175fcf9498e0f4e11204a7",
            "9702018a2cfca333a1d36d33be3a95a1a143bac4"
        ],
        [
            "5ff365dd35144573aa175fcf9498e0f4e11204a7",
            "18171888b30186f7f6bf891993f468db982c4282"
        ],
        [
            "5ff365dd35144573aa175fcf9498e0f4e11204a7",
            "edcdd51acffae7d993908d59ae33f02d7fffdf7f"
        ],
        [
            "5ff365dd35144573aa175fcf9498e0f4e11204a7",
            "97ae5bd0bac2e74e030d1e821b5c78bc193be5b1"
        ]
    ]
}