{
    "testdir": "/benchmarks/2025-09-19-19-19-06--misracpp_baseline_gpt5.18/cpp/exercises/practice/kindergarten-garden",
    "testcase": "kindergarten-garden",
    "model": "openai/gpt-5",
    "edit_format": "diff",
    "tests_outcomes": [
        false,
        true
    ],
    "cost": 0.36260625,
    "duration": 778.1536474227905,
    "test_timeouts": 0,
    "commit_hash": "32faf82-dirty",
    "num_error_outputs": 0,
    "num_user_asks": 6,
    "num_exhausted_context_windows": 0,
    "num_malformed_responses": 0,
    "syntax_errors": 0,
    "indentation_errors": 0,
    "lazy_comments": 0,
    "reasoning_effort": null,
    "prompt_tokens": 89133,
    "completion_tokens": 29151,
    "thinking_tokens": null,
    "chat_hashes": [
        [
            "5a29f5974d4a87ced71fd7b4b1ae521a58381d25",
            "04cd082509f290885c5b937081c295d7d8ea17fb"
        ],
        [
            "5a29f5974d4a87ced71fd7b4b1ae521a58381d25",
            "cf98222e7d89fb21d0ffbf346c19c5fd54eca5df"
        ],
        [
            "5a29f5974d4a87ced71fd7b4b1ae521a58381d25",
            "9efffa56cf26eb25713f8fddb5161da6f939b16a"
        ],
        [
            "5a29f5974d4a87ced71fd7b4b1ae521a58381d25",
            "f29fd49b551c7000f36cd87c3bdecc27e4b01cdf"
        ],
        [
            "5a29f5974d4a87ced71fd7b4b1ae521a58381d25",
            "fad6f9545148b030d6c9201fb95021bba623d0ab"
        ],
        [
            "5a29f5974d4a87ced71fd7b4b1ae521a58381d25",
            "445a6b3520d4a7218afe8587bdd70a839ef81206"
        ],
        [
            "5a29f5974d4a87ced71fd7b4b1ae521a58381d25",
            "89b9f9faea453e9d5f3faf301c93f85ddfb57287"
        ]
    ]
}