{
    "testdir": "/benchmarks/2025-08-22-09-08-21--misracpp_baseline_deepseek-chat.8/cpp/exercises/practice/all-your-base",
    "testcase": "all-your-base",
    "model": "deepseek/deepseek-chat",
    "edit_format": "diff",
    "tests_outcomes": [
        false,
        true
    ],
    "cost": 0.006481800000000001,
    "duration": 247.55847096443176,
    "test_timeouts": 0,
    "commit_hash": "32faf82-dirty",
    "num_error_outputs": 1,
    "num_user_asks": 2,
    "num_exhausted_context_windows": 0,
    "num_malformed_responses": 0,
    "syntax_errors": 0,
    "indentation_errors": 0,
    "lazy_comments": 0,
    "reasoning_effort": null,
    "prompt_tokens": 19320,
    "completion_tokens": 3850,
    "thinking_tokens": null,
    "chat_hashes": [
        [
            "d229a439b83a277ab75364ece3dd8437f0cca388",
            "f4a31a8aa5d6061b0c8ded5848d4943c2c79896e"
        ],
        [
            "d229a439b83a277ab75364ece3dd8437f0cca388",
            "b2c75c52928a51cc14f4eb71f333205dd7f444b6"
        ],
        [
            "d229a439b83a277ab75364ece3dd8437f0cca388",
            "25c6148dfeb88b532485319c3222b0a76b73b662"
        ],
        [
            "d229a439b83a277ab75364ece3dd8437f0cca388",
            "87fc6da72add9caa89e3698cee67850dd9294d60"
        ]
    ]
}