{
    "testdir": "/benchmarks/2025-08-26-11-05-03--cpp_misra.top3.3/cpp/exercises/practice/crypto-square",
    "testcase": "crypto-square",
    "model": "gpt-4.1",
    "edit_format": "diff",
    "tests_outcomes": [
        false,
        false
    ],
    "cost": 0.08808999999999999,
    "duration": 86.6612434387207,
    "test_timeouts": 0,
    "commit_hash": "32faf82-dirty",
    "num_error_outputs": 0,
    "num_user_asks": 8,
    "num_exhausted_context_windows": 0,
    "num_malformed_responses": 0,
    "syntax_errors": 0,
    "indentation_errors": 0,
    "lazy_comments": 0,
    "reasoning_effort": null,
    "prompt_tokens": 52717,
    "completion_tokens": 2608,
    "thinking_tokens": null,
    "chat_hashes": [
        [
            "dd5eb8c6e1e03320d0933ca63c0164ae9d2a0152",
            "d3cfc52b340acd26c534ac6fcb096cbd5c4b80c8"
        ],
        [
            "dd5eb8c6e1e03320d0933ca63c0164ae9d2a0152",
            "0e513b98ece7859fc7cdabf05bcfc6d02377f071"
        ],
        [
            "dd5eb8c6e1e03320d0933ca63c0164ae9d2a0152",
            "0b562fae27d05c7878b44d50f51c94f44949294d"
        ],
        [
            "dd5eb8c6e1e03320d0933ca63c0164ae9d2a0152",
            "0b562fae27d05c7878b44d50f51c94f44949294d"
        ],
        [
            "dd5eb8c6e1e03320d0933ca63c0164ae9d2a0152",
            "b902efa31ca61bdc613625be27b1545c4ff24907"
        ],
        [
            "dd5eb8c6e1e03320d0933ca63c0164ae9d2a0152",
            "6c2c372417ec199e944233a8991a1ba55b9355c1"
        ],
        [
            "dd5eb8c6e1e03320d0933ca63c0164ae9d2a0152",
            "4f4f4cbb06b34dd0d5307b3cad1ddd2f46b925a4"
        ],
        [
            "dd5eb8c6e1e03320d0933ca63c0164ae9d2a0152",
            "ead883505b8ea4c2a10079bdf9262c3f2f6dd4a1"
        ]
    ]
}