{
    "testdir": "/benchmarks/2025-08-31-18-13-56--cpp_misra_o3.top5.2/cpp/exercises/practice/zebra-puzzle",
    "testcase": "zebra-puzzle",
    "model": "o3",
    "edit_format": "diff",
    "tests_outcomes": [
        false,
        true
    ],
    "cost": 0.15317999999999998,
    "duration": 181.7184271812439,
    "test_timeouts": 0,
    "commit_hash": "32faf82-dirty",
    "num_error_outputs": 0,
    "num_user_asks": 5,
    "num_exhausted_context_windows": 0,
    "num_malformed_responses": 0,
    "syntax_errors": 0,
    "indentation_errors": 0,
    "lazy_comments": 0,
    "reasoning_effort": null,
    "prompt_tokens": 42902,
    "completion_tokens": 12526,
    "thinking_tokens": null,
    "chat_hashes": [
        [
            "5570d71e63f5d28449be40ac390705d540cb9709",
            "fc4a1465259d946438e3e81f7eb7f686b0dc0484"
        ],
        [
            "5570d71e63f5d28449be40ac390705d540cb9709",
            "90a8daa6b3062d22c3c30845348e550ede555c9d"
        ],
        [
            "5570d71e63f5d28449be40ac390705d540cb9709",
            "440bb723bdd707b187bce84d44213aaac824cdba"
        ],
        [
            "5570d71e63f5d28449be40ac390705d540cb9709",
            "a5abd8d4f6f36792cdbddc48b13f7774d934f842"
        ],
        [
            "5570d71e63f5d28449be40ac390705d540cb9709",
            "173724b2292a3c09a3d0a569883259ce3084ef8b"
        ],
        [
            "5570d71e63f5d28449be40ac390705d540cb9709",
            "47141c600964c8404b40248f2ee19f6a91de9d8d"
        ]
    ]
}