{
    "testdir": "/benchmarks/2025-08-21-13-48-09--misracpp_baseline.19/cpp/exercises/practice/grade-school",
    "testcase": "grade-school",
    "model": "gpt-4.1",
    "edit_format": "diff",
    "tests_outcomes": [
        false,
        true
    ],
    "cost": 0.622952,
    "duration": 143.59758257865906,
    "test_timeouts": 0,
    "commit_hash": "32faf82-dirty",
    "num_error_outputs": 0,
    "num_user_asks": 8,
    "num_exhausted_context_windows": 0,
    "num_malformed_responses": 0,
    "syntax_errors": 0,
    "indentation_errors": 0,
    "lazy_comments": 0,
    "reasoning_effort": null,
    "prompt_tokens": 480872,
    "completion_tokens": 2315,
    "thinking_tokens": null,
    "chat_hashes": [
        [
            "dd5eb8c6e1e03320d0933ca63c0164ae9d2a0152",
            "2b4c1854cb6eeb2949865e9b00a7575a42de7a18"
        ],
        [
            "dd5eb8c6e1e03320d0933ca63c0164ae9d2a0152",
            "75aa71b352297cadc4c71f0f601287eb82390b25"
        ],
        [
            "dd5eb8c6e1e03320d0933ca63c0164ae9d2a0152",
            "8a4a6558761f41928a5fee51e54d455858dbbcae"
        ],
        [
            "dd5eb8c6e1e03320d0933ca63c0164ae9d2a0152",
            "919ab4fff4f6d8d6225f76fd4cea0ce7e11732bc"
        ],
        [
            "dd5eb8c6e1e03320d0933ca63c0164ae9d2a0152",
            "600afc1b4362bdb588ce16ce968fe13ecb1b04fe"
        ],
        [
            "dd5eb8c6e1e03320d0933ca63c0164ae9d2a0152",
            "e31b0235a8345c5fcbe8500a75c1acf838cfc115"
        ],
        [
            "dd5eb8c6e1e03320d0933ca63c0164ae9d2a0152",
            "57ac2082aad0a2235664313e59725098da4978a2"
        ],
        [
            "dd5eb8c6e1e03320d0933ca63c0164ae9d2a0152",
            "4c96e154c3add5b7d5b03ed7a9dad8788da1dd3f"
        ]
    ]
}