{
    "testdir": "/benchmarks/2025-09-23-17-24-50--cpp_misra_gpt5.top5.15/cpp/exercises/practice/meetup",
    "testcase": "meetup",
    "model": "openai/gpt-5",
    "edit_format": "diff",
    "tests_outcomes": [
        false,
        true
    ],
    "cost": 0.3307357500000001,
    "duration": 697.1872775554657,
    "test_timeouts": 0,
    "commit_hash": "32faf82-dirty",
    "num_error_outputs": 1,
    "num_user_asks": 2,
    "num_exhausted_context_windows": 0,
    "num_malformed_responses": 1,
    "syntax_errors": 0,
    "indentation_errors": 0,
    "lazy_comments": 0,
    "reasoning_effort": null,
    "prompt_tokens": 85859,
    "completion_tokens": 24674,
    "thinking_tokens": null,
    "chat_hashes": [
        [
            "5a29f5974d4a87ced71fd7b4b1ae521a58381d25",
            "c3e06517c521e64fcd3e88990325a54604a47b07"
        ],
        [
            "5a29f5974d4a87ced71fd7b4b1ae521a58381d25",
            "213930e65913662a40134a33462eb665c7a5a171"
        ],
        [
            "5a29f5974d4a87ced71fd7b4b1ae521a58381d25",
            "e40d0488f8fbcaebd39a4fab0d627b3115379b06"
        ],
        [
            "5a29f5974d4a87ced71fd7b4b1ae521a58381d25",
            "d3febfa4aeba2169ec130e50b8dfb69bd6d5d14f"
        ],
        [
            "5a29f5974d4a87ced71fd7b4b1ae521a58381d25",
            "4933be175779b7d418944ed115c0104275359f94"
        ]
    ]
}