{
    "testdir": "/benchmarks/2025-08-26-12-11-03--cpp_misra.top3.17/cpp/exercises/practice/circular-buffer",
    "testcase": "circular-buffer",
    "model": "gpt-4.1",
    "edit_format": "diff",
    "tests_outcomes": [
        false,
        false
    ],
    "cost": 0.12347599999999999,
    "duration": 112.8044204711914,
    "test_timeouts": 0,
    "commit_hash": "32faf82-dirty",
    "num_error_outputs": 0,
    "num_user_asks": 8,
    "num_exhausted_context_windows": 0,
    "num_malformed_responses": 0,
    "syntax_errors": 0,
    "indentation_errors": 0,
    "lazy_comments": 0,
    "reasoning_effort": null,
    "prompt_tokens": 68210,
    "completion_tokens": 3254,
    "thinking_tokens": null,
    "chat_hashes": [
        [
            "dd5eb8c6e1e03320d0933ca63c0164ae9d2a0152",
            "b11b8c825ef4704f868b84d0fb5671aabc7689c8"
        ],
        [
            "dd5eb8c6e1e03320d0933ca63c0164ae9d2a0152",
            "49ee33bfb49288896b9abb4e5eb7e92c2cd7fdb2"
        ],
        [
            "dd5eb8c6e1e03320d0933ca63c0164ae9d2a0152",
            "5f86d8757c86ebf2425b5f5c8999e0bcf2c39cad"
        ],
        [
            "dd5eb8c6e1e03320d0933ca63c0164ae9d2a0152",
            "cde466d4c3f2a9d86632ac667d0a3113fca1efcb"
        ],
        [
            "dd5eb8c6e1e03320d0933ca63c0164ae9d2a0152",
            "e74a68485b5eae43285db54cf73a6cde84fd0316"
        ],
        [
            "dd5eb8c6e1e03320d0933ca63c0164ae9d2a0152",
            "b0c87de69dd2ccd80aca12d579ceca6ae5649bb5"
        ],
        [
            "dd5eb8c6e1e03320d0933ca63c0164ae9d2a0152",
            "35ab70b56ff6bd65d367c3e108b2526a4a9fe07c"
        ],
        [
            "dd5eb8c6e1e03320d0933ca63c0164ae9d2a0152",
            "5c627bc0ec1ac2fbd65ba7564dd7ea91c7183d27"
        ]
    ]
}