{
    "testdir": "/benchmarks/2025-09-01-01-26-50--cpp_misra_deepseek-chat.top5.14/cpp/exercises/practice/circular-buffer",
    "testcase": "circular-buffer",
    "model": "deepseek/deepseek-chat",
    "edit_format": "diff",
    "tests_outcomes": [
        true
    ],
    "cost": 0.010184499999999999,
    "duration": 286.6078565120697,
    "test_timeouts": 0,
    "commit_hash": "32faf82-dirty",
    "num_error_outputs": 3,
    "num_user_asks": 1,
    "num_exhausted_context_windows": 0,
    "num_malformed_responses": 3,
    "syntax_errors": 0,
    "indentation_errors": 0,
    "lazy_comments": 0,
    "reasoning_effort": null,
    "prompt_tokens": 29280,
    "completion_tokens": 5423,
    "thinking_tokens": null,
    "chat_hashes": [
        [
            "d229a439b83a277ab75364ece3dd8437f0cca388",
            "98eb92008087b3942bb9e1b5c4e4ba512ce3e5a1"
        ],
        [
            "d229a439b83a277ab75364ece3dd8437f0cca388",
            "7228cd6680cb2f726a241695842b184a9de6e31c"
        ],
        [
            "d229a439b83a277ab75364ece3dd8437f0cca388",
            "79d66dc4fe6e4331daa4c5149b20e57f9478a89b"
        ],
        [
            "d229a439b83a277ab75364ece3dd8437f0cca388",
            "8be33875053a6d75ceac2dc8ce10ea4278c3eb87"
        ]
    ]
}