{
    "testdir": "/benchmarks/2025-08-26-11-59-33--cpp_misra.top3.15/cpp/exercises/practice/diamond",
    "testcase": "diamond",
    "model": "gpt-4.1",
    "edit_format": "diff",
    "tests_outcomes": [
        false,
        true
    ],
    "cost": 0.04583399999999999,
    "duration": 18.55353617668152,
    "test_timeouts": 0,
    "commit_hash": "32faf82-dirty",
    "num_error_outputs": 1,
    "num_user_asks": 5,
    "num_exhausted_context_windows": 0,
    "num_malformed_responses": 1,
    "syntax_errors": 0,
    "indentation_errors": 0,
    "lazy_comments": 0,
    "reasoning_effort": null,
    "prompt_tokens": 37069,
    "completion_tokens": 1190,
    "thinking_tokens": null,
    "chat_hashes": [
        [
            "dd5eb8c6e1e03320d0933ca63c0164ae9d2a0152",
            "cbbe6bd06ad231ab6be52a68e7648abb97c1a42a"
        ],
        [
            "dd5eb8c6e1e03320d0933ca63c0164ae9d2a0152",
            "4f80489a7c02cd8ce37d8c11f81368ab805d0f93"
        ],
        [
            "dd5eb8c6e1e03320d0933ca63c0164ae9d2a0152",
            "0d1a77e35076fda86f2d757019a0e2ad3465476e"
        ],
        [
            "dd5eb8c6e1e03320d0933ca63c0164ae9d2a0152",
            "55b1540776eba548508b6a0acf001aaa925bea3b"
        ],
        [
            "dd5eb8c6e1e03320d0933ca63c0164ae9d2a0152",
            "a5c557a5372c86e6f48cc84efe1adecc29685490"
        ],
        [
            "dd5eb8c6e1e03320d0933ca63c0164ae9d2a0152",
            "97a3a3a532fdbd4291d2d4fe8fcac4a98e7d283e"
        ],
        [
            "dd5eb8c6e1e03320d0933ca63c0164ae9d2a0152",
            "a5c557a5372c86e6f48cc84efe1adecc29685490"
        ]
    ]
}