{
    "testdir": "/benchmarks/2025-08-26-11-19-16--cpp_misra.top3.6/cpp/exercises/practice/complex-numbers",
    "testcase": "complex-numbers",
    "model": "gpt-4.1",
    "edit_format": "diff",
    "tests_outcomes": [
        false,
        false
    ],
    "cost": 0.08356399999999999,
    "duration": 79.50669193267822,
    "test_timeouts": 0,
    "commit_hash": "32faf82-dirty",
    "num_error_outputs": 0,
    "num_user_asks": 8,
    "num_exhausted_context_windows": 0,
    "num_malformed_responses": 0,
    "syntax_errors": 0,
    "indentation_errors": 0,
    "lazy_comments": 0,
    "reasoning_effort": null,
    "prompt_tokens": 55986,
    "completion_tokens": 3049,
    "thinking_tokens": null,
    "chat_hashes": [
        [
            "dd5eb8c6e1e03320d0933ca63c0164ae9d2a0152",
            "33343dcf5c3c3e0ede2064c0e59bb2f77ab60f4d"
        ],
        [
            "dd5eb8c6e1e03320d0933ca63c0164ae9d2a0152",
            "28007f3361db6b98e3b4c2022ec4513068ff5a3c"
        ],
        [
            "dd5eb8c6e1e03320d0933ca63c0164ae9d2a0152",
            "caa8fdbd2dd5b1c549c010355275c6e4efb3f68a"
        ],
        [
            "dd5eb8c6e1e03320d0933ca63c0164ae9d2a0152",
            "d15f2ac51cadf47cc433f2d64a4a3b4480053426"
        ],
        [
            "dd5eb8c6e1e03320d0933ca63c0164ae9d2a0152",
            "9c3d7132940ef455b114df820a20e584fa0629dc"
        ],
        [
            "dd5eb8c6e1e03320d0933ca63c0164ae9d2a0152",
            "b2fe740c06f72b188483a7dacb4534b0ec498a1e"
        ],
        [
            "dd5eb8c6e1e03320d0933ca63c0164ae9d2a0152",
            "0006868d4ae6d951d4f0d58c8703167b71a1f405"
        ],
        [
            "dd5eb8c6e1e03320d0933ca63c0164ae9d2a0152",
            "f57ea42d67e78213fdf9f482fec5b7cb60b783e8"
        ]
    ]
}