{
    "testdir": "/benchmarks/2025-08-31-21-16-17--cpp_misra_deepseek-chat.top5.3/cpp/exercises/practice/bank-account",
    "testcase": "bank-account",
    "model": "deepseek/deepseek-chat",
    "edit_format": "diff",
    "tests_outcomes": [
        true
    ],
    "cost": 0.00650571,
    "duration": 175.74580264091492,
    "test_timeouts": 0,
    "commit_hash": "32faf82-dirty",
    "num_error_outputs": 0,
    "num_user_asks": 2,
    "num_exhausted_context_windows": 0,
    "num_malformed_responses": 0,
    "syntax_errors": 0,
    "indentation_errors": 0,
    "lazy_comments": 0,
    "reasoning_effort": null,
    "prompt_tokens": 16743,
    "completion_tokens": 3457,
    "thinking_tokens": null,
    "chat_hashes": [
        [
            "d229a439b83a277ab75364ece3dd8437f0cca388",
            "c7d929f61cad811c610e91ea997176553878fb6c"
        ],
        [
            "d229a439b83a277ab75364ece3dd8437f0cca388",
            "ba629484729613296e05357cef7784bde1e5d082"
        ],
        [
            "d229a439b83a277ab75364ece3dd8437f0cca388",
            "0078d2da7522348f815224d4463dc05042436429"
        ]
    ]
}