{
    "testdir": "/benchmarks/2025-08-22-10-57-23--misracpp_baseline_deepseek-chat.12/cpp/exercises/practice/complex-numbers",
    "testcase": "complex-numbers",
    "model": "deepseek/deepseek-chat",
    "edit_format": "diff",
    "tests_outcomes": [
        false,
        true
    ],
    "cost": 0.01408581,
    "duration": 372.21242117881775,
    "test_timeouts": 0,
    "commit_hash": "32faf82-dirty",
    "num_error_outputs": 0,
    "num_user_asks": 4,
    "num_exhausted_context_windows": 0,
    "num_malformed_responses": 0,
    "syntax_errors": 0,
    "indentation_errors": 0,
    "lazy_comments": 0,
    "reasoning_effort": null,
    "prompt_tokens": 50323,
    "completion_tokens": 6446,
    "thinking_tokens": null,
    "chat_hashes": [
        [
            "d229a439b83a277ab75364ece3dd8437f0cca388",
            "4914ff80c2e2fd9227c8e8334a37f938236913fb"
        ],
        [
            "d229a439b83a277ab75364ece3dd8437f0cca388",
            "891ed9aabae066aca29c9b8ebdb459cb4379e6ac"
        ],
        [
            "d229a439b83a277ab75364ece3dd8437f0cca388",
            "d4eb19bf810f76bb1374f6825541e0c3f2e5a24e"
        ],
        [
            "d229a439b83a277ab75364ece3dd8437f0cca388",
            "39f722bb1c06c888445b94b1d1d02b477903d2cf"
        ],
        [
            "d229a439b83a277ab75364ece3dd8437f0cca388",
            "0afae050c843e563138978fc4333354a1ef3f291"
        ],
        [
            "d229a439b83a277ab75364ece3dd8437f0cca388",
            "3c7aec17da2dfe357522c90afb2e101e1f539d16"
        ]
    ]
}