{
    "testdir": "/benchmarks/2025-08-26-11-09-41--cpp_misra.top3.4/cpp/exercises/practice/dnd-character",
    "testcase": "dnd-character",
    "model": "gpt-4.1",
    "edit_format": "diff",
    "tests_outcomes": [
        false,
        false
    ],
    "cost": 0.10308200000000001,
    "duration": 190.71405935287476,
    "test_timeouts": 0,
    "commit_hash": "32faf82-dirty",
    "num_error_outputs": 0,
    "num_user_asks": 8,
    "num_exhausted_context_windows": 0,
    "num_malformed_responses": 0,
    "syntax_errors": 0,
    "indentation_errors": 0,
    "lazy_comments": 0,
    "reasoning_effort": null,
    "prompt_tokens": 68733,
    "completion_tokens": 3262,
    "thinking_tokens": null,
    "chat_hashes": [
        [
            "dd5eb8c6e1e03320d0933ca63c0164ae9d2a0152",
            "6ca338f757adc730f18907026b32d0b37b8dcea4"
        ],
        [
            "dd5eb8c6e1e03320d0933ca63c0164ae9d2a0152",
            "14790dcb4dd1fd3f5f3ce17eefd94bc14b737331"
        ],
        [
            "dd5eb8c6e1e03320d0933ca63c0164ae9d2a0152",
            "87c7bae4198a02c2271acef3f404302fbe1c6086"
        ],
        [
            "dd5eb8c6e1e03320d0933ca63c0164ae9d2a0152",
            "fc5297007be8c2eec25779ebc78d3bfd619c49dc"
        ],
        [
            "dd5eb8c6e1e03320d0933ca63c0164ae9d2a0152",
            "7af0264f7649a969261b44cee79d5b0e423bc551"
        ],
        [
            "dd5eb8c6e1e03320d0933ca63c0164ae9d2a0152",
            "eb4bae9d732298c61eb960f9741f86fcb8272890"
        ],
        [
            "dd5eb8c6e1e03320d0933ca63c0164ae9d2a0152",
            "22cb395ad5f8cee44dc9d694bae722465f93d399"
        ],
        [
            "dd5eb8c6e1e03320d0933ca63c0164ae9d2a0152",
            "4008a3de8479ec5332cc1e1e3d0d5adfd7a852cf"
        ]
    ]
}