{
    "testdir": "/benchmarks/2025-08-26-11-09-41--cpp_misra.top3.4/cpp/exercises/practice/phone-number",
    "testcase": "phone-number",
    "model": "gpt-4.1",
    "edit_format": "diff",
    "tests_outcomes": [
        false,
        true
    ],
    "cost": 0.072216,
    "duration": 78.76611113548279,
    "test_timeouts": 0,
    "commit_hash": "32faf82-dirty",
    "num_error_outputs": 0,
    "num_user_asks": 8,
    "num_exhausted_context_windows": 0,
    "num_malformed_responses": 0,
    "syntax_errors": 0,
    "indentation_errors": 0,
    "lazy_comments": 0,
    "reasoning_effort": null,
    "prompt_tokens": 51892,
    "completion_tokens": 1430,
    "thinking_tokens": null,
    "chat_hashes": [
        [
            "dd5eb8c6e1e03320d0933ca63c0164ae9d2a0152",
            "2c0abd0ebe6a47c16ca54127b431d1518c4f03cd"
        ],
        [
            "dd5eb8c6e1e03320d0933ca63c0164ae9d2a0152",
            "d491494ec995eaeb5feff3890287be751baee03b"
        ],
        [
            "dd5eb8c6e1e03320d0933ca63c0164ae9d2a0152",
            "f12804de517a31d35835ec5df28732fb93ac5501"
        ],
        [
            "dd5eb8c6e1e03320d0933ca63c0164ae9d2a0152",
            "7d05d7fc56de976095f178610c0b23fd2025bce0"
        ],
        [
            "dd5eb8c6e1e03320d0933ca63c0164ae9d2a0152",
            "d9851ec7b56fbaf12a9902def9742aab01310cce"
        ],
        [
            "dd5eb8c6e1e03320d0933ca63c0164ae9d2a0152",
            "6adfe3c3183b30bd05ea85c6ac521f00e33dfd9c"
        ],
        [
            "dd5eb8c6e1e03320d0933ca63c0164ae9d2a0152",
            "92d6ba10c29e2108bfb28e1398fa110052bcc6d8"
        ],
        [
            "dd5eb8c6e1e03320d0933ca63c0164ae9d2a0152",
            "3e5272b78e2c1ed8b039123b0c06bd96e27020a3"
        ]
    ]
}