{
    "testdir": "/benchmarks/2025-09-19-16-45-27--misracpp_baseline_gpt5.8/cpp/exercises/practice/kindergarten-garden",
    "testcase": "kindergarten-garden",
    "model": "openai/gpt-5",
    "edit_format": "diff",
    "tests_outcomes": [
        false,
        true
    ],
    "cost": 0.282187,
    "duration": 1151.6315848827362,
    "test_timeouts": 0,
    "commit_hash": "32faf82-dirty",
    "num_error_outputs": 0,
    "num_user_asks": 5,
    "num_exhausted_context_windows": 0,
    "num_malformed_responses": 0,
    "syntax_errors": 0,
    "indentation_errors": 0,
    "lazy_comments": 0,
    "reasoning_effort": null,
    "prompt_tokens": 62900,
    "completion_tokens": 21897,
    "thinking_tokens": null,
    "chat_hashes": [
        [
            "5a29f5974d4a87ced71fd7b4b1ae521a58381d25",
            "5bbc76e481134055267c3e173ea550a07ed8dfe8"
        ],
        [
            "5a29f5974d4a87ced71fd7b4b1ae521a58381d25",
            "682cfaf8528235809f3ff467930f34cb16f743c8"
        ],
        [
            "5a29f5974d4a87ced71fd7b4b1ae521a58381d25",
            "f913ed97fe30384a9ffcf4b639a318f84082c4bd"
        ],
        [
            "5a29f5974d4a87ced71fd7b4b1ae521a58381d25",
            "a877b55090f6a198a1dc23417dc12e70f282f652"
        ],
        [
            "5a29f5974d4a87ced71fd7b4b1ae521a58381d25",
            "5249b15b150d8dd19091b5f4f675eba1bf457d93"
        ],
        [
            "5a29f5974d4a87ced71fd7b4b1ae521a58381d25",
            "62c796f930bf0e4ab443cb80ea74ea71e388771c"
        ]
    ]
}