{
    "testdir": "/benchmarks/2025-09-23-13-32-57--cpp_misra_gpt5.top5.3/cpp/exercises/practice/diamond",
    "testcase": "diamond",
    "model": "openai/gpt-5",
    "edit_format": "diff",
    "tests_outcomes": [
        false,
        true
    ],
    "cost": 0.28858500000000004,
    "duration": 563.4638361930847,
    "test_timeouts": 0,
    "commit_hash": "32faf82-dirty",
    "num_error_outputs": 0,
    "num_user_asks": 8,
    "num_exhausted_context_windows": 0,
    "num_malformed_responses": 0,
    "syntax_errors": 0,
    "indentation_errors": 0,
    "lazy_comments": 0,
    "reasoning_effort": null,
    "prompt_tokens": 49556,
    "completion_tokens": 25976,
    "thinking_tokens": null,
    "chat_hashes": [
        [
            "5a29f5974d4a87ced71fd7b4b1ae521a58381d25",
            "fe800625a91754fd2e563ab2e72fcaefe957aa4b"
        ],
        [
            "5a29f5974d4a87ced71fd7b4b1ae521a58381d25",
            "b9d5a1130f1655f447f24058fc6850cfec626842"
        ],
        [
            "5a29f5974d4a87ced71fd7b4b1ae521a58381d25",
            "171938989109348d1797fd1aa2965bc89c8c8b8b"
        ],
        [
            "5a29f5974d4a87ced71fd7b4b1ae521a58381d25",
            "943651f9707f2d657519d031cc498b9ec1c68b15"
        ],
        [
            "5a29f5974d4a87ced71fd7b4b1ae521a58381d25",
            "c61a48433ddf5a7b6ba655969374a40c5f0b331d"
        ],
        [
            "5a29f5974d4a87ced71fd7b4b1ae521a58381d25",
            "f039baef46977f3a9f56eea72cdc0d2af16a0d6e"
        ],
        [
            "5a29f5974d4a87ced71fd7b4b1ae521a58381d25",
            "dda810c3c46adb291b801e1164eb3a2594c66d3a"
        ],
        [
            "5a29f5974d4a87ced71fd7b4b1ae521a58381d25",
            "82ddd4eb0a8963a8b9850ee9224bc6e09d004032"
        ]
    ]
}