{
    "testdir": "/benchmarks/2025-08-27-13-51-49--misracpp_baseline_o3.7/cpp/exercises/practice/clock",
    "testcase": "clock",
    "model": "o3",
    "edit_format": "diff",
    "tests_outcomes": [
        true
    ],
    "cost": 0.140872,
    "duration": 232.87349677085876,
    "test_timeouts": 0,
    "commit_hash": "32faf82-dirty",
    "num_error_outputs": 0,
    "num_user_asks": 4,
    "num_exhausted_context_windows": 0,
    "num_malformed_responses": 0,
    "syntax_errors": 0,
    "indentation_errors": 0,
    "lazy_comments": 0,
    "reasoning_effort": null,
    "prompt_tokens": 13764,
    "completion_tokens": 15296,
    "thinking_tokens": null,
    "chat_hashes": [
        [
            "5570d71e63f5d28449be40ac390705d540cb9709",
            "36f3da192967d405a7000c2092207dc6639d55b4"
        ],
        [
            "5570d71e63f5d28449be40ac390705d540cb9709",
            "e722e4066e46f54643a5b8bea56c8f123a6907b9"
        ],
        [
            "5570d71e63f5d28449be40ac390705d540cb9709",
            "4944cfa06b491d7e8649ca8e6e6eb2354608d1d9"
        ],
        [
            "5570d71e63f5d28449be40ac390705d540cb9709",
            "c048c68c897ac6ef21cc48daf82807f28df56f4b"
        ]
    ]
}