{
    "testdir": "/benchmarks/2025-08-21-09-53-26--misracpp_baseline.9/cpp/exercises/practice/spiral-matrix",
    "testcase": "spiral-matrix",
    "model": "gpt-4.1",
    "edit_format": "diff",
    "tests_outcomes": [
        false,
        true
    ],
    "cost": 0.78854,
    "duration": 57.23004388809204,
    "test_timeouts": 0,
    "commit_hash": "32faf82-dirty",
    "num_error_outputs": 0,
    "num_user_asks": 8,
    "num_exhausted_context_windows": 0,
    "num_malformed_responses": 0,
    "syntax_errors": 0,
    "indentation_errors": 0,
    "lazy_comments": 0,
    "reasoning_effort": null,
    "prompt_tokens": 625850,
    "completion_tokens": 1577,
    "thinking_tokens": null,
    "chat_hashes": [
        [
            "dd5eb8c6e1e03320d0933ca63c0164ae9d2a0152",
            "b7a482098b1590e0054fb85857fd0a159a38e330"
        ],
        [
            "dd5eb8c6e1e03320d0933ca63c0164ae9d2a0152",
            "8b93f45bf2bbd39a997a25d8c06a20bd5bf55d1c"
        ],
        [
            "dd5eb8c6e1e03320d0933ca63c0164ae9d2a0152",
            "300071c9ed2191cc623bde3e526b424a96a1d0dc"
        ],
        [
            "dd5eb8c6e1e03320d0933ca63c0164ae9d2a0152",
            "43053bec5d9bdf46b741dada77ab8b0c2ea02f1e"
        ],
        [
            "dd5eb8c6e1e03320d0933ca63c0164ae9d2a0152",
            "37fcd4e57287067b786b04d81dd61d61aae4c5ba"
        ],
        [
            "dd5eb8c6e1e03320d0933ca63c0164ae9d2a0152",
            "7e21484eea87622fdfd2431c209d7dee33314716"
        ],
        [
            "dd5eb8c6e1e03320d0933ca63c0164ae9d2a0152",
            "cfd26a21b870bd4357af7f67d6a268275992d1cd"
        ],
        [
            "dd5eb8c6e1e03320d0933ca63c0164ae9d2a0152",
            "7e21484eea87622fdfd2431c209d7dee33314716"
        ]
    ]
}