{
    "testdir": "/benchmarks/2025-09-23-14-57-47--cpp_misra_gpt5.top5.7/cpp/exercises/practice/zebra-puzzle",
    "testcase": "zebra-puzzle",
    "model": "openai/gpt-5",
    "edit_format": "diff",
    "tests_outcomes": [
        false,
        true
    ],
    "cost": 0.1889365,
    "duration": 329.95335602760315,
    "test_timeouts": 0,
    "commit_hash": "32faf82-dirty",
    "num_error_outputs": 0,
    "num_user_asks": 8,
    "num_exhausted_context_windows": 0,
    "num_malformed_responses": 0,
    "syntax_errors": 0,
    "indentation_errors": 0,
    "lazy_comments": 0,
    "reasoning_effort": null,
    "prompt_tokens": 41530,
    "completion_tokens": 16712,
    "thinking_tokens": null,
    "chat_hashes": [
        [
            "5a29f5974d4a87ced71fd7b4b1ae521a58381d25",
            "ea8802098dc1cfaaf6a083c1a146aadbef7b7a53"
        ],
        [
            "5a29f5974d4a87ced71fd7b4b1ae521a58381d25",
            "507ee1a1ec8377682b483280a7b575a53f5c38d8"
        ],
        [
            "5a29f5974d4a87ced71fd7b4b1ae521a58381d25",
            "aded1afc687b1952e7ce2d4e19444b598839ebb2"
        ],
        [
            "5a29f5974d4a87ced71fd7b4b1ae521a58381d25",
            "7a487b25b9373987f7cf1fb6f4f971881e68d6ac"
        ],
        [
            "5a29f5974d4a87ced71fd7b4b1ae521a58381d25",
            "e1b2881db53566a281cb65d56fbd662d13f2a7ee"
        ],
        [
            "5a29f5974d4a87ced71fd7b4b1ae521a58381d25",
            "6003df2de606a33c5c99b70865f6567b4d90339e"
        ],
        [
            "5a29f5974d4a87ced71fd7b4b1ae521a58381d25",
            "09bc2fc1eafff9294b13608c9c286e5af3eca2e3"
        ],
        [
            "5a29f5974d4a87ced71fd7b4b1ae521a58381d25",
            "5693357b2516888236bbc1f105294bcf5b350994"
        ]
    ]
}