{
    "testdir": "/benchmarks/2025-09-12-11-49-03--cpp_misra_grok-code-fast-1.top5.1/cpp/exercises/practice/clock",
    "testcase": "clock",
    "model": "xai/grok-code-fast-1-0825",
    "edit_format": "whole",
    "tests_outcomes": [
        false,
        false
    ],
    "cost": 0.0057328,
    "duration": 38.90633010864258,
    "test_timeouts": 0,
    "commit_hash": "32faf82-dirty",
    "num_error_outputs": 0,
    "num_user_asks": 2,
    "num_exhausted_context_windows": 0,
    "num_malformed_responses": 0,
    "syntax_errors": 0,
    "indentation_errors": 0,
    "lazy_comments": 0,
    "reasoning_effort": null,
    "prompt_tokens": 20774,
    "completion_tokens": 1052,
    "thinking_tokens": null,
    "chat_hashes": [
        [
            "5ff365dd35144573aa175fcf9498e0f4e11204a7",
            "eae7fa3d2613cf3d5a95aff5605e4ee7efabb623"
        ],
        [
            "5ff365dd35144573aa175fcf9498e0f4e11204a7",
            "a7644a78132d3611e972b0bb93d844dea0618d32"
        ],
        [
            "5ff365dd35144573aa175fcf9498e0f4e11204a7",
            "d22155e9968e1ba28071e340be076c4ec7925a27"
        ],
        [
            "5ff365dd35144573aa175fcf9498e0f4e11204a7",
            "ef6c6852d124291ebf7d727dca9acddfb6f27ec0"
        ]
    ]
}