{
    "testdir": "/benchmarks/2025-08-27-14-49-54--misracpp_baseline_o3.13/cpp/exercises/practice/meetup",
    "testcase": "meetup",
    "model": "o3",
    "edit_format": "diff",
    "tests_outcomes": [
        false,
        false
    ],
    "cost": 0.469764,
    "duration": 739.8319401741028,
    "test_timeouts": 0,
    "commit_hash": "32faf82-dirty",
    "num_error_outputs": 0,
    "num_user_asks": 8,
    "num_exhausted_context_windows": 0,
    "num_malformed_responses": 0,
    "syntax_errors": 0,
    "indentation_errors": 0,
    "lazy_comments": 0,
    "reasoning_effort": null,
    "prompt_tokens": 129686,
    "completion_tokens": 33499,
    "thinking_tokens": null,
    "chat_hashes": [
        [
            "5570d71e63f5d28449be40ac390705d540cb9709",
            "6d79459ab9b6279fdf810ff3bef3680b02105ce0"
        ],
        [
            "5570d71e63f5d28449be40ac390705d540cb9709",
            "209061143fe1b2246d291ba47ae723d258319236"
        ],
        [
            "5570d71e63f5d28449be40ac390705d540cb9709",
            "f2fe4d82a2bbbcae85b4f4042e0de1953a1ecede"
        ],
        [
            "5570d71e63f5d28449be40ac390705d540cb9709",
            "3a401669c7e9dae49ec60981f80fbb66e63429ad"
        ],
        [
            "5570d71e63f5d28449be40ac390705d540cb9709",
            "c66e2ee07e71b8482e8cea74995db3c36fb20b09"
        ],
        [
            "5570d71e63f5d28449be40ac390705d540cb9709",
            "4be597a05ec366b85b8a3c9fb1f523753c1d85ec"
        ],
        [
            "5570d71e63f5d28449be40ac390705d540cb9709",
            "c64929a8c7e7be383a64922a425ff96cf0c4087e"
        ],
        [
            "5570d71e63f5d28449be40ac390705d540cb9709",
            "49b7d21d9f6f3aae502cce33fe8262ffc6e3b3db"
        ]
    ]
}