{
    "testdir": "/benchmarks/2025-08-27-13-44-43--misracpp_baseline_o3.6/cpp/exercises/practice/perfect-numbers",
    "testcase": "perfect-numbers",
    "model": "o3",
    "edit_format": "diff",
    "tests_outcomes": [
        true
    ],
    "cost": 0.05819,
    "duration": 97.116525888443,
    "test_timeouts": 0,
    "commit_hash": "32faf82-dirty",
    "num_error_outputs": 0,
    "num_user_asks": 2,
    "num_exhausted_context_windows": 0,
    "num_malformed_responses": 0,
    "syntax_errors": 0,
    "indentation_errors": 0,
    "lazy_comments": 0,
    "reasoning_effort": null,
    "prompt_tokens": 8991,
    "completion_tokens": 5866,
    "thinking_tokens": null,
    "chat_hashes": [
        [
            "5570d71e63f5d28449be40ac390705d540cb9709",
            "8ac9362e824251ac6514f01dbf0e745fb03d1be9"
        ],
        [
            "5570d71e63f5d28449be40ac390705d540cb9709",
            "7daa7e48f5e3acd53d6a30d28418b4c567d5fc26"
        ],
        [
            "5570d71e63f5d28449be40ac390705d540cb9709",
            "d4041b11ba59c8244d400997852c60cbe05ab1dc"
        ]
    ]
}