{
    "testdir": "/benchmarks/2025-08-26-11-59-33--cpp_misra.top3.15/cpp/exercises/practice/all-your-base",
    "testcase": "all-your-base",
    "model": "gpt-4.1",
    "edit_format": "diff",
    "tests_outcomes": [
        false,
        false
    ],
    "cost": 0.07217399999999999,
    "duration": 56.998244285583496,
    "test_timeouts": 0,
    "commit_hash": "32faf82-dirty",
    "num_error_outputs": 0,
    "num_user_asks": 8,
    "num_exhausted_context_windows": 0,
    "num_malformed_responses": 0,
    "syntax_errors": 0,
    "indentation_errors": 0,
    "lazy_comments": 0,
    "reasoning_effort": null,
    "prompt_tokens": 55167,
    "completion_tokens": 1878,
    "thinking_tokens": null,
    "chat_hashes": [
        [
            "dd5eb8c6e1e03320d0933ca63c0164ae9d2a0152",
            "4aca76bb5596e621e7a9595dd05bdc7512d5f5f3"
        ],
        [
            "dd5eb8c6e1e03320d0933ca63c0164ae9d2a0152",
            "7819397aff8a82e2215275648bd93566fd059f6f"
        ],
        [
            "dd5eb8c6e1e03320d0933ca63c0164ae9d2a0152",
            "7dc8ee81ec2a558c98c7f916c245ca68939d6c06"
        ],
        [
            "dd5eb8c6e1e03320d0933ca63c0164ae9d2a0152",
            "7dc8ee81ec2a558c98c7f916c245ca68939d6c06"
        ],
        [
            "dd5eb8c6e1e03320d0933ca63c0164ae9d2a0152",
            "7189ae8c8725f87fd201c5828d1bc77833267021"
        ],
        [
            "dd5eb8c6e1e03320d0933ca63c0164ae9d2a0152",
            "2006f552e164d3e85a19c47ecc07edc0dac8c434"
        ],
        [
            "dd5eb8c6e1e03320d0933ca63c0164ae9d2a0152",
            "e3364fda9ee87846382f2923583921c5b2af78a4"
        ],
        [
            "dd5eb8c6e1e03320d0933ca63c0164ae9d2a0152",
            "2006f552e164d3e85a19c47ecc07edc0dac8c434"
        ]
    ]
}