{
    "testdir": "/benchmarks/2025-08-27-13-29-50--misracpp_baseline_o3.4/cpp/exercises/practice/clock",
    "testcase": "clock",
    "model": "o3",
    "edit_format": "diff",
    "tests_outcomes": [
        false,
        true
    ],
    "cost": 0.077814,
    "duration": 126.75211024284363,
    "test_timeouts": 0,
    "commit_hash": "32faf82-dirty",
    "num_error_outputs": 0,
    "num_user_asks": 2,
    "num_exhausted_context_windows": 0,
    "num_malformed_responses": 0,
    "syntax_errors": 0,
    "indentation_errors": 0,
    "lazy_comments": 0,
    "reasoning_effort": null,
    "prompt_tokens": 14411,
    "completion_tokens": 7492,
    "thinking_tokens": null,
    "chat_hashes": [
        [
            "5570d71e63f5d28449be40ac390705d540cb9709",
            "766eb408bd1803e9056494354a8d2d1467ed63d0"
        ],
        [
            "5570d71e63f5d28449be40ac390705d540cb9709",
            "4ef57e920a9e73b7b7e7172150c5c314a3ff996d"
        ],
        [
            "5570d71e63f5d28449be40ac390705d540cb9709",
            "af99606db5fe125770b169c58bad895274290257"
        ],
        [
            "5570d71e63f5d28449be40ac390705d540cb9709",
            "99fe91c1ab062e9e37c521067702b80318364008"
        ]
    ]
}