{
    "testdir": "/benchmarks/2025-09-19-19-47-38--misracpp_baseline_gpt5.20/cpp/exercises/practice/perfect-numbers",
    "testcase": "perfect-numbers",
    "model": "openai/gpt-5",
    "edit_format": "diff",
    "tests_outcomes": [
        true
    ],
    "cost": 0.06057775000000001,
    "duration": 96.07335710525513,
    "test_timeouts": 0,
    "commit_hash": "32faf82-dirty",
    "num_error_outputs": 1,
    "num_user_asks": 3,
    "num_exhausted_context_windows": 0,
    "num_malformed_responses": 1,
    "syntax_errors": 0,
    "indentation_errors": 0,
    "lazy_comments": 0,
    "reasoning_effort": null,
    "prompt_tokens": 12627,
    "completion_tokens": 5329,
    "thinking_tokens": null,
    "chat_hashes": [
        [
            "5a29f5974d4a87ced71fd7b4b1ae521a58381d25",
            "642ba4cd7291bb9f8abf4a9554d87c144b473dcb"
        ],
        [
            "5a29f5974d4a87ced71fd7b4b1ae521a58381d25",
            "fa93b7ff81aa605903d19425e6b14aecc79ffab4"
        ],
        [
            "5a29f5974d4a87ced71fd7b4b1ae521a58381d25",
            "4aacd7780be2119c16cef4956bf0f53e86833360"
        ],
        [
            "5a29f5974d4a87ced71fd7b4b1ae521a58381d25",
            "caa633d47f88a5ebbc252143dbc516e837d35d78"
        ]
    ]
}