{
    "testdir": "/benchmarks/2025-09-19-19-34-55--misracpp_baseline_gpt5.19/cpp/exercises/practice/yacht",
    "testcase": "yacht",
    "model": "openai/gpt-5",
    "edit_format": "diff",
    "tests_outcomes": [
        false,
        true
    ],
    "cost": 0.14603025000000003,
    "duration": 353.11028480529785,
    "test_timeouts": 0,
    "commit_hash": "32faf82-dirty",
    "num_error_outputs": 0,
    "num_user_asks": 2,
    "num_exhausted_context_windows": 0,
    "num_malformed_responses": 0,
    "syntax_errors": 0,
    "indentation_errors": 0,
    "lazy_comments": 0,
    "reasoning_effort": null,
    "prompt_tokens": 45909,
    "completion_tokens": 9570,
    "thinking_tokens": null,
    "chat_hashes": [
        [
            "5a29f5974d4a87ced71fd7b4b1ae521a58381d25",
            "35dcd2c620bb3fa0509e08fa8e9a98a77c6741ca"
        ],
        [
            "5a29f5974d4a87ced71fd7b4b1ae521a58381d25",
            "bee9b05163508477748fe5ac5f36ce6a8fe72b4a"
        ],
        [
            "5a29f5974d4a87ced71fd7b4b1ae521a58381d25",
            "044c1efab710dd67d7af4ebd50d51fe4fb4477c2"
        ],
        [
            "5a29f5974d4a87ced71fd7b4b1ae521a58381d25",
            "a6e45f3acd8ad682bff339783c9a3732109bf90e"
        ]
    ]
}