{
    "testdir": "/benchmarks/2025-08-21-08-38-37--misracpp_baseline.01/cpp/exercises/practice/parallel-letter-frequency",
    "testcase": "parallel-letter-frequency",
    "model": "gpt-4.1",
    "edit_format": "diff",
    "tests_outcomes": [
        false,
        false
    ],
    "cost": 0.050935999999999995,
    "duration": 41.416237115859985,
    "test_timeouts": 0,
    "commit_hash": "32faf82-dirty",
    "num_error_outputs": 0,
    "num_user_asks": 8,
    "num_exhausted_context_windows": 0,
    "num_malformed_responses": 0,
    "syntax_errors": 0,
    "indentation_errors": 0,
    "lazy_comments": 0,
    "reasoning_effort": null,
    "prompt_tokens": 36512,
    "completion_tokens": 1295,
    "thinking_tokens": null,
    "chat_hashes": [
        [
            "dd5eb8c6e1e03320d0933ca63c0164ae9d2a0152",
            "ce5238fceb87499e164ac07473752402ba44914e"
        ],
        [
            "dd5eb8c6e1e03320d0933ca63c0164ae9d2a0152",
            "058384c97713cb4dafb3be9542417853d8239b60"
        ],
        [
            "dd5eb8c6e1e03320d0933ca63c0164ae9d2a0152",
            "ab4b10db3e402b787eba72ade17c5b942b1a6585"
        ],
        [
            "dd5eb8c6e1e03320d0933ca63c0164ae9d2a0152",
            "cb8fe24a379ad4db513adc4bc484451aa58e68f6"
        ],
        [
            "dd5eb8c6e1e03320d0933ca63c0164ae9d2a0152",
            "b1ec4c8a134b026a99009924b2ba8e447367f3fa"
        ],
        [
            "dd5eb8c6e1e03320d0933ca63c0164ae9d2a0152",
            "563deced29607fdb94f976e8aa249a1d3b413d46"
        ],
        [
            "dd5eb8c6e1e03320d0933ca63c0164ae9d2a0152",
            "aa09bfad11dcf4b62315f13dbe81eea8e5ca23a0"
        ],
        [
            "dd5eb8c6e1e03320d0933ca63c0164ae9d2a0152",
            "600e8bd330c52c934bc89b7c1122dc1b40ab16b8"
        ]
    ]
}