{
    "testdir": "/benchmarks/2025-09-01-01-51-19--cpp_misra_deepseek-chat.top5.16/cpp/exercises/practice/complex-numbers",
    "testcase": "complex-numbers",
    "model": "deepseek/deepseek-chat",
    "edit_format": "diff",
    "tests_outcomes": [
        false,
        true
    ],
    "cost": 0.00789227,
    "duration": 203.32105016708374,
    "test_timeouts": 0,
    "commit_hash": "32faf82-dirty",
    "num_error_outputs": 0,
    "num_user_asks": 2,
    "num_exhausted_context_windows": 0,
    "num_malformed_responses": 0,
    "syntax_errors": 0,
    "indentation_errors": 0,
    "lazy_comments": 0,
    "reasoning_effort": null,
    "prompt_tokens": 27231,
    "completion_tokens": 3749,
    "thinking_tokens": null,
    "chat_hashes": [
        [
            "d229a439b83a277ab75364ece3dd8437f0cca388",
            "a71a8f82b067349a0a325edaedf807d2c97c2eae"
        ],
        [
            "d229a439b83a277ab75364ece3dd8437f0cca388",
            "d38443d9d0b46f4e68f2af190cc3d24c52ebc1e6"
        ],
        [
            "d229a439b83a277ab75364ece3dd8437f0cca388",
            "fc1f43c29323f5429bcbe52e47dcb59204eeff55"
        ],
        [
            "d229a439b83a277ab75364ece3dd8437f0cca388",
            "edb2e8454afa5ffa51f86890f80f1e1f21c95fc6"
        ]
    ]
}