{
    "testdir": "/benchmarks/2025-09-24-10-08-48--cpp_misra_gpt5.top5.20/cpp/exercises/practice/parallel-letter-frequency",
    "testcase": "parallel-letter-frequency",
    "model": "openai/gpt-5",
    "edit_format": "diff",
    "tests_outcomes": [
        false,
        true
    ],
    "cost": 0.2324245,
    "duration": 545.7613973617554,
    "test_timeouts": 0,
    "commit_hash": "32faf82-dirty",
    "num_error_outputs": 0,
    "num_user_asks": 5,
    "num_exhausted_context_windows": 0,
    "num_malformed_responses": 0,
    "syntax_errors": 0,
    "indentation_errors": 0,
    "lazy_comments": 0,
    "reasoning_effort": null,
    "prompt_tokens": 40442,
    "completion_tokens": 20448,
    "thinking_tokens": null,
    "chat_hashes": [
        [
            "5a29f5974d4a87ced71fd7b4b1ae521a58381d25",
            "1bfc8bc43b0cf3857923d04c0c5b553173ad8788"
        ],
        [
            "5a29f5974d4a87ced71fd7b4b1ae521a58381d25",
            "9def359f4ca5c705d86b43d95f0aa2dd9f4ef83b"
        ],
        [
            "5a29f5974d4a87ced71fd7b4b1ae521a58381d25",
            "b57cf2dee5ebc5167c5c5ecc9420a946e61cc63b"
        ],
        [
            "5a29f5974d4a87ced71fd7b4b1ae521a58381d25",
            "1b985e16711c6f224e66352d1ef54c5175c40e00"
        ],
        [
            "5a29f5974d4a87ced71fd7b4b1ae521a58381d25",
            "62b51624f8d88cbbaa922fcf8b13812a4dda9ba7"
        ],
        [
            "5a29f5974d4a87ced71fd7b4b1ae521a58381d25",
            "c4b21e0574bcdd3176817dd8e59f5344fef523c8"
        ]
    ]
}