{
    "testdir": "/benchmarks/2025-09-23-18-10-09--cpp_misra_gpt5.top5.17/cpp/exercises/practice/knapsack",
    "testcase": "knapsack",
    "model": "openai/gpt-5",
    "edit_format": "diff",
    "tests_outcomes": [
        true
    ],
    "cost": 0.19066475000000002,
    "duration": 320.0652747154236,
    "test_timeouts": 0,
    "commit_hash": "32faf82-dirty",
    "num_error_outputs": 0,
    "num_user_asks": 4,
    "num_exhausted_context_windows": 0,
    "num_malformed_responses": 0,
    "syntax_errors": 0,
    "indentation_errors": 0,
    "lazy_comments": 0,
    "reasoning_effort": null,
    "prompt_tokens": 18583,
    "completion_tokens": 17766,
    "thinking_tokens": null,
    "chat_hashes": [
        [
            "5a29f5974d4a87ced71fd7b4b1ae521a58381d25",
            "e3ccc341e41713c9977c1544b30f986d8372bb53"
        ],
        [
            "5a29f5974d4a87ced71fd7b4b1ae521a58381d25",
            "7df3c15cb6859ee3724059b547e41a4d77c99611"
        ],
        [
            "5a29f5974d4a87ced71fd7b4b1ae521a58381d25",
            "fc141b106adf69051b472540397097635d614882"
        ],
        [
            "5a29f5974d4a87ced71fd7b4b1ae521a58381d25",
            "5e7f726a1737721befabd01faa02f3eef47f5195"
        ]
    ]
}