{
    "testdir": "/benchmarks/2025-08-26-11-34-50--cpp_misra.top3.9/cpp/exercises/practice/diamond",
    "testcase": "diamond",
    "model": "gpt-4.1",
    "edit_format": "diff",
    "tests_outcomes": [
        false,
        false
    ],
    "cost": 0.06012000000000001,
    "duration": 37.14776015281677,
    "test_timeouts": 0,
    "commit_hash": "32faf82-dirty",
    "num_error_outputs": 0,
    "num_user_asks": 8,
    "num_exhausted_context_windows": 0,
    "num_malformed_responses": 0,
    "syntax_errors": 0,
    "indentation_errors": 0,
    "lazy_comments": 0,
    "reasoning_effort": null,
    "prompt_tokens": 41084,
    "completion_tokens": 1516,
    "thinking_tokens": null,
    "chat_hashes": [
        [
            "dd5eb8c6e1e03320d0933ca63c0164ae9d2a0152",
            "9d1b98009b7712c13e9c71a24607c833aafbae1b"
        ],
        [
            "dd5eb8c6e1e03320d0933ca63c0164ae9d2a0152",
            "843df7eb3559551ff05eecffda8c8a516891e64f"
        ],
        [
            "dd5eb8c6e1e03320d0933ca63c0164ae9d2a0152",
            "cfeb7c3a332ae834ff15c6423ec1310db49950a9"
        ],
        [
            "dd5eb8c6e1e03320d0933ca63c0164ae9d2a0152",
            "843df7eb3559551ff05eecffda8c8a516891e64f"
        ],
        [
            "dd5eb8c6e1e03320d0933ca63c0164ae9d2a0152",
            "76f7b31bf0d166c121b27e1f90992c4c3a83ae54"
        ],
        [
            "dd5eb8c6e1e03320d0933ca63c0164ae9d2a0152",
            "db1106de0ccb616dd5aff4169338396bc8808578"
        ],
        [
            "dd5eb8c6e1e03320d0933ca63c0164ae9d2a0152",
            "56155a60946b1d29c4a8cbb7cae0d60bca7a2e68"
        ],
        [
            "dd5eb8c6e1e03320d0933ca63c0164ae9d2a0152",
            "db1106de0ccb616dd5aff4169338396bc8808578"
        ]
    ]
}