{
    "testdir": "/benchmarks/2025-09-01-22-45-52--cpp_misra_o3.top10.16/cpp/exercises/practice/complex-numbers",
    "testcase": "complex-numbers",
    "model": "o3",
    "edit_format": "diff",
    "tests_outcomes": [
        false,
        true
    ],
    "cost": 0.206574,
    "duration": 381.7719385623932,
    "test_timeouts": 0,
    "commit_hash": "32faf82-dirty",
    "num_error_outputs": 0,
    "num_user_asks": 5,
    "num_exhausted_context_windows": 0,
    "num_malformed_responses": 0,
    "syntax_errors": 0,
    "indentation_errors": 0,
    "lazy_comments": 0,
    "reasoning_effort": null,
    "prompt_tokens": 50643,
    "completion_tokens": 18585,
    "thinking_tokens": null,
    "chat_hashes": [
        [
            "5570d71e63f5d28449be40ac390705d540cb9709",
            "67a2c56a987caace9b9506e110257e96ec3dcd2d"
        ],
        [
            "5570d71e63f5d28449be40ac390705d540cb9709",
            "d3ab45adc501088686363c8a56582b58dfef4c5b"
        ],
        [
            "5570d71e63f5d28449be40ac390705d540cb9709",
            "4d36fcc7746001e5df136e81e478ddea8f733d83"
        ],
        [
            "5570d71e63f5d28449be40ac390705d540cb9709",
            "e63b4c6702abbf14ed544972fd5f16b72165e04b"
        ],
        [
            "5570d71e63f5d28449be40ac390705d540cb9709",
            "f2cbe7bbf666e7d5fd37159bd33bb620a7434b30"
        ],
        [
            "5570d71e63f5d28449be40ac390705d540cb9709",
            "eadbf6068003cb2f70bddd985c8867baaca0a9b4"
        ]
    ]
}