{
    "testdir": "/benchmarks/2025-09-12-11-49-03--cpp_misra_grok-code-fast-1.top5.1/cpp/exercises/practice/bank-account",
    "testcase": "bank-account",
    "model": "xai/grok-code-fast-1-0825",
    "edit_format": "whole",
    "tests_outcomes": [
        false,
        false
    ],
    "cost": 0.0096043,
    "duration": 48.675753593444824,
    "test_timeouts": 0,
    "commit_hash": "32faf82-dirty",
    "num_error_outputs": 0,
    "num_user_asks": 2,
    "num_exhausted_context_windows": 0,
    "num_malformed_responses": 0,
    "syntax_errors": 0,
    "indentation_errors": 0,
    "lazy_comments": 0,
    "reasoning_effort": null,
    "prompt_tokens": 31199,
    "completion_tokens": 2243,
    "thinking_tokens": null,
    "chat_hashes": [
        [
            "5ff365dd35144573aa175fcf9498e0f4e11204a7",
            "25acc08a64fbe89691e4f50a5ad09c0750b9f67e"
        ],
        [
            "5ff365dd35144573aa175fcf9498e0f4e11204a7",
            "9c1dd7cd0bd95b4d2d81061d36da66cc4d1df163"
        ],
        [
            "5ff365dd35144573aa175fcf9498e0f4e11204a7",
            "523f8e69ec453351302f3b3bb0e84bd9bd726870"
        ],
        [
            "5ff365dd35144573aa175fcf9498e0f4e11204a7",
            "7a5535c73035b18610d89186d1fa5210239379c7"
        ]
    ]
}