{
    "testdir": "/benchmarks/2025-08-27-14-39-38--misracpp_baseline_o3.12/cpp/exercises/practice/diamond",
    "testcase": "diamond",
    "model": "o3",
    "edit_format": "diff",
    "tests_outcomes": [
        false,
        true
    ],
    "cost": 0.071736,
    "duration": 112.60851192474365,
    "test_timeouts": 0,
    "commit_hash": "32faf82-dirty",
    "num_error_outputs": 0,
    "num_user_asks": 2,
    "num_exhausted_context_windows": 0,
    "num_malformed_responses": 0,
    "syntax_errors": 0,
    "indentation_errors": 0,
    "lazy_comments": 0,
    "reasoning_effort": null,
    "prompt_tokens": 14880,
    "completion_tokens": 6759,
    "thinking_tokens": null,
    "chat_hashes": [
        [
            "5570d71e63f5d28449be40ac390705d540cb9709",
            "484d1757fa9a27a1c1b135d8463beba4cc877612"
        ],
        [
            "5570d71e63f5d28449be40ac390705d540cb9709",
            "08106b5386c31dc7b70073f5a483ca6c85ed413e"
        ],
        [
            "5570d71e63f5d28449be40ac390705d540cb9709",
            "01082eb296118d7df6bed70db33c39756954a58b"
        ],
        [
            "5570d71e63f5d28449be40ac390705d540cb9709",
            "c37e4570e29ab9161c6661c5afe5ff5f5efa5d28"
        ]
    ]
}