{
    "testdir": "/benchmarks/2025-09-19-18-24-12--misracpp_baseline_gpt5.14/cpp/exercises/practice/zebra-puzzle",
    "testcase": "zebra-puzzle",
    "model": "openai/gpt-5",
    "edit_format": "diff",
    "tests_outcomes": [
        false,
        true
    ],
    "cost": 0.14063375,
    "duration": 202.58969259262085,
    "test_timeouts": 0,
    "commit_hash": "32faf82-dirty",
    "num_error_outputs": 0,
    "num_user_asks": 5,
    "num_exhausted_context_windows": 0,
    "num_malformed_responses": 0,
    "syntax_errors": 0,
    "indentation_errors": 0,
    "lazy_comments": 0,
    "reasoning_effort": null,
    "prompt_tokens": 31611,
    "completion_tokens": 11984,
    "thinking_tokens": null,
    "chat_hashes": [
        [
            "5a29f5974d4a87ced71fd7b4b1ae521a58381d25",
            "0e6003d83c32b419f889b5294f6e52ec41ffe3ef"
        ],
        [
            "5a29f5974d4a87ced71fd7b4b1ae521a58381d25",
            "f307532f91d29219920fb3adb4e401621e3ca396"
        ],
        [
            "5a29f5974d4a87ced71fd7b4b1ae521a58381d25",
            "1c1921fc356c7b563103c409414be8662732c9c0"
        ],
        [
            "5a29f5974d4a87ced71fd7b4b1ae521a58381d25",
            "9417d0434ae988e0f3a88536d3a304fad392db33"
        ],
        [
            "5a29f5974d4a87ced71fd7b4b1ae521a58381d25",
            "8e2dccfec8a4002c0c0b77472a4705059aeab393"
        ],
        [
            "5a29f5974d4a87ced71fd7b4b1ae521a58381d25",
            "bfe478b928144c15eac1c599e143dfdb21807cf5"
        ]
    ]
}