{
    "testdir": "/benchmarks/2025-09-23-17-09-24--cpp_misra_gpt5.top5.14/cpp/exercises/practice/bank-account",
    "testcase": "bank-account",
    "model": "openai/gpt-5",
    "edit_format": "diff",
    "tests_outcomes": [
        false,
        true
    ],
    "cost": 0.14390225,
    "duration": 208.31525230407715,
    "test_timeouts": 0,
    "commit_hash": "32faf82-dirty",
    "num_error_outputs": 1,
    "num_user_asks": 2,
    "num_exhausted_context_windows": 0,
    "num_malformed_responses": 1,
    "syntax_errors": 0,
    "indentation_errors": 0,
    "lazy_comments": 0,
    "reasoning_effort": null,
    "prompt_tokens": 26333,
    "completion_tokens": 12841,
    "thinking_tokens": null,
    "chat_hashes": [
        [
            "5a29f5974d4a87ced71fd7b4b1ae521a58381d25",
            "e7c9a50ce79ec56781e64360e8b85df610ca2c4e"
        ],
        [
            "5a29f5974d4a87ced71fd7b4b1ae521a58381d25",
            "06284b1d7cf789a1f1004251ddf01b165b5f80ed"
        ],
        [
            "5a29f5974d4a87ced71fd7b4b1ae521a58381d25",
            "10ba0509800dac7f88f0d3c15ac6c0b2ce9cbc77"
        ],
        [
            "5a29f5974d4a87ced71fd7b4b1ae521a58381d25",
            "376892ab6b3cc14f43e77b66815a2cb0d8c251f5"
        ],
        [
            "5a29f5974d4a87ced71fd7b4b1ae521a58381d25",
            "9babe91024f67459deab7ca37ca1d79a21ebf249"
        ]
    ]
}