{
    "testdir": "/benchmarks/2025-08-26-22-34-41--cpp_misra_deepseek-chat.20/cpp/exercises/practice/knapsack",
    "testcase": "knapsack",
    "model": "deepseek/deepseek-chat",
    "edit_format": "diff",
    "tests_outcomes": [
        false,
        true
    ],
    "cost": 0.0079367,
    "duration": 215.23864769935608,
    "test_timeouts": 0,
    "commit_hash": "32faf82-dirty",
    "num_error_outputs": 0,
    "num_user_asks": 2,
    "num_exhausted_context_windows": 0,
    "num_malformed_responses": 0,
    "syntax_errors": 0,
    "indentation_errors": 0,
    "lazy_comments": 0,
    "reasoning_effort": null,
    "prompt_tokens": 24190,
    "completion_tokens": 4082,
    "thinking_tokens": null,
    "chat_hashes": [
        [
            "d229a439b83a277ab75364ece3dd8437f0cca388",
            "72969882051ffbdac8307e83a8f64fcc10a878a2"
        ],
        [
            "d229a439b83a277ab75364ece3dd8437f0cca388",
            "3a34619773bd878314a314c5332c749d9d614fd7"
        ],
        [
            "d229a439b83a277ab75364ece3dd8437f0cca388",
            "2c7d501edeb086d3b98a58dc559ff7efdbe686ea"
        ],
        [
            "d229a439b83a277ab75364ece3dd8437f0cca388",
            "3172238803a87cae53c0f41038d52bc81f51cce6"
        ]
    ]
}