{
    "testdir": "/benchmarks/2025-08-27-16-06-36--misracpp_baseline_o3.20/cpp/exercises/practice/crypto-square",
    "testcase": "crypto-square",
    "model": "o3",
    "edit_format": "diff",
    "tests_outcomes": [
        false,
        true
    ],
    "cost": 0.05802399999999999,
    "duration": 98.5490357875824,
    "test_timeouts": 0,
    "commit_hash": "32faf82-dirty",
    "num_error_outputs": 0,
    "num_user_asks": 1,
    "num_exhausted_context_windows": 0,
    "num_malformed_responses": 0,
    "syntax_errors": 0,
    "indentation_errors": 0,
    "lazy_comments": 0,
    "reasoning_effort": null,
    "prompt_tokens": 11424,
    "completion_tokens": 5429,
    "thinking_tokens": null,
    "chat_hashes": [
        [
            "5570d71e63f5d28449be40ac390705d540cb9709",
            "e22d836a3253641d0f37a9c01770751914fbe3dc"
        ],
        [
            "5570d71e63f5d28449be40ac390705d540cb9709",
            "059220b885843c839ca1b835c1fbd7448a816bc0"
        ],
        [
            "5570d71e63f5d28449be40ac390705d540cb9709",
            "93800619368000cd26d359892b9fdc13cf86174c"
        ]
    ]
}