{
    "testdir": "/benchmarks/2025-08-27-14-39-38--misracpp_baseline_o3.12/cpp/exercises/practice/phone-number",
    "testcase": "phone-number",
    "model": "o3",
    "edit_format": "diff",
    "tests_outcomes": [
        false,
        true
    ],
    "cost": 0.08847799999999999,
    "duration": 156.6814785003662,
    "test_timeouts": 0,
    "commit_hash": "32faf82-dirty",
    "num_error_outputs": 0,
    "num_user_asks": 1,
    "num_exhausted_context_windows": 0,
    "num_malformed_responses": 0,
    "syntax_errors": 0,
    "indentation_errors": 0,
    "lazy_comments": 0,
    "reasoning_effort": null,
    "prompt_tokens": 11043,
    "completion_tokens": 9019,
    "thinking_tokens": null,
    "chat_hashes": [
        [
            "5570d71e63f5d28449be40ac390705d540cb9709",
            "ccec3b8d450ef0ba03a5cb0bb5a30460094f26e5"
        ],
        [
            "5570d71e63f5d28449be40ac390705d540cb9709",
            "e5bf4e64861b73641f0bd143a84a205d93486196"
        ],
        [
            "5570d71e63f5d28449be40ac390705d540cb9709",
            "059096bae723614398b9fc18c17789a8e507fb31"
        ]
    ]
}