{
    "testdir": "/benchmarks/2025-09-19-18-07-24--misracpp_baseline_gpt5.13/cpp/exercises/practice/space-age",
    "testcase": "space-age",
    "model": "openai/gpt-5",
    "edit_format": "diff",
    "tests_outcomes": [
        true
    ],
    "cost": 0.06234050000000001,
    "duration": 103.0338978767395,
    "test_timeouts": 0,
    "commit_hash": "32faf82-dirty",
    "num_error_outputs": 1,
    "num_user_asks": 1,
    "num_exhausted_context_windows": 0,
    "num_malformed_responses": 1,
    "syntax_errors": 0,
    "indentation_errors": 0,
    "lazy_comments": 0,
    "reasoning_effort": null,
    "prompt_tokens": 10922,
    "completion_tokens": 5488,
    "thinking_tokens": null,
    "chat_hashes": [
        [
            "5a29f5974d4a87ced71fd7b4b1ae521a58381d25",
            "a1d10902bde79759c1419ed63d29977aa82d34ce"
        ],
        [
            "5a29f5974d4a87ced71fd7b4b1ae521a58381d25",
            "8b02e1e83e7d2c127de3f7419641428ecf8f4cbf"
        ],
        [
            "5a29f5974d4a87ced71fd7b4b1ae521a58381d25",
            "d470b349a2b9ff5e2c4daa0c7deeed7e8970a3d4"
        ]
    ]
}