{
    "testdir": "/benchmarks/2025-08-21-13-11-33--misracpp_baseline.13/cpp/exercises/practice/crypto-square",
    "testcase": "crypto-square",
    "model": "gpt-4.1",
    "edit_format": "diff",
    "tests_outcomes": [
        false,
        true
    ],
    "cost": 0.058087999999999994,
    "duration": 61.747201681137085,
    "test_timeouts": 0,
    "commit_hash": "32faf82-dirty",
    "num_error_outputs": 0,
    "num_user_asks": 8,
    "num_exhausted_context_windows": 0,
    "num_malformed_responses": 0,
    "syntax_errors": 0,
    "indentation_errors": 0,
    "lazy_comments": 0,
    "reasoning_effort": null,
    "prompt_tokens": 41860,
    "completion_tokens": 1692,
    "thinking_tokens": null,
    "chat_hashes": [
        [
            "dd5eb8c6e1e03320d0933ca63c0164ae9d2a0152",
            "ab41953cddde3465ae696f5375359eb2d56c753c"
        ],
        [
            "dd5eb8c6e1e03320d0933ca63c0164ae9d2a0152",
            "1ed8dfeceb67e448baa7f1600f7b3233a74c3b43"
        ],
        [
            "dd5eb8c6e1e03320d0933ca63c0164ae9d2a0152",
            "34389c94614b64bf638fb08e60db7b0d2212186b"
        ],
        [
            "dd5eb8c6e1e03320d0933ca63c0164ae9d2a0152",
            "40295441bb83f22478bb0b43d1f42a7e281f8a78"
        ],
        [
            "dd5eb8c6e1e03320d0933ca63c0164ae9d2a0152",
            "085e08c68d2959d9b2038c03eba916124efb37e0"
        ],
        [
            "dd5eb8c6e1e03320d0933ca63c0164ae9d2a0152",
            "edeb063883536efe84d047f3bfb6198dd2371ab3"
        ],
        [
            "dd5eb8c6e1e03320d0933ca63c0164ae9d2a0152",
            "ad2b6b8058be3df3e42092faf2cee8fda3700dfe"
        ],
        [
            "dd5eb8c6e1e03320d0933ca63c0164ae9d2a0152",
            "6f42af46aaef132dfe22bd5e080010cb025c7be0"
        ]
    ]
}