{
    "testdir": "/benchmarks/2025-08-27-09-35-38--cpp_misra_deepseek-chat.16/cpp/exercises/practice/robot-name",
    "testcase": "robot-name",
    "model": "deepseek/deepseek-chat",
    "edit_format": "diff",
    "tests_outcomes": [
        false,
        true
    ],
    "cost": 0.0081629,
    "duration": 251.07643389701843,
    "test_timeouts": 0,
    "commit_hash": "32faf82-dirty",
    "num_error_outputs": 0,
    "num_user_asks": 3,
    "num_exhausted_context_windows": 0,
    "num_malformed_responses": 0,
    "syntax_errors": 0,
    "indentation_errors": 0,
    "lazy_comments": 0,
    "reasoning_effort": null,
    "prompt_tokens": 27030,
    "completion_tokens": 4056,
    "thinking_tokens": null,
    "chat_hashes": [
        [
            "d229a439b83a277ab75364ece3dd8437f0cca388",
            "f81265d0ae8622e17903f58d8832e56a6cf96513"
        ],
        [
            "d229a439b83a277ab75364ece3dd8437f0cca388",
            "cb00c3ec10c7ecfc41cd8ace6d502c80dfb5f1dd"
        ],
        [
            "d229a439b83a277ab75364ece3dd8437f0cca388",
            "1a04f246851d6774df51c7f7b4848da6199981f8"
        ],
        [
            "d229a439b83a277ab75364ece3dd8437f0cca388",
            "d5d846c336977c57f12a9ca55741dc8d83c1f28d"
        ],
        [
            "d229a439b83a277ab75364ece3dd8437f0cca388",
            "7a8c550f3e0b0f52d2fdebf1b12e361ff566d526"
        ]
    ]
}