{
    "testdir": "/benchmarks/2025-09-23-15-17-24--cpp_misra_gpt5.top5.8/cpp/exercises/practice/parallel-letter-frequency",
    "testcase": "parallel-letter-frequency",
    "model": "openai/gpt-5",
    "edit_format": "diff",
    "tests_outcomes": [
        false,
        true
    ],
    "cost": 0.38758075000000003,
    "duration": 681.5765535831451,
    "test_timeouts": 0,
    "commit_hash": "32faf82-dirty",
    "num_error_outputs": 0,
    "num_user_asks": 8,
    "num_exhausted_context_windows": 0,
    "num_malformed_responses": 0,
    "syntax_errors": 0,
    "indentation_errors": 0,
    "lazy_comments": 0,
    "reasoning_effort": null,
    "prompt_tokens": 61255,
    "completion_tokens": 34586,
    "thinking_tokens": null,
    "chat_hashes": [
        [
            "5a29f5974d4a87ced71fd7b4b1ae521a58381d25",
            "084dba5c6cb0d166895063e33f238c27a87a2853"
        ],
        [
            "5a29f5974d4a87ced71fd7b4b1ae521a58381d25",
            "b6e957fb8ce02548ad71564c3b7ff49ea170c57c"
        ],
        [
            "5a29f5974d4a87ced71fd7b4b1ae521a58381d25",
            "c18882a9a3e98748e8647fd6f9a867dee2bf83ba"
        ],
        [
            "5a29f5974d4a87ced71fd7b4b1ae521a58381d25",
            "48d1f3157c141b1095927747cb8cbaba3b186bc8"
        ],
        [
            "5a29f5974d4a87ced71fd7b4b1ae521a58381d25",
            "c6352fbbcbdb9cdabb93fe8d7df462e6a4639ffa"
        ],
        [
            "5a29f5974d4a87ced71fd7b4b1ae521a58381d25",
            "392680c25ff3474a2be91181df8ac1c8b02d40d1"
        ],
        [
            "5a29f5974d4a87ced71fd7b4b1ae521a58381d25",
            "56222e70f726dad56b187fecdccd032c5bfdc9c6"
        ],
        [
            "5a29f5974d4a87ced71fd7b4b1ae521a58381d25",
            "b6e957fb8ce02548ad71564c3b7ff49ea170c57c"
        ]
    ]
}