{
    "testdir": "/benchmarks/2025-09-19-15-30-29--misracpp_baseline_gpt5.3/cpp/exercises/practice/diamond",
    "testcase": "diamond",
    "model": "openai/gpt-5",
    "edit_format": "diff",
    "tests_outcomes": [
        false,
        false
    ],
    "cost": 0.2054915,
    "duration": 499.8432059288025,
    "test_timeouts": 0,
    "commit_hash": "32faf82-dirty",
    "num_error_outputs": 0,
    "num_user_asks": 5,
    "num_exhausted_context_windows": 0,
    "num_malformed_responses": 0,
    "syntax_errors": 0,
    "indentation_errors": 0,
    "lazy_comments": 0,
    "reasoning_effort": null,
    "prompt_tokens": 22894,
    "completion_tokens": 18969,
    "thinking_tokens": null,
    "chat_hashes": [
        [
            "5a29f5974d4a87ced71fd7b4b1ae521a58381d25",
            "3202287b8a6fdfcddfe8cb1b78ddfaa3af3ff06a"
        ],
        [
            "5a29f5974d4a87ced71fd7b4b1ae521a58381d25",
            "8149ef27ac3cf1b9bedc98fe09bba2a397411e85"
        ],
        [
            "5a29f5974d4a87ced71fd7b4b1ae521a58381d25",
            "00fead9b122051cb12a3c9fe9395cf1f949bf996"
        ],
        [
            "5a29f5974d4a87ced71fd7b4b1ae521a58381d25",
            "b2e6292ef107f30d587346fad9f9a2551792f91e"
        ],
        [
            "5a29f5974d4a87ced71fd7b4b1ae521a58381d25",
            "fc256165e5374cd3b02f9678f903048a2431c4be"
        ],
        [
            "5a29f5974d4a87ced71fd7b4b1ae521a58381d25",
            "96517eaad5b1de59d2799fadd585c103f3722892"
        ]
    ]
}