{
    "testdir": "/benchmarks/2025-08-21-09-42-55--misracpp_baseline.7/cpp/exercises/practice/linked-list",
    "testcase": "linked-list",
    "model": "gpt-4.1",
    "edit_format": "diff",
    "tests_outcomes": [
        true
    ],
    "cost": 0.052031999999999995,
    "duration": 88.17321300506592,
    "test_timeouts": 0,
    "commit_hash": "32faf82-dirty",
    "num_error_outputs": 0,
    "num_user_asks": 4,
    "num_exhausted_context_windows": 0,
    "num_malformed_responses": 0,
    "syntax_errors": 0,
    "indentation_errors": 0,
    "lazy_comments": 0,
    "reasoning_effort": null,
    "prompt_tokens": 22336,
    "completion_tokens": 2720,
    "thinking_tokens": null,
    "chat_hashes": [
        [
            "dd5eb8c6e1e03320d0933ca63c0164ae9d2a0152",
            "86ea288f5d0752dfdba75a444f1bd8758888169a"
        ],
        [
            "dd5eb8c6e1e03320d0933ca63c0164ae9d2a0152",
            "8c20df2244bcb7f122efabf466ec85b3c38fc795"
        ],
        [
            "dd5eb8c6e1e03320d0933ca63c0164ae9d2a0152",
            "81fe8be0ccb4346764fd5565a975e39630956d10"
        ],
        [
            "dd5eb8c6e1e03320d0933ca63c0164ae9d2a0152",
            "3e122505852b5305d596cbec49f65c0fea96f898"
        ]
    ]
}