{
    "testdir": "/benchmarks/2025-09-01-23-30-16--cpp_misra_o3.top10.20/cpp/exercises/practice/perfect-numbers",
    "testcase": "perfect-numbers",
    "model": "o3",
    "edit_format": "diff",
    "tests_outcomes": [
        false,
        false
    ],
    "cost": 0.07464799999999999,
    "duration": 93.61713528633118,
    "test_timeouts": 0,
    "commit_hash": "32faf82-dirty",
    "num_error_outputs": 0,
    "num_user_asks": 2,
    "num_exhausted_context_windows": 0,
    "num_malformed_responses": 0,
    "syntax_errors": 0,
    "indentation_errors": 0,
    "lazy_comments": 0,
    "reasoning_effort": null,
    "prompt_tokens": 27956,
    "completion_tokens": 4718,
    "thinking_tokens": null,
    "chat_hashes": [
        [
            "5570d71e63f5d28449be40ac390705d540cb9709",
            "6b5a5ce9bb1b749f8c369bff9cb7eef2a4b17296"
        ],
        [
            "5570d71e63f5d28449be40ac390705d540cb9709",
            "27f94451428445e1538ae5ab78b4a7cf5ba6d770"
        ],
        [
            "5570d71e63f5d28449be40ac390705d540cb9709",
            "e6e5921f50db8ce7412d6be832e8c9eaae41e1dd"
        ],
        [
            "5570d71e63f5d28449be40ac390705d540cb9709",
            "51db85d18e357c3e008586eaf4526c0c3e68c03d"
        ]
    ]
}