{
    "testdir": "/benchmarks/2025-08-26-11-49-19--cpp_misra.top3.12/cpp/exercises/practice/circular-buffer",
    "testcase": "circular-buffer",
    "model": "gpt-4.1",
    "edit_format": "diff",
    "tests_outcomes": [
        false,
        true
    ],
    "cost": 0.101238,
    "duration": 104.79770612716675,
    "test_timeouts": 0,
    "commit_hash": "32faf82-dirty",
    "num_error_outputs": 0,
    "num_user_asks": 8,
    "num_exhausted_context_windows": 0,
    "num_malformed_responses": 0,
    "syntax_errors": 0,
    "indentation_errors": 0,
    "lazy_comments": 0,
    "reasoning_effort": null,
    "prompt_tokens": 70171,
    "completion_tokens": 3224,
    "thinking_tokens": null,
    "chat_hashes": [
        [
            "dd5eb8c6e1e03320d0933ca63c0164ae9d2a0152",
            "2e5c8ac9d29ba5bc3443dd0be65d59bcc90dd34c"
        ],
        [
            "dd5eb8c6e1e03320d0933ca63c0164ae9d2a0152",
            "4b6fda412cd8d83c8ae67774b4b42cc3fd788ee8"
        ],
        [
            "dd5eb8c6e1e03320d0933ca63c0164ae9d2a0152",
            "82ff1db881e0e39d910e9d0dd89f184e23a6e52f"
        ],
        [
            "dd5eb8c6e1e03320d0933ca63c0164ae9d2a0152",
            "34bd90c63799f3c0d56e16c4bb60c798e4ed6508"
        ],
        [
            "dd5eb8c6e1e03320d0933ca63c0164ae9d2a0152",
            "bfa98fc8570435b7521961bb4ae0ef22c9f2b07a"
        ],
        [
            "dd5eb8c6e1e03320d0933ca63c0164ae9d2a0152",
            "fb59023489cc3eaaddc63551ec2b3e9e0af66cfb"
        ],
        [
            "dd5eb8c6e1e03320d0933ca63c0164ae9d2a0152",
            "0d4b879eabd20b9bcefe2d36f9edce600564fbbe"
        ],
        [
            "dd5eb8c6e1e03320d0933ca63c0164ae9d2a0152",
            "c1f7db7c666ffa748cf9256a374be803d54bfaa5"
        ]
    ]
}