{
    "testdir": "/benchmarks/2025-08-26-11-19-16--cpp_misra.top3.6/cpp/exercises/practice/allergies",
    "testcase": "allergies",
    "model": "gpt-4.1",
    "edit_format": "diff",
    "tests_outcomes": [
        false,
        false
    ],
    "cost": 0.51728,
    "duration": 27.293843746185303,
    "test_timeouts": 0,
    "commit_hash": "32faf82-dirty",
    "num_error_outputs": 0,
    "num_user_asks": 4,
    "num_exhausted_context_windows": 0,
    "num_malformed_responses": 0,
    "syntax_errors": 0,
    "indentation_errors": 0,
    "lazy_comments": 0,
    "reasoning_effort": null,
    "prompt_tokens": 260536,
    "completion_tokens": 1158,
    "thinking_tokens": null,
    "chat_hashes": [
        [
            "dd5eb8c6e1e03320d0933ca63c0164ae9d2a0152",
            "a2cb919e887a9d8bfb8ddbbaf5fa71180ee5d4ca"
        ],
        [
            "dd5eb8c6e1e03320d0933ca63c0164ae9d2a0152",
            "01045b095a8043d46f4c2e33d59739cc147a9bb2"
        ],
        [
            "dd5eb8c6e1e03320d0933ca63c0164ae9d2a0152",
            "ad605076e240d4e3afe18fd2afb1cb68875491a0"
        ],
        [
            "dd5eb8c6e1e03320d0933ca63c0164ae9d2a0152",
            "680ecc9118adb6f02d653a3666344b94f2693a6e"
        ],
        [
            "dd5eb8c6e1e03320d0933ca63c0164ae9d2a0152",
            "a33964294eda1df5217995ff4070502588d898ee"
        ]
    ]
}