{
    "testdir": "/benchmarks/2025-09-01-20-44-08--cpp_misra_o3.top10.2/cpp/exercises/practice/all-your-base",
    "testcase": "all-your-base",
    "model": "o3",
    "edit_format": "diff",
    "tests_outcomes": [
        false,
        false
    ],
    "cost": 0.120262,
    "duration": 180.73914670944214,
    "test_timeouts": 0,
    "commit_hash": "32faf82-dirty",
    "num_error_outputs": 0,
    "num_user_asks": 2,
    "num_exhausted_context_windows": 0,
    "num_malformed_responses": 0,
    "syntax_errors": 0,
    "indentation_errors": 0,
    "lazy_comments": 0,
    "reasoning_effort": null,
    "prompt_tokens": 30247,
    "completion_tokens": 9799,
    "thinking_tokens": null,
    "chat_hashes": [
        [
            "5570d71e63f5d28449be40ac390705d540cb9709",
            "ab6a59d93b50f7a81b76570af9f2fd7b2ec7bb02"
        ],
        [
            "5570d71e63f5d28449be40ac390705d540cb9709",
            "4e7d7671a1095a3b24acd3c3899693041e52bc2f"
        ],
        [
            "5570d71e63f5d28449be40ac390705d540cb9709",
            "2f9bbd5f2346483b861365ba45500bdf6d2011d0"
        ],
        [
            "5570d71e63f5d28449be40ac390705d540cb9709",
            "71262eed2a25c46a4a4cc0938900862d77429b1b"
        ]
    ]
}