{
    "testdir": "/benchmarks/2025-09-01-20-34-51--cpp_misra_o3.top10.1/cpp/exercises/practice/allergies",
    "testcase": "allergies",
    "model": "o3",
    "edit_format": "diff",
    "tests_outcomes": [
        false,
        false
    ],
    "cost": 0.556156,
    "duration": 123.55661940574646,
    "test_timeouts": 0,
    "commit_hash": "32faf82-dirty",
    "num_error_outputs": 2,
    "num_user_asks": 4,
    "num_exhausted_context_windows": 1,
    "num_malformed_responses": 0,
    "syntax_errors": 0,
    "indentation_errors": 0,
    "lazy_comments": 0,
    "reasoning_effort": null,
    "prompt_tokens": 259382,
    "completion_tokens": 5682,
    "thinking_tokens": null,
    "chat_hashes": [
        [
            "5570d71e63f5d28449be40ac390705d540cb9709",
            "cc61012c22d354d83e8588d0843ad1d7c30d2b01"
        ],
        [
            "5570d71e63f5d28449be40ac390705d540cb9709",
            "ca0427457e04e70192b25b556628786ef8a156bf"
        ],
        [
            "5570d71e63f5d28449be40ac390705d540cb9709",
            "41e8dea34f7695cfcfec55d31b0808727c663f73"
        ]
    ]
}