{
    "testdir": "/benchmarks/2025-09-09-16-56-01--misracpp_baseline_gpt5.2/cpp/exercises/practice/kindergarten-garden",
    "testcase": "kindergarten-garden",
    "model": "openai/gpt-5",
    "edit_format": "diff",
    "tests_outcomes": [
        false,
        true
    ],
    "cost": 0.24116775000000001,
    "duration": 391.3258571624756,
    "test_timeouts": 0,
    "commit_hash": "32faf82-dirty",
    "num_error_outputs": 0,
    "num_user_asks": 4,
    "num_exhausted_context_windows": 0,
    "num_malformed_responses": 0,
    "syntax_errors": 0,
    "indentation_errors": 0,
    "lazy_comments": 0,
    "reasoning_effort": null,
    "prompt_tokens": 64691,
    "completion_tokens": 16304,
    "thinking_tokens": null,
    "chat_hashes": [
        [
            "5a29f5974d4a87ced71fd7b4b1ae521a58381d25",
            "663460908e3dde1df4400e98ac40887b4ff70717"
        ],
        [
            "5a29f5974d4a87ced71fd7b4b1ae521a58381d25",
            "464db9935464641a11b0529d0f1f43279c89fd66"
        ],
        [
            "5a29f5974d4a87ced71fd7b4b1ae521a58381d25",
            "08cb8a5cefc8d4952a53ce631713e20f7a731b7d"
        ],
        [
            "5a29f5974d4a87ced71fd7b4b1ae521a58381d25",
            "53f34e0c053224ad1e441784c6a73eb27ae96f7c"
        ],
        [
            "5a29f5974d4a87ced71fd7b4b1ae521a58381d25",
            "f2415c4759a0ec5d38b375719c47bc5493757cd7"
        ],
        [
            "5a29f5974d4a87ced71fd7b4b1ae521a58381d25",
            "b2d25c4f8605139f91ae0100cef08f52d6b4e560"
        ]
    ]
}