{
    "testdir": "/benchmarks/2025-09-23-15-17-24--cpp_misra_gpt5.top5.8/cpp/exercises/practice/crypto-square",
    "testcase": "crypto-square",
    "model": "openai/gpt-5",
    "edit_format": "diff",
    "tests_outcomes": [
        true
    ],
    "cost": 0.12602375000000002,
    "duration": 237.29374814033508,
    "test_timeouts": 0,
    "commit_hash": "32faf82-dirty",
    "num_error_outputs": 1,
    "num_user_asks": 1,
    "num_exhausted_context_windows": 0,
    "num_malformed_responses": 1,
    "syntax_errors": 0,
    "indentation_errors": 0,
    "lazy_comments": 0,
    "reasoning_effort": null,
    "prompt_tokens": 16563,
    "completion_tokens": 11468,
    "thinking_tokens": null,
    "chat_hashes": [
        [
            "5a29f5974d4a87ced71fd7b4b1ae521a58381d25",
            "98e88f1d9372c543304964ad02a43690b8978aa3"
        ],
        [
            "5a29f5974d4a87ced71fd7b4b1ae521a58381d25",
            "07bc4cd231f8c4c2ae738952f7f1a9bdabf3f7d1"
        ],
        [
            "5a29f5974d4a87ced71fd7b4b1ae521a58381d25",
            "97681119d0a0e3512078517d1247a3df15d7b58b"
        ]
    ]
}