{
    "testdir": "/benchmarks/2025-08-21-09-31-17--misracpp_baseline.5/cpp/exercises/practice/perfect-numbers",
    "testcase": "perfect-numbers",
    "model": "gpt-4.1",
    "edit_format": "diff",
    "tests_outcomes": [
        false,
        false
    ],
    "cost": 0.027496,
    "duration": 23.29063391685486,
    "test_timeouts": 0,
    "commit_hash": "32faf82-dirty",
    "num_error_outputs": 0,
    "num_user_asks": 8,
    "num_exhausted_context_windows": 0,
    "num_malformed_responses": 0,
    "syntax_errors": 0,
    "indentation_errors": 0,
    "lazy_comments": 0,
    "reasoning_effort": null,
    "prompt_tokens": 39084,
    "completion_tokens": 914,
    "thinking_tokens": null,
    "chat_hashes": [
        [
            "dd5eb8c6e1e03320d0933ca63c0164ae9d2a0152",
            "75d97c53860c8a6f04660e04f444b95091a57fff"
        ],
        [
            "dd5eb8c6e1e03320d0933ca63c0164ae9d2a0152",
            "5fa8df409b83436ddf860561d06a31e3fa517b83"
        ],
        [
            "dd5eb8c6e1e03320d0933ca63c0164ae9d2a0152",
            "1a1584cc18c2257d58dd3f4afb25376a30a3d912"
        ],
        [
            "dd5eb8c6e1e03320d0933ca63c0164ae9d2a0152",
            "5fa8df409b83436ddf860561d06a31e3fa517b83"
        ],
        [
            "dd5eb8c6e1e03320d0933ca63c0164ae9d2a0152",
            "f55eb6eafba261fdcfd4670d741e5c352c220b9f"
        ],
        [
            "dd5eb8c6e1e03320d0933ca63c0164ae9d2a0152",
            "b8a809f3a1094eb8f03adfcddfe0aaf18d38eef2"
        ],
        [
            "dd5eb8c6e1e03320d0933ca63c0164ae9d2a0152",
            "eb50b31b019b320a53f79b75073399e342e49253"
        ],
        [
            "dd5eb8c6e1e03320d0933ca63c0164ae9d2a0152",
            "b8a809f3a1094eb8f03adfcddfe0aaf18d38eef2"
        ]
    ]
}