{
    "testdir": "/benchmarks/2025-08-26-11-49-19--cpp_misra.top3.12/cpp/exercises/practice/robot-name",
    "testcase": "robot-name",
    "model": "gpt-4.1",
    "edit_format": "diff",
    "tests_outcomes": [
        false,
        false
    ],
    "cost": 0.07147399999999998,
    "duration": 67.8436164855957,
    "test_timeouts": 0,
    "commit_hash": "32faf82-dirty",
    "num_error_outputs": 0,
    "num_user_asks": 8,
    "num_exhausted_context_windows": 0,
    "num_malformed_responses": 0,
    "syntax_errors": 0,
    "indentation_errors": 0,
    "lazy_comments": 0,
    "reasoning_effort": null,
    "prompt_tokens": 50233,
    "completion_tokens": 2496,
    "thinking_tokens": null,
    "chat_hashes": [
        [
            "dd5eb8c6e1e03320d0933ca63c0164ae9d2a0152",
            "774cdcc664618bc4a8c71a9f9e39258ffedcd2f6"
        ],
        [
            "dd5eb8c6e1e03320d0933ca63c0164ae9d2a0152",
            "2b5c5c67deeaf7913288ddd3e618490e42d94b26"
        ],
        [
            "dd5eb8c6e1e03320d0933ca63c0164ae9d2a0152",
            "fed16bc19d0cf79890c3dc718f3e8ea89b9ff0bc"
        ],
        [
            "dd5eb8c6e1e03320d0933ca63c0164ae9d2a0152",
            "f088059a9ba6471a4c571a80d05365e011d0bae9"
        ],
        [
            "dd5eb8c6e1e03320d0933ca63c0164ae9d2a0152",
            "42df5b09572ceaed1c521c4acfb3bf64cd9d2512"
        ],
        [
            "dd5eb8c6e1e03320d0933ca63c0164ae9d2a0152",
            "164fd9adc8f2a325357517e62b948d5320f7eb9b"
        ],
        [
            "dd5eb8c6e1e03320d0933ca63c0164ae9d2a0152",
            "c2b206f39bd2c4447ab90930d885b45f0861d897"
        ],
        [
            "dd5eb8c6e1e03320d0933ca63c0164ae9d2a0152",
            "d20293600182736a7097353455b317eb16629773"
        ]
    ]
}