{
    "testdir": "/benchmarks/2025-09-19-18-33-44--misracpp_baseline_gpt5.15/cpp/exercises/practice/diamond",
    "testcase": "diamond",
    "model": "openai/gpt-5",
    "edit_format": "diff",
    "tests_outcomes": [
        false,
        true
    ],
    "cost": 0.1953885,
    "duration": 350.6905589103699,
    "test_timeouts": 0,
    "commit_hash": "32faf82-dirty",
    "num_error_outputs": 0,
    "num_user_asks": 8,
    "num_exhausted_context_windows": 0,
    "num_malformed_responses": 0,
    "syntax_errors": 0,
    "indentation_errors": 0,
    "lazy_comments": 0,
    "reasoning_effort": null,
    "prompt_tokens": 38122,
    "completion_tokens": 17308,
    "thinking_tokens": null,
    "chat_hashes": [
        [
            "5a29f5974d4a87ced71fd7b4b1ae521a58381d25",
            "8626a5db2c0dfa37b8c9226b30a18a55f5979615"
        ],
        [
            "5a29f5974d4a87ced71fd7b4b1ae521a58381d25",
            "787cc54aa1440c3f10183c8d7e04f23950af66d4"
        ],
        [
            "5a29f5974d4a87ced71fd7b4b1ae521a58381d25",
            "110b9b371e477424844f68dbae39ffbe8954c0bb"
        ],
        [
            "5a29f5974d4a87ced71fd7b4b1ae521a58381d25",
            "ddf32b0b239b6833709593c05bbb616970d0d3e3"
        ],
        [
            "5a29f5974d4a87ced71fd7b4b1ae521a58381d25",
            "ef76fca8b8f9188e2cb3e24b002b7c0a3675f83f"
        ],
        [
            "5a29f5974d4a87ced71fd7b4b1ae521a58381d25",
            "0b840ae0a9bea3af772059dd58dcd333a393f255"
        ],
        [
            "5a29f5974d4a87ced71fd7b4b1ae521a58381d25",
            "47cff74c6843909361bc8e7b914dfe99be200b56"
        ],
        [
            "5a29f5974d4a87ced71fd7b4b1ae521a58381d25",
            "0b840ae0a9bea3af772059dd58dcd333a393f255"
        ]
    ]
}