{
    "testdir": "/benchmarks/2025-09-23-17-24-50--cpp_misra_gpt5.top5.15/cpp/exercises/practice/space-age",
    "testcase": "space-age",
    "model": "openai/gpt-5",
    "edit_format": "diff",
    "tests_outcomes": [
        true
    ],
    "cost": 0.0765305,
    "duration": 130.58693075180054,
    "test_timeouts": 0,
    "commit_hash": "32faf82-dirty",
    "num_error_outputs": 1,
    "num_user_asks": 1,
    "num_exhausted_context_windows": 0,
    "num_malformed_responses": 1,
    "syntax_errors": 0,
    "indentation_errors": 0,
    "lazy_comments": 0,
    "reasoning_effort": null,
    "prompt_tokens": 14914,
    "completion_tokens": 6552,
    "thinking_tokens": null,
    "chat_hashes": [
        [
            "5a29f5974d4a87ced71fd7b4b1ae521a58381d25",
            "85c05da0a9b14368f2145246ed2dff038e4c5792"
        ],
        [
            "5a29f5974d4a87ced71fd7b4b1ae521a58381d25",
            "dbebc7eb11cd584edf3756861e5a33c083bcdbee"
        ],
        [
            "5a29f5974d4a87ced71fd7b4b1ae521a58381d25",
            "ebd5a1978ff54c1e947df2f763ffd04ac51608e8"
        ]
    ]
}