{
    "testdir": "/benchmarks/2025-09-23-16-34-39--cpp_misra_gpt5.top5.12/cpp/exercises/practice/spiral-matrix",
    "testcase": "spiral-matrix",
    "model": "openai/gpt-5",
    "edit_format": "diff",
    "tests_outcomes": [
        true
    ],
    "cost": 0.1818475,
    "duration": 322.7133469581604,
    "test_timeouts": 0,
    "commit_hash": "32faf82-dirty",
    "num_error_outputs": 0,
    "num_user_asks": 4,
    "num_exhausted_context_windows": 0,
    "num_malformed_responses": 0,
    "syntax_errors": 0,
    "indentation_errors": 0,
    "lazy_comments": 0,
    "reasoning_effort": null,
    "prompt_tokens": 18294,
    "completion_tokens": 17122,
    "thinking_tokens": null,
    "chat_hashes": [
        [
            "5a29f5974d4a87ced71fd7b4b1ae521a58381d25",
            "a5c9b1162b8993bc4573e6c66959eb17ec59edc7"
        ],
        [
            "5a29f5974d4a87ced71fd7b4b1ae521a58381d25",
            "0609735f06d21ff05fdb4190f9eddc137cc8abed"
        ],
        [
            "5a29f5974d4a87ced71fd7b4b1ae521a58381d25",
            "39ab778e70cf78f4b221a59fc841acb300fc38da"
        ],
        [
            "5a29f5974d4a87ced71fd7b4b1ae521a58381d25",
            "9d8eff1e695b16e65b688d9695343f27cc72fc78"
        ]
    ]
}