{
    "testdir": "/benchmarks/2025-08-27-15-03-03--misracpp_baseline_o3.14/cpp/exercises/practice/yacht",
    "testcase": "yacht",
    "model": "o3",
    "edit_format": "diff",
    "tests_outcomes": [
        false,
        true
    ],
    "cost": 0.310864,
    "duration": 348.0948371887207,
    "test_timeouts": 0,
    "commit_hash": "32faf82-dirty",
    "num_error_outputs": 0,
    "num_user_asks": 7,
    "num_exhausted_context_windows": 0,
    "num_malformed_responses": 0,
    "syntax_errors": 0,
    "indentation_errors": 0,
    "lazy_comments": 0,
    "reasoning_effort": null,
    "prompt_tokens": 98200,
    "completion_tokens": 16804,
    "thinking_tokens": null,
    "chat_hashes": [
        [
            "5570d71e63f5d28449be40ac390705d540cb9709",
            "12f713a53cfb932e0ca28feb78c410ddf7129a8c"
        ],
        [
            "5570d71e63f5d28449be40ac390705d540cb9709",
            "a480ba09f64045dc4cbe83a3a858902c069bcf90"
        ],
        [
            "5570d71e63f5d28449be40ac390705d540cb9709",
            "a480ba09f64045dc4cbe83a3a858902c069bcf90"
        ],
        [
            "5570d71e63f5d28449be40ac390705d540cb9709",
            "7ad60421d299086f68ba8e76ccb05216c284fe24"
        ],
        [
            "5570d71e63f5d28449be40ac390705d540cb9709",
            "3b7f66b2fe79ecbe07c4c41f663cf3bd8cfe7ae0"
        ],
        [
            "5570d71e63f5d28449be40ac390705d540cb9709",
            "597496f00ac90efdbf60a00ff6c5ca8f513d5abe"
        ],
        [
            "5570d71e63f5d28449be40ac390705d540cb9709",
            "fd068cf56419976b6e85f463163ebdd6fefe7988"
        ],
        [
            "5570d71e63f5d28449be40ac390705d540cb9709",
            "e2f678822fa04ad9128c244ae8e34fea5e8c4bce"
        ]
    ]
}