{
    "testdir": "/benchmarks/2025-09-23-16-16-21--cpp_misra_gpt5.top5.11/cpp/exercises/practice/meetup",
    "testcase": "meetup",
    "model": "openai/gpt-5",
    "edit_format": "diff",
    "tests_outcomes": [
        false,
        false
    ],
    "cost": 0.37824575000000005,
    "duration": 791.5088014602661,
    "test_timeouts": 0,
    "commit_hash": "32faf82-dirty",
    "num_error_outputs": 1,
    "num_user_asks": 4,
    "num_exhausted_context_windows": 0,
    "num_malformed_responses": 1,
    "syntax_errors": 0,
    "indentation_errors": 0,
    "lazy_comments": 0,
    "reasoning_effort": null,
    "prompt_tokens": 90267,
    "completion_tokens": 29450,
    "thinking_tokens": null,
    "chat_hashes": [
        [
            "5a29f5974d4a87ced71fd7b4b1ae521a58381d25",
            "2c018b0309e540f07e30127e89951f98651f0c2f"
        ],
        [
            "5a29f5974d4a87ced71fd7b4b1ae521a58381d25",
            "134115fbc41541f3c64ec78f10d6b599d88cfa15"
        ],
        [
            "5a29f5974d4a87ced71fd7b4b1ae521a58381d25",
            "eacc05a04f7918a8d990e8bbac5e2d096105e1d0"
        ],
        [
            "5a29f5974d4a87ced71fd7b4b1ae521a58381d25",
            "8321d811eaab4bc5ff2c5d8732e1e154328fd212"
        ],
        [
            "5a29f5974d4a87ced71fd7b4b1ae521a58381d25",
            "12a4e1e2d87155368b4d8bd695a6edc62fc181f7"
        ],
        [
            "5a29f5974d4a87ced71fd7b4b1ae521a58381d25",
            "29ad61bc792aec0c130de914eb62b0f8ea9c0dc9"
        ]
    ]
}