{
    "testdir": "/benchmarks/2025-09-23-15-17-24--cpp_misra_gpt5.top5.8/cpp/exercises/practice/allergies",
    "testcase": "allergies",
    "model": "openai/gpt-5",
    "edit_format": "diff",
    "tests_outcomes": [
        false,
        true
    ],
    "cost": 0.260193,
    "duration": 380.0715250968933,
    "test_timeouts": 0,
    "commit_hash": "32faf82-dirty",
    "num_error_outputs": 1,
    "num_user_asks": 4,
    "num_exhausted_context_windows": 0,
    "num_malformed_responses": 1,
    "syntax_errors": 0,
    "indentation_errors": 0,
    "lazy_comments": 0,
    "reasoning_effort": null,
    "prompt_tokens": 80924,
    "completion_tokens": 18179,
    "thinking_tokens": null,
    "chat_hashes": [
        [
            "5a29f5974d4a87ced71fd7b4b1ae521a58381d25",
            "6285a4028849cf1caca9436397c30857bd0fb0ca"
        ],
        [
            "5a29f5974d4a87ced71fd7b4b1ae521a58381d25",
            "c33059b88fb9c0e699c125916f0e2cbe30955d18"
        ],
        [
            "5a29f5974d4a87ced71fd7b4b1ae521a58381d25",
            "d08127eb110adbcb2195eee42abe9c31c2ec4b20"
        ],
        [
            "5a29f5974d4a87ced71fd7b4b1ae521a58381d25",
            "8d0e3ee85350f4e61fde73c445a596ade6280dad"
        ],
        [
            "5a29f5974d4a87ced71fd7b4b1ae521a58381d25",
            "6a401c49e6ca3fbaaef471ca851540f3e77f901d"
        ],
        [
            "5a29f5974d4a87ced71fd7b4b1ae521a58381d25",
            "9807dc86d15e19841fe25e68ada2097712f0cfd7"
        ]
    ]
}