{
    "testdir": "/benchmarks/2025-09-23-13-51-42--cpp_misra_gpt5.top5.4/cpp/exercises/practice/bank-account",
    "testcase": "bank-account",
    "model": "openai/gpt-5",
    "edit_format": "diff",
    "tests_outcomes": [
        false,
        true
    ],
    "cost": 0.26176025,
    "duration": 576.6490962505341,
    "test_timeouts": 0,
    "commit_hash": "32faf82-dirty",
    "num_error_outputs": 5,
    "num_user_asks": 3,
    "num_exhausted_context_windows": 0,
    "num_malformed_responses": 5,
    "syntax_errors": 0,
    "indentation_errors": 0,
    "lazy_comments": 0,
    "reasoning_effort": null,
    "prompt_tokens": 83797,
    "completion_tokens": 21663,
    "thinking_tokens": null,
    "chat_hashes": [
        [
            "5a29f5974d4a87ced71fd7b4b1ae521a58381d25",
            "9d2672a1a1d2ee89e5ecfd127ded1139cdb23152"
        ],
        [
            "5a29f5974d4a87ced71fd7b4b1ae521a58381d25",
            "8ddcabe2ac62c8490232b37f1729a6604c4c990c"
        ],
        [
            "5a29f5974d4a87ced71fd7b4b1ae521a58381d25",
            "8ddcabe2ac62c8490232b37f1729a6604c4c990c"
        ],
        [
            "5a29f5974d4a87ced71fd7b4b1ae521a58381d25",
            "769286ab332ad7bc8afbb79b352ae82856933b90"
        ],
        [
            "5a29f5974d4a87ced71fd7b4b1ae521a58381d25",
            "469d34e5fad08739e425b95406bd33bb1800bf7c"
        ],
        [
            "5a29f5974d4a87ced71fd7b4b1ae521a58381d25",
            "4b29c0a25a455305fa78776780db931aaed42fd0"
        ],
        [
            "5a29f5974d4a87ced71fd7b4b1ae521a58381d25",
            "531e5e91017a674c50189067e53c5c0bf32956c3"
        ],
        [
            "5a29f5974d4a87ced71fd7b4b1ae521a58381d25",
            "145fd8e1fb6fb8a54f1828801637447eedb1dc99"
        ]
    ]
}