{
    "testdir": "/benchmarks/2025-08-27-14-39-38--misracpp_baseline_o3.12/cpp/exercises/practice/knapsack",
    "testcase": "knapsack",
    "model": "o3",
    "edit_format": "diff",
    "tests_outcomes": [
        false,
        true
    ],
    "cost": 0.09943600000000001,
    "duration": 157.57903265953064,
    "test_timeouts": 0,
    "commit_hash": "32faf82-dirty",
    "num_error_outputs": 0,
    "num_user_asks": 2,
    "num_exhausted_context_windows": 0,
    "num_malformed_responses": 0,
    "syntax_errors": 0,
    "indentation_errors": 0,
    "lazy_comments": 0,
    "reasoning_effort": null,
    "prompt_tokens": 18894,
    "completion_tokens": 8954,
    "thinking_tokens": null,
    "chat_hashes": [
        [
            "5570d71e63f5d28449be40ac390705d540cb9709",
            "fff75a6e71fcbf01c1bedce58476c455f876e974"
        ],
        [
            "5570d71e63f5d28449be40ac390705d540cb9709",
            "e3f2733b7c3d48b54593291cd216caa9cd404b15"
        ],
        [
            "5570d71e63f5d28449be40ac390705d540cb9709",
            "62ea98b84640129fdfee9b9a3ad8e4cf22d32cc1"
        ],
        [
            "5570d71e63f5d28449be40ac390705d540cb9709",
            "f7e79c440031ddb57d0aff8756bf3d2e6468650b"
        ]
    ]
}