{
    "testdir": "/benchmarks/2025-08-31-22-40-13--cpp_misra_deepseek-chat.top5.5/cpp/exercises/practice/space-age",
    "testcase": "space-age",
    "model": "deepseek/deepseek-chat",
    "edit_format": "diff",
    "tests_outcomes": [
        true
    ],
    "cost": 0.008123290000000002,
    "duration": 246.90824961662292,
    "test_timeouts": 0,
    "commit_hash": "32faf82-dirty",
    "num_error_outputs": 0,
    "num_user_asks": 4,
    "num_exhausted_context_windows": 0,
    "num_malformed_responses": 0,
    "syntax_errors": 0,
    "indentation_errors": 0,
    "lazy_comments": 0,
    "reasoning_effort": null,
    "prompt_tokens": 24397,
    "completion_tokens": 4771,
    "thinking_tokens": null,
    "chat_hashes": [
        [
            "d229a439b83a277ab75364ece3dd8437f0cca388",
            "6d72048d41bbac8f8d39809ee14cae65dd691f7e"
        ],
        [
            "d229a439b83a277ab75364ece3dd8437f0cca388",
            "d1b28a2889b1b9792fbf92b732eee9b8a8b47316"
        ],
        [
            "d229a439b83a277ab75364ece3dd8437f0cca388",
            "a6b876f3b8bd38b6e88ccd96115fd3408f1de0df"
        ],
        [
            "d229a439b83a277ab75364ece3dd8437f0cca388",
            "b7b232935f78fa20654c1cac3061b99da8397200"
        ]
    ]
}