{
    "testdir": "/benchmarks/2025-08-31-22-40-13--cpp_misra_deepseek-chat.top5.5/cpp/exercises/practice/sublist",
    "testcase": "sublist",
    "model": "deepseek/deepseek-chat",
    "edit_format": "diff",
    "tests_outcomes": [
        false,
        false
    ],
    "cost": 0.022102780000000002,
    "duration": 382.07531809806824,
    "test_timeouts": 0,
    "commit_hash": "32faf82-dirty",
    "num_error_outputs": 0,
    "num_user_asks": 5,
    "num_exhausted_context_windows": 0,
    "num_malformed_responses": 0,
    "syntax_errors": 0,
    "indentation_errors": 0,
    "lazy_comments": 0,
    "reasoning_effort": null,
    "prompt_tokens": 83564,
    "completion_tokens": 6727,
    "thinking_tokens": null,
    "chat_hashes": [
        [
            "d229a439b83a277ab75364ece3dd8437f0cca388",
            "e25da99748c6a8a314c90b3c656bb1fb8655b71c"
        ],
        [
            "d229a439b83a277ab75364ece3dd8437f0cca388",
            "f86970c266640eb9d96765caa8afe834ce3046e3"
        ],
        [
            "d229a439b83a277ab75364ece3dd8437f0cca388",
            "d350e56781af5d06c1c154a8e20c7e066db9021b"
        ],
        [
            "d229a439b83a277ab75364ece3dd8437f0cca388",
            "721ad02d46cd7b944ac932d9ac6f99a4fa15d993"
        ],
        [
            "d229a439b83a277ab75364ece3dd8437f0cca388",
            "b75a405347174da79f62a338429d7d6f6267d8ed"
        ],
        [
            "d229a439b83a277ab75364ece3dd8437f0cca388",
            "8db40e2170f26018e4e7cde297348dc77c174e4a"
        ]
    ]
}