{
    "testdir": "/benchmarks/2025-08-31-19-28-17--cpp_misra_o3.top5.13/cpp/exercises/practice/clock",
    "testcase": "clock",
    "model": "o3",
    "edit_format": "diff",
    "tests_outcomes": [
        false,
        true
    ],
    "cost": 0.17956799999999998,
    "duration": 220.65143990516663,
    "test_timeouts": 0,
    "commit_hash": "32faf82-dirty",
    "num_error_outputs": 0,
    "num_user_asks": 5,
    "num_exhausted_context_windows": 0,
    "num_malformed_responses": 0,
    "syntax_errors": 0,
    "indentation_errors": 0,
    "lazy_comments": 0,
    "reasoning_effort": null,
    "prompt_tokens": 36672,
    "completion_tokens": 17694,
    "thinking_tokens": null,
    "chat_hashes": [
        [
            "5570d71e63f5d28449be40ac390705d540cb9709",
            "3ce76beda24d67f541cc7935ec57eddc86adc630"
        ],
        [
            "5570d71e63f5d28449be40ac390705d540cb9709",
            "43813eedccd5a76dc3cdec85908194b153dbca33"
        ],
        [
            "5570d71e63f5d28449be40ac390705d540cb9709",
            "7cc183fe04577c118d4f3a5b7c9e04c318c3225d"
        ],
        [
            "5570d71e63f5d28449be40ac390705d540cb9709",
            "9ea6b18fbc183f86fcaa5ff406d04cab55ab3a9b"
        ],
        [
            "5570d71e63f5d28449be40ac390705d540cb9709",
            "b0450b4116674d73e36e6f106055ba1a882b3da7"
        ],
        [
            "5570d71e63f5d28449be40ac390705d540cb9709",
            "a9104770c19e6dfcba1d93a5786206efb24a2ee0"
        ]
    ]
}