{
    "testdir": "/benchmarks/2025-08-27-13-57-27--misracpp_baseline_o3.8/cpp/exercises/practice/meetup",
    "testcase": "meetup",
    "model": "o3",
    "edit_format": "diff",
    "tests_outcomes": [
        false,
        false
    ],
    "cost": 0.280212,
    "duration": 304.32259821891785,
    "test_timeouts": 0,
    "commit_hash": "32faf82-dirty",
    "num_error_outputs": 0,
    "num_user_asks": 2,
    "num_exhausted_context_windows": 0,
    "num_malformed_responses": 0,
    "syntax_errors": 0,
    "indentation_errors": 0,
    "lazy_comments": 0,
    "reasoning_effort": null,
    "prompt_tokens": 58474,
    "completion_tokens": 21536,
    "thinking_tokens": null,
    "chat_hashes": [
        [
            "5570d71e63f5d28449be40ac390705d540cb9709",
            "05199ed5b679ec227e3131c5e0a9937c356e8008"
        ],
        [
            "5570d71e63f5d28449be40ac390705d540cb9709",
            "931a9fd2ae2f7088be2ca6958e9073abd1ffe053"
        ],
        [
            "5570d71e63f5d28449be40ac390705d540cb9709",
            "22da87ead19087e09f16ba3bf423aac052af838c"
        ],
        [
            "5570d71e63f5d28449be40ac390705d540cb9709",
            "ca031e1ab43d8905f85a5c3c3fadbaac498b95bf"
        ]
    ]
}