{
    "testdir": "/benchmarks/2025-08-26-12-05-28--cpp_misra.top3.16/cpp/exercises/practice/clock",
    "testcase": "clock",
    "model": "gpt-4.1",
    "edit_format": "diff",
    "tests_outcomes": [
        false,
        false
    ],
    "cost": 0.069718,
    "duration": 49.280492067337036,
    "test_timeouts": 0,
    "commit_hash": "32faf82-dirty",
    "num_error_outputs": 0,
    "num_user_asks": 8,
    "num_exhausted_context_windows": 0,
    "num_malformed_responses": 0,
    "syntax_errors": 0,
    "indentation_errors": 0,
    "lazy_comments": 0,
    "reasoning_effort": null,
    "prompt_tokens": 47583,
    "completion_tokens": 1859,
    "thinking_tokens": null,
    "chat_hashes": [
        [
            "dd5eb8c6e1e03320d0933ca63c0164ae9d2a0152",
            "2ae304cc790d15c4dd8384b7648502e6e066703a"
        ],
        [
            "dd5eb8c6e1e03320d0933ca63c0164ae9d2a0152",
            "f0ddc11ac566618ff2250135acad295c882f7ca9"
        ],
        [
            "dd5eb8c6e1e03320d0933ca63c0164ae9d2a0152",
            "a3a53246bf1a98af62dfd3008e613d8d271eb2b4"
        ],
        [
            "dd5eb8c6e1e03320d0933ca63c0164ae9d2a0152",
            "79335f8d5b800090cb9f8836d968fae7bc835782"
        ],
        [
            "dd5eb8c6e1e03320d0933ca63c0164ae9d2a0152",
            "12eb2e5730410b57fbffc74b508e5c06ca4dd86e"
        ],
        [
            "dd5eb8c6e1e03320d0933ca63c0164ae9d2a0152",
            "a3a53246bf1a98af62dfd3008e613d8d271eb2b4"
        ],
        [
            "dd5eb8c6e1e03320d0933ca63c0164ae9d2a0152",
            "79335f8d5b800090cb9f8836d968fae7bc835782"
        ],
        [
            "dd5eb8c6e1e03320d0933ca63c0164ae9d2a0152",
            "a3a53246bf1a98af62dfd3008e613d8d271eb2b4"
        ]
    ]
}