{
    "testdir": "/benchmarks/2025-09-23-15-56-44--cpp_misra_gpt5.top5.10/cpp/exercises/practice/sublist",
    "testcase": "sublist",
    "model": "openai/gpt-5",
    "edit_format": "diff",
    "tests_outcomes": [
        false,
        true
    ],
    "cost": 0.30269575000000004,
    "duration": 741.7646882534027,
    "test_timeouts": 0,
    "commit_hash": "32faf82-dirty",
    "num_error_outputs": 0,
    "num_user_asks": 8,
    "num_exhausted_context_windows": 0,
    "num_malformed_responses": 0,
    "syntax_errors": 0,
    "indentation_errors": 0,
    "lazy_comments": 0,
    "reasoning_effort": null,
    "prompt_tokens": 104507,
    "completion_tokens": 23571,
    "thinking_tokens": null,
    "chat_hashes": [
        [
            "5a29f5974d4a87ced71fd7b4b1ae521a58381d25",
            "c27500930669b20ba85843afbb87b65d05b07b3c"
        ],
        [
            "5a29f5974d4a87ced71fd7b4b1ae521a58381d25",
            "c7b5aac04e610561a9c84e4080ddcdd960843730"
        ],
        [
            "5a29f5974d4a87ced71fd7b4b1ae521a58381d25",
            "87cc3e59a48095a66f93cf074a26cc3cdafbbea5"
        ],
        [
            "5a29f5974d4a87ced71fd7b4b1ae521a58381d25",
            "4ae2bc0b61ba561beec7d143f54d589d0b9bed09"
        ],
        [
            "5a29f5974d4a87ced71fd7b4b1ae521a58381d25",
            "b7ad7e36d933cb814598602b2d2d8b872eed51bd"
        ],
        [
            "5a29f5974d4a87ced71fd7b4b1ae521a58381d25",
            "f94a5d22ef19ed86930a3da9e2e4955107c1638f"
        ],
        [
            "5a29f5974d4a87ced71fd7b4b1ae521a58381d25",
            "7f40e869e9ebd95c400d3d1e0f8ee322c41e6b85"
        ],
        [
            "5a29f5974d4a87ced71fd7b4b1ae521a58381d25",
            "99e2f5b16ed8499916629e30ff46ec2947cf401b"
        ]
    ]
}