{
    "testdir": "/benchmarks/2025-08-31-23-25-32--cpp_misra_deepseek-chat.top5.9/cpp/exercises/practice/robot-name",
    "testcase": "robot-name",
    "model": "deepseek/deepseek-chat",
    "edit_format": "diff",
    "tests_outcomes": [
        false,
        false
    ],
    "cost": 0.01183056,
    "duration": 284.375470161438,
    "test_timeouts": 0,
    "commit_hash": "32faf82-dirty",
    "num_error_outputs": 1,
    "num_user_asks": 3,
    "num_exhausted_context_windows": 0,
    "num_malformed_responses": 1,
    "syntax_errors": 0,
    "indentation_errors": 0,
    "lazy_comments": 0,
    "reasoning_effort": null,
    "prompt_tokens": 43678,
    "completion_tokens": 5957,
    "thinking_tokens": null,
    "chat_hashes": [
        [
            "d229a439b83a277ab75364ece3dd8437f0cca388",
            "22ee146c369230cfffe5f02dae37d1ecfc766f7f"
        ],
        [
            "d229a439b83a277ab75364ece3dd8437f0cca388",
            "6565114d34d022b2dd1a2e6b983147adb448b79d"
        ],
        [
            "d229a439b83a277ab75364ece3dd8437f0cca388",
            "675773453b268fe3072b18de782757f10d86892e"
        ],
        [
            "d229a439b83a277ab75364ece3dd8437f0cca388",
            "e6d1f54f9c626fdb40b620dc052c0180fe50695d"
        ],
        [
            "d229a439b83a277ab75364ece3dd8437f0cca388",
            "be37c25c6849a76c2772f26a3f68244c32f94c3e"
        ],
        [
            "d229a439b83a277ab75364ece3dd8437f0cca388",
            "06d112defc5bec78409d5e9ed12f736e2fdefc7b"
        ]
    ]
}