{
    "testdir": "/benchmarks/2025-09-19-15-30-29--misracpp_baseline_gpt5.3/cpp/exercises/practice/complex-numbers",
    "testcase": "complex-numbers",
    "model": "openai/gpt-5",
    "edit_format": "diff",
    "tests_outcomes": [
        true
    ],
    "cost": 0.15228200000000003,
    "duration": 453.88096928596497,
    "test_timeouts": 0,
    "commit_hash": "32faf82-dirty",
    "num_error_outputs": 0,
    "num_user_asks": 4,
    "num_exhausted_context_windows": 0,
    "num_malformed_responses": 0,
    "syntax_errors": 0,
    "indentation_errors": 0,
    "lazy_comments": 0,
    "reasoning_effort": null,
    "prompt_tokens": 19304,
    "completion_tokens": 13636,
    "thinking_tokens": null,
    "chat_hashes": [
        [
            "5a29f5974d4a87ced71fd7b4b1ae521a58381d25",
            "43298919219708470cb41c97f97a499f88da4128"
        ],
        [
            "5a29f5974d4a87ced71fd7b4b1ae521a58381d25",
            "448803502e1cb50847d4c9379d67765178e571b0"
        ],
        [
            "5a29f5974d4a87ced71fd7b4b1ae521a58381d25",
            "3cb224d52c58b03388977d37b7843056437fec52"
        ],
        [
            "5a29f5974d4a87ced71fd7b4b1ae521a58381d25",
            "02bcc418ecbbd84053c2e22308f22431fe8bc454"
        ]
    ]
}