{
    "testdir": "/benchmarks/2025-08-26-11-29-12--cpp_misra.top3.8/cpp/exercises/practice/kindergarten-garden",
    "testcase": "kindergarten-garden",
    "model": "gpt-4.1",
    "edit_format": "diff",
    "tests_outcomes": [
        false,
        false
    ],
    "cost": 0.157214,
    "duration": 146.0351550579071,
    "test_timeouts": 0,
    "commit_hash": "32faf82-dirty",
    "num_error_outputs": 0,
    "num_user_asks": 8,
    "num_exhausted_context_windows": 0,
    "num_malformed_responses": 0,
    "syntax_errors": 0,
    "indentation_errors": 0,
    "lazy_comments": 0,
    "reasoning_effort": null,
    "prompt_tokens": 117827,
    "completion_tokens": 2627,
    "thinking_tokens": null,
    "chat_hashes": [
        [
            "dd5eb8c6e1e03320d0933ca63c0164ae9d2a0152",
            "b0f643317bea224d983a17fefc969e27655dafc0"
        ],
        [
            "dd5eb8c6e1e03320d0933ca63c0164ae9d2a0152",
            "9f464bc70d822752bd2c67023e912f6212998157"
        ],
        [
            "dd5eb8c6e1e03320d0933ca63c0164ae9d2a0152",
            "8cafcab20d4178258bc7e2ea74cae4ecfcc482c7"
        ],
        [
            "dd5eb8c6e1e03320d0933ca63c0164ae9d2a0152",
            "99a3fa6789a1b81cfddb9236a52d0954e9c345de"
        ],
        [
            "dd5eb8c6e1e03320d0933ca63c0164ae9d2a0152",
            "e38f986e6d27469d64578b8e02a4a6d2312ab357"
        ],
        [
            "dd5eb8c6e1e03320d0933ca63c0164ae9d2a0152",
            "6746728e94152349bc55386722990567e179f830"
        ],
        [
            "dd5eb8c6e1e03320d0933ca63c0164ae9d2a0152",
            "59efb8549bb315346d3114e1e9ad1cb727caa1f7"
        ],
        [
            "dd5eb8c6e1e03320d0933ca63c0164ae9d2a0152",
            "6746728e94152349bc55386722990567e179f830"
        ]
    ]
}