{
    "testdir": "/benchmarks/2025-09-23-14-57-47--cpp_misra_gpt5.top5.7/cpp/exercises/practice/robot-name",
    "testcase": "robot-name",
    "model": "openai/gpt-5",
    "edit_format": "diff",
    "tests_outcomes": [
        false,
        false
    ],
    "cost": 0.23477075,
    "duration": 514.637279510498,
    "test_timeouts": 0,
    "commit_hash": "32faf82-dirty",
    "num_error_outputs": 1,
    "num_user_asks": 5,
    "num_exhausted_context_windows": 0,
    "num_malformed_responses": 1,
    "syntax_errors": 0,
    "indentation_errors": 0,
    "lazy_comments": 0,
    "reasoning_effort": null,
    "prompt_tokens": 45263,
    "completion_tokens": 20656,
    "thinking_tokens": null,
    "chat_hashes": [
        [
            "5a29f5974d4a87ced71fd7b4b1ae521a58381d25",
            "35d356c9e3183fed9e1c637076424e4b392a7472"
        ],
        [
            "5a29f5974d4a87ced71fd7b4b1ae521a58381d25",
            "16b87473cb7bbc93a120b83ac0c89ee18b11ebe3"
        ],
        [
            "5a29f5974d4a87ced71fd7b4b1ae521a58381d25",
            "927e4ac709182de9c6a4e6e6c0bbefe554708a57"
        ],
        [
            "5a29f5974d4a87ced71fd7b4b1ae521a58381d25",
            "67e4d3180ce6176b0282c39f6124af94417b7520"
        ],
        [
            "5a29f5974d4a87ced71fd7b4b1ae521a58381d25",
            "1c93b65ecee1427fda28a3b9937bcdc5469d4519"
        ],
        [
            "5a29f5974d4a87ced71fd7b4b1ae521a58381d25",
            "1481435bf0643f4e11c44457ef6bfa20971d58bd"
        ],
        [
            "5a29f5974d4a87ced71fd7b4b1ae521a58381d25",
            "ef80e3c3f523df598967057b2052df881985f4b3"
        ]
    ]
}