{
    "testdir": "/benchmarks/2025-08-22-11-49-53--misracpp_baseline_deepseek-chat.17/cpp/exercises/practice/diamond",
    "testcase": "diamond",
    "model": "deepseek/deepseek-chat",
    "edit_format": "diff",
    "tests_outcomes": [
        true
    ],
    "cost": 0.00415773,
    "duration": 143.25247168540955,
    "test_timeouts": 0,
    "commit_hash": "32faf82-dirty",
    "num_error_outputs": 0,
    "num_user_asks": 2,
    "num_exhausted_context_windows": 0,
    "num_malformed_responses": 0,
    "syntax_errors": 0,
    "indentation_errors": 0,
    "lazy_comments": 0,
    "reasoning_effort": null,
    "prompt_tokens": 10199,
    "completion_tokens": 2696,
    "thinking_tokens": null,
    "chat_hashes": [
        [
            "d229a439b83a277ab75364ece3dd8437f0cca388",
            "2d52305a36dff6eee9ef247a322a660bf55275fb"
        ],
        [
            "d229a439b83a277ab75364ece3dd8437f0cca388",
            "77a163e47d461b0ea5abdf424d90e066cf8669bc"
        ],
        [
            "d229a439b83a277ab75364ece3dd8437f0cca388",
            "d6a36002156381c816fea58182647aa72d38b269"
        ]
    ]
}