{
    "testdir": "/benchmarks/2025-09-23-14-08-04--cpp_misra_gpt5.top5.5/cpp/exercises/practice/binary-search-tree",
    "testcase": "binary-search-tree",
    "model": "openai/gpt-5",
    "edit_format": "diff",
    "tests_outcomes": [
        false,
        false
    ],
    "cost": 0.303192,
    "duration": 769.3652102947235,
    "test_timeouts": 0,
    "commit_hash": "32faf82-dirty",
    "num_error_outputs": 0,
    "num_user_asks": 6,
    "num_exhausted_context_windows": 0,
    "num_malformed_responses": 0,
    "syntax_errors": 0,
    "indentation_errors": 0,
    "lazy_comments": 0,
    "reasoning_effort": null,
    "prompt_tokens": 88208,
    "completion_tokens": 24290,
    "thinking_tokens": null,
    "chat_hashes": [
        [
            "5a29f5974d4a87ced71fd7b4b1ae521a58381d25",
            "33c87c0aed95af875103e41a86f4fa2a9f1c3893"
        ],
        [
            "5a29f5974d4a87ced71fd7b4b1ae521a58381d25",
            "04962fe94fd9de48c83ff3fcec82547d1aa11850"
        ],
        [
            "5a29f5974d4a87ced71fd7b4b1ae521a58381d25",
            "c5d27a662d471b1be697cb4776309093298e09bb"
        ],
        [
            "5a29f5974d4a87ced71fd7b4b1ae521a58381d25",
            "3f3a1af745017251073c312bf0f8c7268f34b83a"
        ],
        [
            "5a29f5974d4a87ced71fd7b4b1ae521a58381d25",
            "6212865221e72f66a833b98b115d6551195c5284"
        ],
        [
            "5a29f5974d4a87ced71fd7b4b1ae521a58381d25",
            "0955906b5dcdc8e1839046a6e11b7604f7414eb3"
        ],
        [
            "5a29f5974d4a87ced71fd7b4b1ae521a58381d25",
            "04b678f16bf27ad746ec9c1bcdc895a83386cfc0"
        ]
    ]
}