{
    "testdir": "/benchmarks/2025-08-31-18-33-43--cpp_misra_o3.top5.5/cpp/exercises/practice/yacht",
    "testcase": "yacht",
    "model": "o3",
    "edit_format": "diff",
    "tests_outcomes": [
        false,
        false
    ],
    "cost": 0.339396,
    "duration": 259.9817895889282,
    "test_timeouts": 0,
    "commit_hash": "32faf82-dirty",
    "num_error_outputs": 0,
    "num_user_asks": 4,
    "num_exhausted_context_windows": 0,
    "num_malformed_responses": 0,
    "syntax_errors": 0,
    "indentation_errors": 0,
    "lazy_comments": 0,
    "reasoning_effort": null,
    "prompt_tokens": 143386,
    "completion_tokens": 16874,
    "thinking_tokens": null,
    "chat_hashes": [
        [
            "5570d71e63f5d28449be40ac390705d540cb9709",
            "323de98b2bf4cac4a5e5544a142c7fa61fe5acbf"
        ],
        [
            "5570d71e63f5d28449be40ac390705d540cb9709",
            "7c9e01107d1da02e67022d14a991c9ca0ee6a899"
        ],
        [
            "5570d71e63f5d28449be40ac390705d540cb9709",
            "779bc163354da1d1c37eef5a0f41461678a7dd06"
        ],
        [
            "5570d71e63f5d28449be40ac390705d540cb9709",
            "e45e23e6cca4ebcc9ddb19df5208fa0517e861fc"
        ],
        [
            "5570d71e63f5d28449be40ac390705d540cb9709",
            "e8b75f190dde95891f74978f01594fdc40606a23"
        ],
        [
            "5570d71e63f5d28449be40ac390705d540cb9709",
            "61b4fa90280a46f3411cd0011946ec7c381715f0"
        ]
    ]
}