{
    "testdir": "/benchmarks/2025-08-21-09-48-51--misracpp_baseline.8/cpp/exercises/practice/crypto-square",
    "testcase": "crypto-square",
    "model": "gpt-4.1",
    "edit_format": "diff",
    "tests_outcomes": [
        false,
        true
    ],
    "cost": 0.064312,
    "duration": 46.64815306663513,
    "test_timeouts": 0,
    "commit_hash": "32faf82-dirty",
    "num_error_outputs": 0,
    "num_user_asks": 8,
    "num_exhausted_context_windows": 0,
    "num_malformed_responses": 0,
    "syntax_errors": 0,
    "indentation_errors": 0,
    "lazy_comments": 0,
    "reasoning_effort": null,
    "prompt_tokens": 43516,
    "completion_tokens": 2008,
    "thinking_tokens": null,
    "chat_hashes": [
        [
            "dd5eb8c6e1e03320d0933ca63c0164ae9d2a0152",
            "71c5a4bc85d58c5d0942b2ca9be05541dcce5232"
        ],
        [
            "dd5eb8c6e1e03320d0933ca63c0164ae9d2a0152",
            "d2946d47aa9f812d576090454d9d23a4a7ebc31d"
        ],
        [
            "dd5eb8c6e1e03320d0933ca63c0164ae9d2a0152",
            "2fba12fad92aff3948475850644bdd02156b20a4"
        ],
        [
            "dd5eb8c6e1e03320d0933ca63c0164ae9d2a0152",
            "c2ca49efe68d9e803a30faa23713bf749f74fdbe"
        ],
        [
            "dd5eb8c6e1e03320d0933ca63c0164ae9d2a0152",
            "5f3b3aadbbccd259130a6c98776fae6d7b7ebd6a"
        ],
        [
            "dd5eb8c6e1e03320d0933ca63c0164ae9d2a0152",
            "93292e37199e919c630500e28b38f1ef6b8f6cf9"
        ],
        [
            "dd5eb8c6e1e03320d0933ca63c0164ae9d2a0152",
            "9047bc964c9aba65719eb4b51f19d8f31757beac"
        ],
        [
            "dd5eb8c6e1e03320d0933ca63c0164ae9d2a0152",
            "ec13ac20d02c3f36ba92131da7b09e19d1abc56c"
        ]
    ]
}