{
    "testdir": "/benchmarks/2025-09-19-16-45-27--misracpp_baseline_gpt5.8/cpp/exercises/practice/parallel-letter-frequency",
    "testcase": "parallel-letter-frequency",
    "model": "openai/gpt-5",
    "edit_format": "diff",
    "tests_outcomes": [
        false,
        true
    ],
    "cost": 0.21885600000000002,
    "duration": 599.3081865310669,
    "test_timeouts": 0,
    "commit_hash": "32faf82-dirty",
    "num_error_outputs": 0,
    "num_user_asks": 5,
    "num_exhausted_context_windows": 0,
    "num_malformed_responses": 0,
    "syntax_errors": 0,
    "indentation_errors": 0,
    "lazy_comments": 0,
    "reasoning_effort": null,
    "prompt_tokens": 48520,
    "completion_tokens": 18859,
    "thinking_tokens": null,
    "chat_hashes": [
        [
            "5a29f5974d4a87ced71fd7b4b1ae521a58381d25",
            "ece4f9935debbfe7ae1f43c360073aae82769552"
        ],
        [
            "5a29f5974d4a87ced71fd7b4b1ae521a58381d25",
            "f150e18c51b4ce0a5ae3eb8c0427ea2df025c026"
        ],
        [
            "5a29f5974d4a87ced71fd7b4b1ae521a58381d25",
            "a5945f46c95442c5d129648c51f0af2cac8f7827"
        ],
        [
            "5a29f5974d4a87ced71fd7b4b1ae521a58381d25",
            "c59f0bd35190785e48ab3a2470d5c179baf1cdc9"
        ],
        [
            "5a29f5974d4a87ced71fd7b4b1ae521a58381d25",
            "6cd7bbf6cc7edbce892020b07548db24ad4509f2"
        ],
        [
            "5a29f5974d4a87ced71fd7b4b1ae521a58381d25",
            "23182ae5d9defa1ff7ae8fbb06a9152e9970946d"
        ]
    ]
}