{
    "testdir": "/benchmarks/2025-09-23-15-17-24--cpp_misra_gpt5.top5.8/cpp/exercises/practice/robot-name",
    "testcase": "robot-name",
    "model": "openai/gpt-5",
    "edit_format": "diff",
    "tests_outcomes": [
        true
    ],
    "cost": 0.11198975000000001,
    "duration": 172.30218291282654,
    "test_timeouts": 0,
    "commit_hash": "32faf82-dirty",
    "num_error_outputs": 1,
    "num_user_asks": 3,
    "num_exhausted_context_windows": 0,
    "num_malformed_responses": 1,
    "syntax_errors": 0,
    "indentation_errors": 0,
    "lazy_comments": 0,
    "reasoning_effort": null,
    "prompt_tokens": 19547,
    "completion_tokens": 9994,
    "thinking_tokens": null,
    "chat_hashes": [
        [
            "5a29f5974d4a87ced71fd7b4b1ae521a58381d25",
            "61d0ffe84a7865179effe5793a3352feb3f45e06"
        ],
        [
            "5a29f5974d4a87ced71fd7b4b1ae521a58381d25",
            "c6360f77f5ce4e8b719859ece7e8b4a2cac8a625"
        ],
        [
            "5a29f5974d4a87ced71fd7b4b1ae521a58381d25",
            "ade37fe028e4c953effc934e9bcebbb2ba12b659"
        ],
        [
            "5a29f5974d4a87ced71fd7b4b1ae521a58381d25",
            "fe1d9ec035ad305f079058f31afd366139610bee"
        ]
    ]
}