{
    "testdir": "/benchmarks/2025-09-13-12-35-39--cpp_misra_opus-41.top5.1/cpp/exercises/practice/sublist",
    "testcase": "sublist",
    "model": "anthropic/claude-opus-4-1-20250805",
    "edit_format": "whole",
    "tests_outcomes": [
        false,
        true
    ],
    "cost": 2.8641750000000004,
    "duration": 481.79404497146606,
    "test_timeouts": 0,
    "commit_hash": "32faf82-dirty",
    "num_error_outputs": 5,
    "num_user_asks": 8,
    "num_exhausted_context_windows": 0,
    "num_malformed_responses": 0,
    "syntax_errors": 0,
    "indentation_errors": 0,
    "lazy_comments": 0,
    "reasoning_effort": null,
    "prompt_tokens": 155380,
    "completion_tokens": 7113,
    "thinking_tokens": null,
    "chat_hashes": [
        [
            "a621abd757c98a95fb7d210c3c769a89aa0659cc",
            "1b58d1f08b8295d7b2c9cb4c53755bc87700ce23"
        ],
        [
            "a621abd757c98a95fb7d210c3c769a89aa0659cc",
            "b16932cd0bea5e750df85bde57d035c80875e3f8"
        ],
        [
            "a621abd757c98a95fb7d210c3c769a89aa0659cc",
            "94bb678ddf773a78d0220335d5b0006bf632938d"
        ],
        [
            "a621abd757c98a95fb7d210c3c769a89aa0659cc",
            "261ac999ff080080c011d05c3198e656f8816a98"
        ],
        [
            "a621abd757c98a95fb7d210c3c769a89aa0659cc",
            "c23909c55c7462233a681ee4201376aea45de889"
        ],
        [
            "a621abd757c98a95fb7d210c3c769a89aa0659cc",
            "3fada5469b90b78a16aa5bfb6e5c1b6c52108c30"
        ],
        [
            "a621abd757c98a95fb7d210c3c769a89aa0659cc",
            "8a773e1a09595728ecdcc85d7282147ef0f95319"
        ],
        [
            "a621abd757c98a95fb7d210c3c769a89aa0659cc",
            "65f0fc2632832f06a2a5a0059d4284282bb76cf2"
        ]
    ]
}