{
    "testdir": "/benchmarks/2025-08-26-11-19-16--cpp_misra.top3.6/cpp/exercises/practice/queen-attack",
    "testcase": "queen-attack",
    "model": "gpt-4.1",
    "edit_format": "diff",
    "tests_outcomes": [
        false,
        false
    ],
    "cost": 0.314346,
    "duration": 113.69568920135498,
    "test_timeouts": 0,
    "commit_hash": "32faf82-dirty",
    "num_error_outputs": 0,
    "num_user_asks": 8,
    "num_exhausted_context_windows": 0,
    "num_malformed_responses": 0,
    "syntax_errors": 0,
    "indentation_errors": 0,
    "lazy_comments": 0,
    "reasoning_effort": null,
    "prompt_tokens": 241457,
    "completion_tokens": 2377,
    "thinking_tokens": null,
    "chat_hashes": [
        [
            "dd5eb8c6e1e03320d0933ca63c0164ae9d2a0152",
            "ee25cbba74b28eaf1cbc0384857144200ad292b5"
        ],
        [
            "dd5eb8c6e1e03320d0933ca63c0164ae9d2a0152",
            "a755c5c743c1f196e3a29d13be957e7d03d2b137"
        ],
        [
            "dd5eb8c6e1e03320d0933ca63c0164ae9d2a0152",
            "e461119a3032d3441cb0f7155bcd0c1efe93db17"
        ],
        [
            "dd5eb8c6e1e03320d0933ca63c0164ae9d2a0152",
            "a755c5c743c1f196e3a29d13be957e7d03d2b137"
        ],
        [
            "dd5eb8c6e1e03320d0933ca63c0164ae9d2a0152",
            "cb5de7b382596d31da92ff3831fa712f39f48a17"
        ],
        [
            "dd5eb8c6e1e03320d0933ca63c0164ae9d2a0152",
            "0859365aeaa524804ba77b8c6c540bde678a6ad4"
        ],
        [
            "dd5eb8c6e1e03320d0933ca63c0164ae9d2a0152",
            "d7d4149ae91f70e28a9b32bedf891651ecc271ba"
        ],
        [
            "dd5eb8c6e1e03320d0933ca63c0164ae9d2a0152",
            "0859365aeaa524804ba77b8c6c540bde678a6ad4"
        ]
    ]
}