{
    "testdir": "/benchmarks/2025-09-01-22-37-11--cpp_misra_o3.top10.15/cpp/exercises/practice/clock",
    "testcase": "clock",
    "model": "o3",
    "edit_format": "diff",
    "tests_outcomes": [
        true
    ],
    "cost": 0.09094799999999999,
    "duration": 153.9614133834839,
    "test_timeouts": 0,
    "commit_hash": "32faf82-dirty",
    "num_error_outputs": 0,
    "num_user_asks": 2,
    "num_exhausted_context_windows": 0,
    "num_malformed_responses": 0,
    "syntax_errors": 0,
    "indentation_errors": 0,
    "lazy_comments": 0,
    "reasoning_effort": null,
    "prompt_tokens": 15686,
    "completion_tokens": 8623,
    "thinking_tokens": null,
    "chat_hashes": [
        [
            "5570d71e63f5d28449be40ac390705d540cb9709",
            "db314ef13b8f76fd25b9db5f4c095e9759a8896a"
        ],
        [
            "5570d71e63f5d28449be40ac390705d540cb9709",
            "78c015922fb39c5d3ad21dbe65d81593a65f8969"
        ],
        [
            "5570d71e63f5d28449be40ac390705d540cb9709",
            "7c81f264d47fe66b75c3bd1f85c38d82dc9fe966"
        ]
    ]
}