{
    "testdir": "/benchmarks/2025-08-26-11-09-41--cpp_misra.top3.4/cpp/exercises/practice/robot-name",
    "testcase": "robot-name",
    "model": "gpt-4.1",
    "edit_format": "diff",
    "tests_outcomes": [
        false,
        false
    ],
    "cost": 0.09262999999999999,
    "duration": 171.64045405387878,
    "test_timeouts": 0,
    "commit_hash": "32faf82-dirty",
    "num_error_outputs": 0,
    "num_user_asks": 8,
    "num_exhausted_context_windows": 0,
    "num_malformed_responses": 0,
    "syntax_errors": 0,
    "indentation_errors": 0,
    "lazy_comments": 0,
    "reasoning_effort": null,
    "prompt_tokens": 54911,
    "completion_tokens": 3587,
    "thinking_tokens": null,
    "chat_hashes": [
        [
            "dd5eb8c6e1e03320d0933ca63c0164ae9d2a0152",
            "8aa41e9c936309f34abe8edddcf061316c5c6cca"
        ],
        [
            "dd5eb8c6e1e03320d0933ca63c0164ae9d2a0152",
            "b3eae88cfa09735921cdd9f3697d988b24de4846"
        ],
        [
            "dd5eb8c6e1e03320d0933ca63c0164ae9d2a0152",
            "17441e2a53ced6513e71e9be4fc685aa03236fd7"
        ],
        [
            "dd5eb8c6e1e03320d0933ca63c0164ae9d2a0152",
            "a1bf099d0402aa80cc3839086e342192c52c2a0b"
        ],
        [
            "dd5eb8c6e1e03320d0933ca63c0164ae9d2a0152",
            "01d41f98978c74cb5fe34784a400f2560bb81bd3"
        ],
        [
            "dd5eb8c6e1e03320d0933ca63c0164ae9d2a0152",
            "a07dafc57c3c60606679ea987cf8cd077f3e8f10"
        ],
        [
            "dd5eb8c6e1e03320d0933ca63c0164ae9d2a0152",
            "83af76c1ba7a9b5240bc5cc9049e24400045d173"
        ],
        [
            "dd5eb8c6e1e03320d0933ca63c0164ae9d2a0152",
            "0e09528f720cf64f444ea00474588a95d4002380"
        ]
    ]
}