{
    "testdir": "/benchmarks/2025-09-19-19-19-06--misracpp_baseline_gpt5.18/cpp/exercises/practice/diamond",
    "testcase": "diamond",
    "model": "openai/gpt-5",
    "edit_format": "diff",
    "tests_outcomes": [
        true
    ],
    "cost": 0.10419750000000001,
    "duration": 134.45610523223877,
    "test_timeouts": 0,
    "commit_hash": "32faf82-dirty",
    "num_error_outputs": 0,
    "num_user_asks": 4,
    "num_exhausted_context_windows": 0,
    "num_malformed_responses": 0,
    "syntax_errors": 0,
    "indentation_errors": 0,
    "lazy_comments": 0,
    "reasoning_effort": null,
    "prompt_tokens": 12758,
    "completion_tokens": 9329,
    "thinking_tokens": null,
    "chat_hashes": [
        [
            "5a29f5974d4a87ced71fd7b4b1ae521a58381d25",
            "7f06360c6f07a394e8a578195e9bba4ef3bfc9c2"
        ],
        [
            "5a29f5974d4a87ced71fd7b4b1ae521a58381d25",
            "ca0f4f8f10fd3427ecd10a69e3263de8a4cd17cf"
        ],
        [
            "5a29f5974d4a87ced71fd7b4b1ae521a58381d25",
            "1ea13cdb22ca71849d5229225c47cce8ee136939"
        ],
        [
            "5a29f5974d4a87ced71fd7b4b1ae521a58381d25",
            "c59e41160efbf0030ab153f7a0881d6159b3b443"
        ]
    ]
}