{
    "testdir": "/benchmarks/2025-09-01-22-37-11--cpp_misra_o3.top10.15/cpp/exercises/practice/all-your-base",
    "testcase": "all-your-base",
    "model": "o3",
    "edit_format": "diff",
    "tests_outcomes": [
        false,
        true
    ],
    "cost": 0.086704,
    "duration": 142.08252501487732,
    "test_timeouts": 0,
    "commit_hash": "32faf82-dirty",
    "num_error_outputs": 0,
    "num_user_asks": 1,
    "num_exhausted_context_windows": 0,
    "num_malformed_responses": 0,
    "syntax_errors": 0,
    "indentation_errors": 0,
    "lazy_comments": 0,
    "reasoning_effort": null,
    "prompt_tokens": 17260,
    "completion_tokens": 8275,
    "thinking_tokens": null,
    "chat_hashes": [
        [
            "5570d71e63f5d28449be40ac390705d540cb9709",
            "739b5198c3b3dc364e8ab1e3b1e268306e8fc35c"
        ],
        [
            "5570d71e63f5d28449be40ac390705d540cb9709",
            "bbe1b2de3dc43fdc1429f444bb28b358a70007dd"
        ],
        [
            "5570d71e63f5d28449be40ac390705d540cb9709",
            "f31c677fb0599cba5f620aadad34bb0f2b6c8615"
        ]
    ]
}