{
    "testdir": "/benchmarks/2025-09-19-17-07-49--misracpp_baseline_gpt5.9/cpp/exercises/practice/space-age",
    "testcase": "space-age",
    "model": "openai/gpt-5",
    "edit_format": "diff",
    "tests_outcomes": [
        true
    ],
    "cost": 0.054082000000000005,
    "duration": 59.29280614852905,
    "test_timeouts": 0,
    "commit_hash": "32faf82-dirty",
    "num_error_outputs": 1,
    "num_user_asks": 1,
    "num_exhausted_context_windows": 0,
    "num_malformed_responses": 1,
    "syntax_errors": 0,
    "indentation_errors": 0,
    "lazy_comments": 0,
    "reasoning_effort": null,
    "prompt_tokens": 10568,
    "completion_tokens": 4620,
    "thinking_tokens": null,
    "chat_hashes": [
        [
            "5a29f5974d4a87ced71fd7b4b1ae521a58381d25",
            "ae512b53a2d033672261d5cc7e02dc3ecf8d5419"
        ],
        [
            "5a29f5974d4a87ced71fd7b4b1ae521a58381d25",
            "98cc708ae0298d1567f7b06152def13a2d96c69d"
        ],
        [
            "5a29f5974d4a87ced71fd7b4b1ae521a58381d25",
            "ea363116dbc7d0a3933821243b0e09d940106fc2"
        ]
    ]
}