{
    "testdir": "/benchmarks/2025-08-21-13-31-26--misracpp_baseline.16/cpp/exercises/practice/meetup",
    "testcase": "meetup",
    "model": "gpt-4.1",
    "edit_format": "diff",
    "tests_outcomes": [
        false,
        true
    ],
    "cost": 0.224436,
    "duration": 194.83341193199158,
    "test_timeouts": 0,
    "commit_hash": "32faf82-dirty",
    "num_error_outputs": 0,
    "num_user_asks": 8,
    "num_exhausted_context_windows": 0,
    "num_malformed_responses": 0,
    "syntax_errors": 0,
    "indentation_errors": 0,
    "lazy_comments": 0,
    "reasoning_effort": null,
    "prompt_tokens": 143226,
    "completion_tokens": 6000,
    "thinking_tokens": null,
    "chat_hashes": [
        [
            "dd5eb8c6e1e03320d0933ca63c0164ae9d2a0152",
            "f80a8c1f67807cc398065d939a18a97917596a70"
        ],
        [
            "dd5eb8c6e1e03320d0933ca63c0164ae9d2a0152",
            "21b7bbc9656b5c96efce5db679f18a735fdad4a0"
        ],
        [
            "dd5eb8c6e1e03320d0933ca63c0164ae9d2a0152",
            "9db74c3bb48026bd755c6abf2f1e35d8773edc42"
        ],
        [
            "dd5eb8c6e1e03320d0933ca63c0164ae9d2a0152",
            "8d0afc86ec5ee8821a51f22c22abb1f6b4d1f8f0"
        ],
        [
            "dd5eb8c6e1e03320d0933ca63c0164ae9d2a0152",
            "21ae3bb8ba239916fa5aa992853722291f5967fa"
        ],
        [
            "dd5eb8c6e1e03320d0933ca63c0164ae9d2a0152",
            "c47fc1707d28408239c86351641adcc638431e2c"
        ],
        [
            "dd5eb8c6e1e03320d0933ca63c0164ae9d2a0152",
            "601af24abf7f25fd16972378cd4307548736ac6a"
        ],
        [
            "dd5eb8c6e1e03320d0933ca63c0164ae9d2a0152",
            "601af24abf7f25fd16972378cd4307548736ac6a"
        ]
    ]
}