{
    "testdir": "/benchmarks/2025-08-26-14-19-31--cpp_misra_deepseek-chat.8/cpp/exercises/practice/diamond",
    "testcase": "diamond",
    "model": "deepseek/deepseek-chat",
    "edit_format": "diff",
    "tests_outcomes": [
        false,
        true
    ],
    "cost": 0.00968137,
    "duration": 317.8691990375519,
    "test_timeouts": 0,
    "commit_hash": "32faf82-dirty",
    "num_error_outputs": 0,
    "num_user_asks": 3,
    "num_exhausted_context_windows": 0,
    "num_malformed_responses": 0,
    "syntax_errors": 0,
    "indentation_errors": 0,
    "lazy_comments": 0,
    "reasoning_effort": null,
    "prompt_tokens": 31091,
    "completion_tokens": 5196,
    "thinking_tokens": null,
    "chat_hashes": [
        [
            "d229a439b83a277ab75364ece3dd8437f0cca388",
            "d190cf3e968b26fc9aa69c5230238224371f3fb2"
        ],
        [
            "d229a439b83a277ab75364ece3dd8437f0cca388",
            "5d8eddd45ec38f088681a87bd85b44d1db1afbb2"
        ],
        [
            "d229a439b83a277ab75364ece3dd8437f0cca388",
            "7d8b763e612952621e55568411f44d330144279b"
        ],
        [
            "d229a439b83a277ab75364ece3dd8437f0cca388",
            "938daa3aac521d2ef59d951a24821aa8e8063a7d"
        ],
        [
            "d229a439b83a277ab75364ece3dd8437f0cca388",
            "02f8f319f3239ddb3b9bc230c32cf833ab4e4ab6"
        ]
    ]
}