{
    "testdir": "/benchmarks/2025-08-27-14-39-38--misracpp_baseline_o3.12/cpp/exercises/practice/zebra-puzzle",
    "testcase": "zebra-puzzle",
    "model": "o3",
    "edit_format": "diff",
    "tests_outcomes": [
        false,
        false
    ],
    "cost": 0.13520800000000002,
    "duration": 222.669429063797,
    "test_timeouts": 0,
    "commit_hash": "32faf82-dirty",
    "num_error_outputs": 0,
    "num_user_asks": 4,
    "num_exhausted_context_windows": 0,
    "num_malformed_responses": 0,
    "syntax_errors": 0,
    "indentation_errors": 0,
    "lazy_comments": 0,
    "reasoning_effort": null,
    "prompt_tokens": 28548,
    "completion_tokens": 12188,
    "thinking_tokens": null,
    "chat_hashes": [
        [
            "5570d71e63f5d28449be40ac390705d540cb9709",
            "60c865e0c3cfce5b9c120310c530bc13c911c763"
        ],
        [
            "5570d71e63f5d28449be40ac390705d540cb9709",
            "7f9780605aa57949b03cb2349d37f586925620c3"
        ],
        [
            "5570d71e63f5d28449be40ac390705d540cb9709",
            "dcb9fa6b27184e7658ff37f58ae28b746ced5668"
        ],
        [
            "5570d71e63f5d28449be40ac390705d540cb9709",
            "3d77da668712480b58b4b8081b22afe920f7e63b"
        ],
        [
            "5570d71e63f5d28449be40ac390705d540cb9709",
            "ba8ccf31db919a8d46db287205183dfef601c728"
        ],
        [
            "5570d71e63f5d28449be40ac390705d540cb9709",
            "853b51ea740ad1e96ef9dbd740c12fd6df5f8d6a"
        ]
    ]
}