{
    "testdir": "/benchmarks/2025-09-23-18-10-09--cpp_misra_gpt5.top5.17/cpp/exercises/practice/parallel-letter-frequency",
    "testcase": "parallel-letter-frequency",
    "model": "openai/gpt-5",
    "edit_format": "diff",
    "tests_outcomes": [
        false,
        true
    ],
    "cost": 0.268946,
    "duration": 527.2296721935272,
    "test_timeouts": 0,
    "commit_hash": "32faf82-dirty",
    "num_error_outputs": 0,
    "num_user_asks": 8,
    "num_exhausted_context_windows": 0,
    "num_malformed_responses": 0,
    "syntax_errors": 0,
    "indentation_errors": 0,
    "lazy_comments": 0,
    "reasoning_effort": null,
    "prompt_tokens": 59408,
    "completion_tokens": 23443,
    "thinking_tokens": null,
    "chat_hashes": [
        [
            "5a29f5974d4a87ced71fd7b4b1ae521a58381d25",
            "9fbe4525cc1cfab2b7b81ab2188e19e0d9051f0a"
        ],
        [
            "5a29f5974d4a87ced71fd7b4b1ae521a58381d25",
            "4d8355bf7581258f7a5ac1af1b8bfcb0cd50e74a"
        ],
        [
            "5a29f5974d4a87ced71fd7b4b1ae521a58381d25",
            "41a8f808fd39c150614c4573515aba2174370efc"
        ],
        [
            "5a29f5974d4a87ced71fd7b4b1ae521a58381d25",
            "023e148f8cfedcdc8b220c10ffd018725db13b6f"
        ],
        [
            "5a29f5974d4a87ced71fd7b4b1ae521a58381d25",
            "5ac4238ee1e3634131ad84057e2e774bbe0cdaf0"
        ],
        [
            "5a29f5974d4a87ced71fd7b4b1ae521a58381d25",
            "41a8f808fd39c150614c4573515aba2174370efc"
        ],
        [
            "5a29f5974d4a87ced71fd7b4b1ae521a58381d25",
            "81ed1d8a867df8879f225a6ed9d196b3d8acc14e"
        ],
        [
            "5a29f5974d4a87ced71fd7b4b1ae521a58381d25",
            "41a8f808fd39c150614c4573515aba2174370efc"
        ]
    ]
}