{
    "testdir": "/benchmarks/2025-09-19-15-30-29--misracpp_baseline_gpt5.3/cpp/exercises/practice/all-your-base",
    "testcase": "all-your-base",
    "model": "openai/gpt-5",
    "edit_format": "diff",
    "tests_outcomes": [
        false,
        true
    ],
    "cost": 0.12513425,
    "duration": 296.6429953575134,
    "test_timeouts": 0,
    "commit_hash": "32faf82-dirty",
    "num_error_outputs": 1,
    "num_user_asks": 3,
    "num_exhausted_context_windows": 0,
    "num_malformed_responses": 1,
    "syntax_errors": 0,
    "indentation_errors": 0,
    "lazy_comments": 0,
    "reasoning_effort": null,
    "prompt_tokens": 20613,
    "completion_tokens": 11132,
    "thinking_tokens": null,
    "chat_hashes": [
        [
            "5a29f5974d4a87ced71fd7b4b1ae521a58381d25",
            "aadc92e4c8ccdccb08762dd485d15e4caf01391f"
        ],
        [
            "5a29f5974d4a87ced71fd7b4b1ae521a58381d25",
            "bef0d6d426323e24d4f75d9658f5af9c7e28ab86"
        ],
        [
            "5a29f5974d4a87ced71fd7b4b1ae521a58381d25",
            "1110169cd16a5778449f039144be0100cac9684c"
        ],
        [
            "5a29f5974d4a87ced71fd7b4b1ae521a58381d25",
            "8ffe901b75ce7a6abcb236796568f98f22363929"
        ],
        [
            "5a29f5974d4a87ced71fd7b4b1ae521a58381d25",
            "0048c69d98054c4a434e570d081f140748ff3aa8"
        ]
    ]
}