{
    "testdir": "/benchmarks/2025-08-31-20-04-10--cpp_misra_o3.top5.19/cpp/exercises/practice/circular-buffer",
    "testcase": "circular-buffer",
    "model": "o3",
    "edit_format": "diff",
    "tests_outcomes": [
        false,
        true
    ],
    "cost": 0.273108,
    "duration": 309.86519384384155,
    "test_timeouts": 0,
    "commit_hash": "32faf82-dirty",
    "num_error_outputs": 0,
    "num_user_asks": 8,
    "num_exhausted_context_windows": 0,
    "num_malformed_responses": 0,
    "syntax_errors": 0,
    "indentation_errors": 0,
    "lazy_comments": 0,
    "reasoning_effort": null,
    "prompt_tokens": 78906,
    "completion_tokens": 20772,
    "thinking_tokens": null,
    "chat_hashes": [
        [
            "5570d71e63f5d28449be40ac390705d540cb9709",
            "01b7d851ca2c088fb340e5a712278f712c7ba0b3"
        ],
        [
            "5570d71e63f5d28449be40ac390705d540cb9709",
            "32f4ae728368732d9d41c50e28fd468ab3ab53aa"
        ],
        [
            "5570d71e63f5d28449be40ac390705d540cb9709",
            "b82199540e98932b751620bfa5d0734d0d1f23f8"
        ],
        [
            "5570d71e63f5d28449be40ac390705d540cb9709",
            "9cb311ad4f91815583358649b655abf15db270a3"
        ],
        [
            "5570d71e63f5d28449be40ac390705d540cb9709",
            "cac57ea721772d75c67dbc297fea838a4f15d9c4"
        ],
        [
            "5570d71e63f5d28449be40ac390705d540cb9709",
            "8a068eb832f61506c2ce77fc9308ab99c2c243bc"
        ],
        [
            "5570d71e63f5d28449be40ac390705d540cb9709",
            "b28b38a0c504196a98a048daf817eff49b13eced"
        ],
        [
            "5570d71e63f5d28449be40ac390705d540cb9709",
            "c3194e63c641ce9d84c038b19d67eb5591593830"
        ]
    ]
}