{
    "testdir": "/benchmarks/2025-08-31-21-25-59--cpp_misra_deepseek-chat.top5.4/cpp/exercises/practice/diamond",
    "testcase": "diamond",
    "model": "deepseek/deepseek-chat",
    "edit_format": "diff",
    "tests_outcomes": [
        false,
        true
    ],
    "cost": 0.010862670000000001,
    "duration": 314.6268548965454,
    "test_timeouts": 0,
    "commit_hash": "32faf82-dirty",
    "num_error_outputs": 0,
    "num_user_asks": 3,
    "num_exhausted_context_windows": 0,
    "num_malformed_responses": 0,
    "syntax_errors": 0,
    "indentation_errors": 0,
    "lazy_comments": 0,
    "reasoning_effort": null,
    "prompt_tokens": 34551,
    "completion_tokens": 5921,
    "thinking_tokens": null,
    "chat_hashes": [
        [
            "d229a439b83a277ab75364ece3dd8437f0cca388",
            "3dee32e4b4b1952232324b9370dbb6937f916de7"
        ],
        [
            "d229a439b83a277ab75364ece3dd8437f0cca388",
            "1582b2f56ec9a4a84ca326b84fffe3553b03e8b4"
        ],
        [
            "d229a439b83a277ab75364ece3dd8437f0cca388",
            "38503a4734e74e39e2c349d320ae2de977fd5d71"
        ],
        [
            "d229a439b83a277ab75364ece3dd8437f0cca388",
            "af3f4d02f8e94c9b821e748d862bd62144bedf85"
        ],
        [
            "d229a439b83a277ab75364ece3dd8437f0cca388",
            "e0fce4cb42bcd0c23a6c38dae40706cc045ef908"
        ]
    ]
}