{
    "testdir": "/benchmarks/2025-08-22-08-20-05--misracpp_baseline_deepseek-chat.4/cpp/exercises/practice/clock",
    "testcase": "clock",
    "model": "deepseek/deepseek-chat",
    "edit_format": "diff",
    "tests_outcomes": [
        true
    ],
    "cost": 0.0044272800000000005,
    "duration": 160.6509473323822,
    "test_timeouts": 0,
    "commit_hash": "32faf82-dirty",
    "num_error_outputs": 0,
    "num_user_asks": 2,
    "num_exhausted_context_windows": 0,
    "num_malformed_responses": 0,
    "syntax_errors": 0,
    "indentation_errors": 0,
    "lazy_comments": 0,
    "reasoning_effort": null,
    "prompt_tokens": 10554,
    "completion_tokens": 2691,
    "thinking_tokens": null,
    "chat_hashes": [
        [
            "d229a439b83a277ab75364ece3dd8437f0cca388",
            "7ef1f139a56b9977e6ea7bc6760c8d2a481d7818"
        ],
        [
            "d229a439b83a277ab75364ece3dd8437f0cca388",
            "0bf29be7013c61e33b7174919e70d1c9645b8b07"
        ],
        [
            "d229a439b83a277ab75364ece3dd8437f0cca388",
            "ad93f8dc78f4856dc0b02285410c243b2a465d64"
        ]
    ]
}