{
    "testdir": "/benchmarks/2025-09-23-16-34-39--cpp_misra_gpt5.top5.12/cpp/exercises/practice/clock",
    "testcase": "clock",
    "model": "openai/gpt-5",
    "edit_format": "diff",
    "tests_outcomes": [
        false,
        true
    ],
    "cost": 0.26288550000000005,
    "duration": 392.1115896701813,
    "test_timeouts": 0,
    "commit_hash": "32faf82-dirty",
    "num_error_outputs": 1,
    "num_user_asks": 4,
    "num_exhausted_context_windows": 0,
    "num_malformed_responses": 1,
    "syntax_errors": 0,
    "indentation_errors": 0,
    "lazy_comments": 0,
    "reasoning_effort": null,
    "prompt_tokens": 77006,
    "completion_tokens": 18578,
    "thinking_tokens": null,
    "chat_hashes": [
        [
            "5a29f5974d4a87ced71fd7b4b1ae521a58381d25",
            "417ff5e6b322386267cdc2ab40617f792a9398d1"
        ],
        [
            "5a29f5974d4a87ced71fd7b4b1ae521a58381d25",
            "6e6de464386e7047b29490c54a9a56e94648ffbb"
        ],
        [
            "5a29f5974d4a87ced71fd7b4b1ae521a58381d25",
            "50132e48a0c551691fb0a5b61b5e5f267d1ee275"
        ],
        [
            "5a29f5974d4a87ced71fd7b4b1ae521a58381d25",
            "cfd3f4e089f0a7b295265ada771b44c005249a27"
        ],
        [
            "5a29f5974d4a87ced71fd7b4b1ae521a58381d25",
            "d8a1594a1a1d154398b7801d251931d1b1b9e8b4"
        ],
        [
            "5a29f5974d4a87ced71fd7b4b1ae521a58381d25",
            "25625965641e6ed55eeefba19299a19701562c49"
        ]
    ]
}