{
    "testdir": "/benchmarks/2025-09-23-17-24-50--cpp_misra_gpt5.top5.15/cpp/exercises/practice/diamond",
    "testcase": "diamond",
    "model": "openai/gpt-5",
    "edit_format": "diff",
    "tests_outcomes": [
        false,
        true
    ],
    "cost": 0.31480325000000003,
    "duration": 621.5251932144165,
    "test_timeouts": 0,
    "commit_hash": "32faf82-dirty",
    "num_error_outputs": 0,
    "num_user_asks": 8,
    "num_exhausted_context_windows": 0,
    "num_malformed_responses": 0,
    "syntax_errors": 0,
    "indentation_errors": 0,
    "lazy_comments": 0,
    "reasoning_effort": null,
    "prompt_tokens": 44793,
    "completion_tokens": 28574,
    "thinking_tokens": null,
    "chat_hashes": [
        [
            "5a29f5974d4a87ced71fd7b4b1ae521a58381d25",
            "903f4995dc6306b5ec9d9cd5d84dd0eb85587733"
        ],
        [
            "5a29f5974d4a87ced71fd7b4b1ae521a58381d25",
            "1c1faf7254c19d7b4e39a55dca271a18670a026a"
        ],
        [
            "5a29f5974d4a87ced71fd7b4b1ae521a58381d25",
            "a58447242582da61facec94c8504fcda40013b69"
        ],
        [
            "5a29f5974d4a87ced71fd7b4b1ae521a58381d25",
            "d85c2c97d1dacb88c488227394ffc6d1d4300476"
        ],
        [
            "5a29f5974d4a87ced71fd7b4b1ae521a58381d25",
            "603a574dd2ec31e22bcbd3f7a97cd61722734398"
        ],
        [
            "5a29f5974d4a87ced71fd7b4b1ae521a58381d25",
            "868e05c83db628646c0c9e1b69dece8f017f25a8"
        ],
        [
            "5a29f5974d4a87ced71fd7b4b1ae521a58381d25",
            "c6dcc2f12fc26f2b5c94955b248ae96445f91b73"
        ],
        [
            "5a29f5974d4a87ced71fd7b4b1ae521a58381d25",
            "857bdfbc324aeded498c3c3fe4293a4efb6bd36b"
        ]
    ]
}