{
    "testdir": "/benchmarks/2025-08-27-14-26-38--misracpp_baseline_o3.11/cpp/exercises/practice/sublist",
    "testcase": "sublist",
    "model": "o3",
    "edit_format": "diff",
    "tests_outcomes": [
        false,
        false
    ],
    "cost": 0.26777199999999995,
    "duration": 374.46256828308105,
    "test_timeouts": 0,
    "commit_hash": "32faf82-dirty",
    "num_error_outputs": 0,
    "num_user_asks": 8,
    "num_exhausted_context_windows": 0,
    "num_malformed_responses": 0,
    "syntax_errors": 0,
    "indentation_errors": 0,
    "lazy_comments": 0,
    "reasoning_effort": null,
    "prompt_tokens": 85222,
    "completion_tokens": 17854,
    "thinking_tokens": null,
    "chat_hashes": [
        [
            "5570d71e63f5d28449be40ac390705d540cb9709",
            "5fe4e4cd70fd7788e1d7a45be858db57efe327c0"
        ],
        [
            "5570d71e63f5d28449be40ac390705d540cb9709",
            "97680cfae233a2ef1d255ff626c63ffaf26c3021"
        ],
        [
            "5570d71e63f5d28449be40ac390705d540cb9709",
            "7a684dccda8f31f4d1a24720f3094b5915d02f63"
        ],
        [
            "5570d71e63f5d28449be40ac390705d540cb9709",
            "21d24dd8d23d61851363bfa2ae258c3a1864b1db"
        ],
        [
            "5570d71e63f5d28449be40ac390705d540cb9709",
            "6b41bba82ac16c88270b2b49073d26b51bf40d7e"
        ],
        [
            "5570d71e63f5d28449be40ac390705d540cb9709",
            "b3ad8d28f858f74c9eac361eab5efb198ff28805"
        ],
        [
            "5570d71e63f5d28449be40ac390705d540cb9709",
            "e56731e718c66710fc5406320f2918dac27b6122"
        ],
        [
            "5570d71e63f5d28449be40ac390705d540cb9709",
            "3c8d4cccfbf4b1dfac3a47368fbf13be95ca1afe"
        ]
    ]
}