{
    "testdir": "/benchmarks/2025-08-22-12-12-12--misracpp_baseline_deepseek-chat.19/cpp/exercises/practice/complex-numbers",
    "testcase": "complex-numbers",
    "model": "deepseek/deepseek-chat",
    "edit_format": "diff",
    "tests_outcomes": [
        false,
        true
    ],
    "cost": 0.010110099999999999,
    "duration": 263.570734500885,
    "test_timeouts": 0,
    "commit_hash": "32faf82-dirty",
    "num_error_outputs": 0,
    "num_user_asks": 3,
    "num_exhausted_context_windows": 0,
    "num_malformed_responses": 0,
    "syntax_errors": 0,
    "indentation_errors": 0,
    "lazy_comments": 0,
    "reasoning_effort": null,
    "prompt_tokens": 33630,
    "completion_tokens": 4788,
    "thinking_tokens": null,
    "chat_hashes": [
        [
            "d229a439b83a277ab75364ece3dd8437f0cca388",
            "594c48345cfd206cecf45f6642e6978699537b0a"
        ],
        [
            "d229a439b83a277ab75364ece3dd8437f0cca388",
            "7830f5a9dc2deba965477f290c6e97f65bffbc72"
        ],
        [
            "d229a439b83a277ab75364ece3dd8437f0cca388",
            "7d9735b287e384d396681c80aef899eeb162431c"
        ],
        [
            "d229a439b83a277ab75364ece3dd8437f0cca388",
            "9f55eca6374bc6e0f0b610a7ea39ea258fb6b196"
        ],
        [
            "d229a439b83a277ab75364ece3dd8437f0cca388",
            "6c21d1974b426e000d6a077c749a1e5382a50764"
        ]
    ]
}