{
    "testdir": "/benchmarks/2025-09-10-11-35-04--misracpp_baseline_grok-code-fast-1.1/cpp/exercises/practice/knapsack",
    "testcase": "knapsack",
    "model": "xai/grok-code-fast-1-0825",
    "edit_format": "whole",
    "tests_outcomes": [
        false,
        true
    ],
    "cost": 0.011024599999999999,
    "duration": 46.840067625045776,
    "test_timeouts": 0,
    "commit_hash": "32faf82-dirty",
    "num_error_outputs": 0,
    "num_user_asks": 4,
    "num_exhausted_context_windows": 0,
    "num_malformed_responses": 0,
    "syntax_errors": 0,
    "indentation_errors": 0,
    "lazy_comments": 0,
    "reasoning_effort": null,
    "prompt_tokens": 38488,
    "completion_tokens": 2218,
    "thinking_tokens": null,
    "chat_hashes": [
        [
            "5ff365dd35144573aa175fcf9498e0f4e11204a7",
            "be00b01b0068dcdd0e993a02e25a7c84b79ab08a"
        ],
        [
            "5ff365dd35144573aa175fcf9498e0f4e11204a7",
            "28c1cbb56d280227f4562c159a65a4d65370e6aa"
        ],
        [
            "5ff365dd35144573aa175fcf9498e0f4e11204a7",
            "0670805d7c342b309b72e25a27303237b295fcd3"
        ],
        [
            "5ff365dd35144573aa175fcf9498e0f4e11204a7",
            "f63e4918a74576855d70052b2d2c2afcc782aecc"
        ],
        [
            "5ff365dd35144573aa175fcf9498e0f4e11204a7",
            "a6d525594534ac099f35a7ba3659840933099a49"
        ],
        [
            "5ff365dd35144573aa175fcf9498e0f4e11204a7",
            "8a08accd103af0f497556761f7d6a34248dfb614"
        ]
    ]
}