{
    "testdir": "/benchmarks/2025-09-12-11-13-42--cpp_misra_gpt5.top5.2/cpp/exercises/practice/complex-numbers",
    "testcase": "complex-numbers",
    "model": "openai/gpt-5",
    "edit_format": "diff",
    "tests_outcomes": [
        true
    ],
    "cost": 0.21156425,
    "duration": 378.3785548210144,
    "test_timeouts": 0,
    "commit_hash": "32faf82-dirty",
    "num_error_outputs": 0,
    "num_user_asks": 4,
    "num_exhausted_context_windows": 0,
    "num_malformed_responses": 0,
    "syntax_errors": 0,
    "indentation_errors": 0,
    "lazy_comments": 0,
    "reasoning_effort": null,
    "prompt_tokens": 24141,
    "completion_tokens": 18542,
    "thinking_tokens": null,
    "chat_hashes": [
        [
            "5a29f5974d4a87ced71fd7b4b1ae521a58381d25",
            "03b4a15f83091b02214d6dd4d1e556c72b5eade5"
        ],
        [
            "5a29f5974d4a87ced71fd7b4b1ae521a58381d25",
            "9406cecf21e75976906344cbd531e125ef4bc0ba"
        ],
        [
            "5a29f5974d4a87ced71fd7b4b1ae521a58381d25",
            "c3a0b701194d7a3c0b78009252b0fa32eed810e7"
        ],
        [
            "5a29f5974d4a87ced71fd7b4b1ae521a58381d25",
            "69fb7c814fdd6e22e6ea71b0cb9021f34268802b"
        ]
    ]
}