{
    "testdir": "/benchmarks/2025-08-31-18-46-18--cpp_misra_o3.top5.7/cpp/exercises/practice/dnd-character",
    "testcase": "dnd-character",
    "model": "o3",
    "edit_format": "diff",
    "tests_outcomes": [
        false,
        true
    ],
    "cost": 0.10785,
    "duration": 128.39579010009766,
    "test_timeouts": 0,
    "commit_hash": "32faf82-dirty",
    "num_error_outputs": 0,
    "num_user_asks": 2,
    "num_exhausted_context_windows": 0,
    "num_malformed_responses": 0,
    "syntax_errors": 0,
    "indentation_errors": 0,
    "lazy_comments": 0,
    "reasoning_effort": null,
    "prompt_tokens": 24513,
    "completion_tokens": 9681,
    "thinking_tokens": null,
    "chat_hashes": [
        [
            "5570d71e63f5d28449be40ac390705d540cb9709",
            "a2cdd482b743aa8c68d05b12af65f38f45567179"
        ],
        [
            "5570d71e63f5d28449be40ac390705d540cb9709",
            "dacebfa360c2e2b4088bcc3f5b8444b94b451906"
        ],
        [
            "5570d71e63f5d28449be40ac390705d540cb9709",
            "5b14e905f551d0e87a08eee527618e7fac92f05d"
        ],
        [
            "5570d71e63f5d28449be40ac390705d540cb9709",
            "71ad1a5ec127c6bc014e059c39702eba6882fb71"
        ]
    ]
}