{
    "testdir": "/benchmarks/2025-09-19-17-22-52--misracpp_baseline_gpt5.10/cpp/exercises/practice/grade-school",
    "testcase": "grade-school",
    "model": "openai/gpt-5",
    "edit_format": "diff",
    "tests_outcomes": [
        true
    ],
    "cost": 0.11172075000000001,
    "duration": 193.91172409057617,
    "test_timeouts": 0,
    "commit_hash": "32faf82-dirty",
    "num_error_outputs": 1,
    "num_user_asks": 3,
    "num_exhausted_context_windows": 0,
    "num_malformed_responses": 1,
    "syntax_errors": 0,
    "indentation_errors": 0,
    "lazy_comments": 0,
    "reasoning_effort": null,
    "prompt_tokens": 13871,
    "completion_tokens": 10259,
    "thinking_tokens": null,
    "chat_hashes": [
        [
            "5a29f5974d4a87ced71fd7b4b1ae521a58381d25",
            "7a5bbf0bf2bdd513947640b9e9c55b5a58ca9746"
        ],
        [
            "5a29f5974d4a87ced71fd7b4b1ae521a58381d25",
            "aff950c8efefc6a2af9da7c6839e7056bc9aa783"
        ],
        [
            "5a29f5974d4a87ced71fd7b4b1ae521a58381d25",
            "538a5ab33d9a5ba13137ee4613350db61f64721a"
        ],
        [
            "5a29f5974d4a87ced71fd7b4b1ae521a58381d25",
            "343ac83f10be8e9e7fab1db049fe032707f2965b"
        ]
    ]
}