{
    "testdir": "/benchmarks/2025-08-22-12-21-07--misracpp_baseline_deepseek-chat.20/cpp/exercises/practice/phone-number",
    "testcase": "phone-number",
    "model": "deepseek/deepseek-chat",
    "edit_format": "diff",
    "tests_outcomes": [
        true
    ],
    "cost": 0.0057574900000000005,
    "duration": 182.37726259231567,
    "test_timeouts": 0,
    "commit_hash": "32faf82-dirty",
    "num_error_outputs": 0,
    "num_user_asks": 2,
    "num_exhausted_context_windows": 0,
    "num_malformed_responses": 0,
    "syntax_errors": 0,
    "indentation_errors": 0,
    "lazy_comments": 0,
    "reasoning_effort": null,
    "prompt_tokens": 12477,
    "completion_tokens": 3661,
    "thinking_tokens": null,
    "chat_hashes": [
        [
            "d229a439b83a277ab75364ece3dd8437f0cca388",
            "c9e7687107e1d00fc867899189b26a6674f5d002"
        ],
        [
            "d229a439b83a277ab75364ece3dd8437f0cca388",
            "fd98b0bb00bcb414280cd2d0d9c343c9b3035422"
        ],
        [
            "d229a439b83a277ab75364ece3dd8437f0cca388",
            "308dc6835cfa96f5d87bf2e1d3f7295b9d6ab3ed"
        ]
    ]
}