{
    "testdir": "/benchmarks/2025-09-19-16-02-19--misracpp_baseline_gpt5.5/cpp/exercises/practice/all-your-base",
    "testcase": "all-your-base",
    "model": "openai/gpt-5",
    "edit_format": "diff",
    "tests_outcomes": [
        false,
        true
    ],
    "cost": 0.096238,
    "duration": 148.00614857673645,
    "test_timeouts": 0,
    "commit_hash": "32faf82-dirty",
    "num_error_outputs": 1,
    "num_user_asks": 3,
    "num_exhausted_context_windows": 0,
    "num_malformed_responses": 1,
    "syntax_errors": 0,
    "indentation_errors": 0,
    "lazy_comments": 0,
    "reasoning_effort": null,
    "prompt_tokens": 21000,
    "completion_tokens": 8266,
    "thinking_tokens": null,
    "chat_hashes": [
        [
            "5a29f5974d4a87ced71fd7b4b1ae521a58381d25",
            "510f62879541cb17bf058aec3958370db9b0ae7c"
        ],
        [
            "5a29f5974d4a87ced71fd7b4b1ae521a58381d25",
            "6dbc193714c57b548ceecd964154fa392787f1fc"
        ],
        [
            "5a29f5974d4a87ced71fd7b4b1ae521a58381d25",
            "867c8826f1ef3719996a11e2e58177859cbe4ea9"
        ],
        [
            "5a29f5974d4a87ced71fd7b4b1ae521a58381d25",
            "548926ed486e1756e5c337c78243284e84e4bcd4"
        ],
        [
            "5a29f5974d4a87ced71fd7b4b1ae521a58381d25",
            "8d76a0bac838a1ca27950157f7d227dabd9643bc"
        ]
    ]
}