{
    "testdir": "/benchmarks/2025-08-26-12-15-48--cpp_misra.top3.18/cpp/exercises/practice/linked-list",
    "testcase": "linked-list",
    "model": "gpt-4.1",
    "edit_format": "diff",
    "tests_outcomes": [
        true
    ],
    "cost": 0.040341999999999996,
    "duration": 60.90459632873535,
    "test_timeouts": 0,
    "commit_hash": "32faf82-dirty",
    "num_error_outputs": 0,
    "num_user_asks": 4,
    "num_exhausted_context_windows": 0,
    "num_malformed_responses": 0,
    "syntax_errors": 0,
    "indentation_errors": 0,
    "lazy_comments": 0,
    "reasoning_effort": null,
    "prompt_tokens": 23251,
    "completion_tokens": 1438,
    "thinking_tokens": null,
    "chat_hashes": [
        [
            "dd5eb8c6e1e03320d0933ca63c0164ae9d2a0152",
            "f0af1d949f062c194c0896d65f726f10c665439a"
        ],
        [
            "dd5eb8c6e1e03320d0933ca63c0164ae9d2a0152",
            "f678df1d55177ccae783fd1afad3818067182716"
        ],
        [
            "dd5eb8c6e1e03320d0933ca63c0164ae9d2a0152",
            "698ba9581e1bf5b17a355494a3145c0de92b756a"
        ],
        [
            "dd5eb8c6e1e03320d0933ca63c0164ae9d2a0152",
            "00fe3222149aeaf002ff873f2e0d5d221798b122"
        ]
    ]
}