{
    "testdir": "/benchmarks/2025-09-19-18-57-30--misracpp_baseline_gpt5.17/cpp/exercises/practice/clock",
    "testcase": "clock",
    "model": "openai/gpt-5",
    "edit_format": "diff",
    "tests_outcomes": [
        false,
        true
    ],
    "cost": 0.24903250000000002,
    "duration": 459.7435886859894,
    "test_timeouts": 0,
    "commit_hash": "32faf82-dirty",
    "num_error_outputs": 1,
    "num_user_asks": 7,
    "num_exhausted_context_windows": 0,
    "num_malformed_responses": 1,
    "syntax_errors": 0,
    "indentation_errors": 0,
    "lazy_comments": 0,
    "reasoning_effort": null,
    "prompt_tokens": 38274,
    "completion_tokens": 22639,
    "thinking_tokens": null,
    "chat_hashes": [
        [
            "5a29f5974d4a87ced71fd7b4b1ae521a58381d25",
            "bd18a06ee3451628f021a9281e06061830b371c6"
        ],
        [
            "5a29f5974d4a87ced71fd7b4b1ae521a58381d25",
            "a8f09f0cc23045f61dac319fe150e9e721f0f9cd"
        ],
        [
            "5a29f5974d4a87ced71fd7b4b1ae521a58381d25",
            "b80eca38c2aca39e6916a41a40eb53c9e6a27c2f"
        ],
        [
            "5a29f5974d4a87ced71fd7b4b1ae521a58381d25",
            "4bc3df3640b590f493c2a0e5618e87fda615d648"
        ],
        [
            "5a29f5974d4a87ced71fd7b4b1ae521a58381d25",
            "f3b9e51a219909b4927fa474aa5b9d9656c8078d"
        ],
        [
            "5a29f5974d4a87ced71fd7b4b1ae521a58381d25",
            "b4d12d1082cf0dcd01d75e7da116f4b5d02aa99d"
        ],
        [
            "5a29f5974d4a87ced71fd7b4b1ae521a58381d25",
            "e29f5e39942614e51d2d0d4abfc469d44a3680d8"
        ],
        [
            "5a29f5974d4a87ced71fd7b4b1ae521a58381d25",
            "24f7056db01d7e8ef340c5bbd6cbd154603c4f2c"
        ]
    ]
}