{
    "testdir": "/benchmarks/2025-09-23-13-32-57--cpp_misra_gpt5.top5.3/cpp/exercises/practice/allergies",
    "testcase": "allergies",
    "model": "openai/gpt-5",
    "edit_format": "diff",
    "tests_outcomes": [
        false,
        false
    ],
    "cost": 0.164942,
    "duration": 364.93437242507935,
    "test_timeouts": 0,
    "commit_hash": "32faf82-dirty",
    "num_error_outputs": 1,
    "num_user_asks": 4,
    "num_exhausted_context_windows": 0,
    "num_malformed_responses": 0,
    "syntax_errors": 0,
    "indentation_errors": 0,
    "lazy_comments": 0,
    "reasoning_effort": null,
    "prompt_tokens": 21656,
    "completion_tokens": 14608,
    "thinking_tokens": null,
    "chat_hashes": [
        [
            "5a29f5974d4a87ced71fd7b4b1ae521a58381d25",
            "257bdf9384ba405819150bd0e3e5c4310b1ae9a5"
        ],
        [
            "5a29f5974d4a87ced71fd7b4b1ae521a58381d25",
            "439f9b0017a5bba77c59809e240af2c465d72190"
        ],
        [
            "5a29f5974d4a87ced71fd7b4b1ae521a58381d25",
            "d2644cb3ca8463e2272e2c2dcb146376e58ecaf9"
        ],
        [
            "5a29f5974d4a87ced71fd7b4b1ae521a58381d25",
            "04dc5fe5270ded8fba0ed5fc8724500413339b7d"
        ]
    ]
}