{
    "testdir": "/benchmarks/2025-08-21-09-19-54--misracpp_baseline.2/cpp/exercises/practice/kindergarten-garden",
    "testcase": "kindergarten-garden",
    "model": "gpt-4.1",
    "edit_format": "diff",
    "tests_outcomes": [
        false,
        false
    ],
    "cost": 0.16377599999999998,
    "duration": 114.17205619812012,
    "test_timeouts": 0,
    "commit_hash": "32faf82-dirty",
    "num_error_outputs": 0,
    "num_user_asks": 8,
    "num_exhausted_context_windows": 0,
    "num_malformed_responses": 0,
    "syntax_errors": 0,
    "indentation_errors": 0,
    "lazy_comments": 0,
    "reasoning_effort": null,
    "prompt_tokens": 111552,
    "completion_tokens": 3336,
    "thinking_tokens": null,
    "chat_hashes": [
        [
            "dd5eb8c6e1e03320d0933ca63c0164ae9d2a0152",
            "ec36a4879ea300242530ba25070b1333126f5861"
        ],
        [
            "dd5eb8c6e1e03320d0933ca63c0164ae9d2a0152",
            "1a7e53248fd8ff4170ac9bf8a0983700fd9fa1cd"
        ],
        [
            "dd5eb8c6e1e03320d0933ca63c0164ae9d2a0152",
            "213dfef2dcacc4c25870ba6315e16d5e70f73a5a"
        ],
        [
            "dd5eb8c6e1e03320d0933ca63c0164ae9d2a0152",
            "9fe838319a58c764e06ef4491f495adebad3ce8b"
        ],
        [
            "dd5eb8c6e1e03320d0933ca63c0164ae9d2a0152",
            "e19d55f9fc4cc2832a06c7c3f7c7e79f3455acbb"
        ],
        [
            "dd5eb8c6e1e03320d0933ca63c0164ae9d2a0152",
            "96da482c18f842cba3dacce0a5fc18f70feb9927"
        ],
        [
            "dd5eb8c6e1e03320d0933ca63c0164ae9d2a0152",
            "39a630b6ec1d5b870cca21c0aeb3c68b13e93986"
        ],
        [
            "dd5eb8c6e1e03320d0933ca63c0164ae9d2a0152",
            "c5264b2ad62b187b5038fa21143b30e5c307f92d"
        ]
    ]
}