{
    "testdir": "/benchmarks/2025-08-26-11-45-10--cpp_misra.top3.11/cpp/exercises/practice/zebra-puzzle",
    "testcase": "zebra-puzzle",
    "model": "gpt-4.1",
    "edit_format": "diff",
    "tests_outcomes": [
        false,
        true
    ],
    "cost": 0.08217999999999999,
    "duration": 56.98046517372131,
    "test_timeouts": 0,
    "commit_hash": "32faf82-dirty",
    "num_error_outputs": 0,
    "num_user_asks": 8,
    "num_exhausted_context_windows": 0,
    "num_malformed_responses": 0,
    "syntax_errors": 0,
    "indentation_errors": 0,
    "lazy_comments": 0,
    "reasoning_effort": null,
    "prompt_tokens": 59166,
    "completion_tokens": 2561,
    "thinking_tokens": null,
    "chat_hashes": [
        [
            "dd5eb8c6e1e03320d0933ca63c0164ae9d2a0152",
            "45c4f7c913404e58af1c4067aa03422834623d42"
        ],
        [
            "dd5eb8c6e1e03320d0933ca63c0164ae9d2a0152",
            "dcca8dd57cddd8dab5dfb1af2383cdb11ccfa844"
        ],
        [
            "dd5eb8c6e1e03320d0933ca63c0164ae9d2a0152",
            "d3fe76c1023f8d6c8fa7a9c2c9c7f61ff0351d8a"
        ],
        [
            "dd5eb8c6e1e03320d0933ca63c0164ae9d2a0152",
            "2f6920d1865b643d96ff5a1d48a8c0f3a4e73635"
        ],
        [
            "dd5eb8c6e1e03320d0933ca63c0164ae9d2a0152",
            "2b574faea8ae152d4a0e5422d765e80ade0b8b42"
        ],
        [
            "dd5eb8c6e1e03320d0933ca63c0164ae9d2a0152",
            "6819092cec2dc28303772ccd9635e22abdabaad5"
        ],
        [
            "dd5eb8c6e1e03320d0933ca63c0164ae9d2a0152",
            "112c0055b58c71c9f93c46b660b580ce514473dd"
        ],
        [
            "dd5eb8c6e1e03320d0933ca63c0164ae9d2a0152",
            "6819092cec2dc28303772ccd9635e22abdabaad5"
        ]
    ]
}