{
    "testdir": "/benchmarks/2025-08-31-18-33-43--cpp_misra_o3.top5.5/cpp/exercises/practice/parallel-letter-frequency",
    "testcase": "parallel-letter-frequency",
    "model": "o3",
    "edit_format": "diff",
    "tests_outcomes": [
        false,
        true
    ],
    "cost": 0.100296,
    "duration": 119.9144492149353,
    "test_timeouts": 0,
    "commit_hash": "32faf82-dirty",
    "num_error_outputs": 0,
    "num_user_asks": 2,
    "num_exhausted_context_windows": 0,
    "num_malformed_responses": 0,
    "syntax_errors": 0,
    "indentation_errors": 0,
    "lazy_comments": 0,
    "reasoning_effort": null,
    "prompt_tokens": 23708,
    "completion_tokens": 8386,
    "thinking_tokens": null,
    "chat_hashes": [
        [
            "5570d71e63f5d28449be40ac390705d540cb9709",
            "b63a10caa4d85e158855607578923a25213f3e0b"
        ],
        [
            "5570d71e63f5d28449be40ac390705d540cb9709",
            "9e69ca12d17445b060a4a70deb187d51a9918225"
        ],
        [
            "5570d71e63f5d28449be40ac390705d540cb9709",
            "504a25bc9fcd949aea90aba6eb00a933201c0a88"
        ],
        [
            "5570d71e63f5d28449be40ac390705d540cb9709",
            "291056a6243e0dd49cc9ddba987e4f605f5c553d"
        ]
    ]
}