{
    "testdir": "/benchmarks/2025-09-23-15-36-54--cpp_misra_gpt5.top5.9/cpp/exercises/practice/knapsack",
    "testcase": "knapsack",
    "model": "openai/gpt-5",
    "edit_format": "diff",
    "tests_outcomes": [
        true
    ],
    "cost": 0.13299300000000003,
    "duration": 272.48472237586975,
    "test_timeouts": 0,
    "commit_hash": "32faf82-dirty",
    "num_error_outputs": 1,
    "num_user_asks": 1,
    "num_exhausted_context_windows": 0,
    "num_malformed_responses": 1,
    "syntax_errors": 0,
    "indentation_errors": 0,
    "lazy_comments": 0,
    "reasoning_effort": null,
    "prompt_tokens": 13196,
    "completion_tokens": 12341,
    "thinking_tokens": null,
    "chat_hashes": [
        [
            "5a29f5974d4a87ced71fd7b4b1ae521a58381d25",
            "247f28730df933d6f0e7ea661eca5061084a1daf"
        ],
        [
            "5a29f5974d4a87ced71fd7b4b1ae521a58381d25",
            "3ca7d5f2c3a9892fd9d81d903129499d0d02d2bc"
        ],
        [
            "5a29f5974d4a87ced71fd7b4b1ae521a58381d25",
            "406bad8ae28d60483655cf66ce9bb0ae1e1c876b"
        ]
    ]
}