{
    "testdir": "/benchmarks/2025-08-22-08-31-59--misracpp_baseline_deepseek-chat.5/cpp/exercises/practice/linked-list",
    "testcase": "linked-list",
    "model": "deepseek/deepseek-chat",
    "edit_format": "diff",
    "tests_outcomes": [
        true
    ],
    "cost": 0.007434300000000001,
    "duration": 250.87923336029053,
    "test_timeouts": 0,
    "commit_hash": "32faf82-dirty",
    "num_error_outputs": 1,
    "num_user_asks": 2,
    "num_exhausted_context_windows": 0,
    "num_malformed_responses": 1,
    "syntax_errors": 0,
    "indentation_errors": 0,
    "lazy_comments": 0,
    "reasoning_effort": null,
    "prompt_tokens": 24390,
    "completion_tokens": 3646,
    "thinking_tokens": null,
    "chat_hashes": [
        [
            "d229a439b83a277ab75364ece3dd8437f0cca388",
            "422263fcbb6e69becf353a73d899ec1ec1a7e5f7"
        ],
        [
            "d229a439b83a277ab75364ece3dd8437f0cca388",
            "2d4467f423d7a38f001405729e99bd18d6875294"
        ],
        [
            "d229a439b83a277ab75364ece3dd8437f0cca388",
            "645dd8c5c73691fb4cd873b20aa6275f56ae34da"
        ],
        [
            "d229a439b83a277ab75364ece3dd8437f0cca388",
            "05b8be71651cf99ef79757552fc1679885e61efe"
        ]
    ]
}