{
    "testdir": "/benchmarks/2025-08-22-06-57-10--misracpp_baseline_deepseek-chat.1/cpp/exercises/practice/parallel-letter-frequency",
    "testcase": "parallel-letter-frequency",
    "model": "deepseek/deepseek-chat",
    "edit_format": "diff",
    "tests_outcomes": [
        false,
        false
    ],
    "cost": 0.01403712,
    "duration": 412.230676651001,
    "test_timeouts": 0,
    "commit_hash": "32faf82-dirty",
    "num_error_outputs": 0,
    "num_user_asks": 4,
    "num_exhausted_context_windows": 0,
    "num_malformed_responses": 0,
    "syntax_errors": 0,
    "indentation_errors": 0,
    "lazy_comments": 0,
    "reasoning_effort": null,
    "prompt_tokens": 43496,
    "completion_tokens": 6716,
    "thinking_tokens": null,
    "chat_hashes": [
        [
            "d229a439b83a277ab75364ece3dd8437f0cca388",
            "ba73d4488de13e6ba76b92c7f61fdddae07fec95"
        ],
        [
            "d229a439b83a277ab75364ece3dd8437f0cca388",
            "404b27be9206b6748fbdc775f5c2a6d9387c00ce"
        ],
        [
            "d229a439b83a277ab75364ece3dd8437f0cca388",
            "6dfbdf35757cbcf2345b5c6de2812fb9ff225d35"
        ],
        [
            "d229a439b83a277ab75364ece3dd8437f0cca388",
            "6c8f67361d0e82e108a3e41d3c68481a74568c04"
        ],
        [
            "d229a439b83a277ab75364ece3dd8437f0cca388",
            "56bfb8f7e3e7521b66fb812847741ff80341f734"
        ],
        [
            "d229a439b83a277ab75364ece3dd8437f0cca388",
            "daadd23d16403d680703122ae158cb90fd0ed5db"
        ]
    ]
}