{
    "testdir": "/benchmarks/2025-09-01-20-44-08--cpp_misra_o3.top10.2/cpp/exercises/practice/zebra-puzzle",
    "testcase": "zebra-puzzle",
    "model": "o3",
    "edit_format": "diff",
    "tests_outcomes": [
        false,
        true
    ],
    "cost": 0.19034199999999998,
    "duration": 279.89931201934814,
    "test_timeouts": 0,
    "commit_hash": "32faf82-dirty",
    "num_error_outputs": 0,
    "num_user_asks": 4,
    "num_exhausted_context_windows": 0,
    "num_malformed_responses": 0,
    "syntax_errors": 0,
    "indentation_errors": 0,
    "lazy_comments": 0,
    "reasoning_effort": null,
    "prompt_tokens": 49359,
    "completion_tokens": 14885,
    "thinking_tokens": null,
    "chat_hashes": [
        [
            "5570d71e63f5d28449be40ac390705d540cb9709",
            "820564b3402ea5829caf1e463a2042300e1050a3"
        ],
        [
            "5570d71e63f5d28449be40ac390705d540cb9709",
            "18443e442d9941138142d99a4df88f033ac7affd"
        ],
        [
            "5570d71e63f5d28449be40ac390705d540cb9709",
            "3baad6e015dd8f0bed3c207c19975a0863a66c08"
        ],
        [
            "5570d71e63f5d28449be40ac390705d540cb9709",
            "959463b8f30090e4fef2fa9803d74caa1b8d6145"
        ],
        [
            "5570d71e63f5d28449be40ac390705d540cb9709",
            "11a29343858940c9ccf19ee4946b206f01022a6f"
        ],
        [
            "5570d71e63f5d28449be40ac390705d540cb9709",
            "48a0dd9fefb855505bb60ec134aee3477b6335a8"
        ]
    ]
}