{
    "testdir": "/benchmarks/2025-08-27-14-49-54--misracpp_baseline_o3.13/cpp/exercises/practice/allergies",
    "testcase": "allergies",
    "model": "o3",
    "edit_format": "diff",
    "tests_outcomes": [
        false,
        true
    ],
    "cost": 0.124338,
    "duration": 108.29258966445923,
    "test_timeouts": 0,
    "commit_hash": "32faf82-dirty",
    "num_error_outputs": 0,
    "num_user_asks": 2,
    "num_exhausted_context_windows": 0,
    "num_malformed_responses": 0,
    "syntax_errors": 0,
    "indentation_errors": 0,
    "lazy_comments": 0,
    "reasoning_effort": null,
    "prompt_tokens": 40001,
    "completion_tokens": 6406,
    "thinking_tokens": null,
    "chat_hashes": [
        [
            "5570d71e63f5d28449be40ac390705d540cb9709",
            "ab2380480e9f8ce767dd01f395edc9a9685a1574"
        ],
        [
            "5570d71e63f5d28449be40ac390705d540cb9709",
            "ccf8b4f0f3d689f949894f9e2665dbdd0abb42e6"
        ],
        [
            "5570d71e63f5d28449be40ac390705d540cb9709",
            "50062dfd22b599070ab717dbf7ae329069178519"
        ],
        [
            "5570d71e63f5d28449be40ac390705d540cb9709",
            "0305c05c3572fc0afd864db53800b9c3ca316417"
        ]
    ]
}