{
    "testdir": "/benchmarks/2025-08-21-13-48-09--misracpp_baseline.19/cpp/exercises/practice/parallel-letter-frequency",
    "testcase": "parallel-letter-frequency",
    "model": "gpt-4.1",
    "edit_format": "diff",
    "tests_outcomes": [
        false,
        false
    ],
    "cost": 0.05606199999999999,
    "duration": 32.902764558792114,
    "test_timeouts": 0,
    "commit_hash": "32faf82-dirty",
    "num_error_outputs": 0,
    "num_user_asks": 8,
    "num_exhausted_context_windows": 0,
    "num_malformed_responses": 0,
    "syntax_errors": 0,
    "indentation_errors": 0,
    "lazy_comments": 0,
    "reasoning_effort": null,
    "prompt_tokens": 37939,
    "completion_tokens": 1507,
    "thinking_tokens": null,
    "chat_hashes": [
        [
            "dd5eb8c6e1e03320d0933ca63c0164ae9d2a0152",
            "eca7b7f6c036a36a8a661d096b2397c56ef3ede0"
        ],
        [
            "dd5eb8c6e1e03320d0933ca63c0164ae9d2a0152",
            "17ba5fa22aceed556c18d91bc468fcb4e26413f3"
        ],
        [
            "dd5eb8c6e1e03320d0933ca63c0164ae9d2a0152",
            "fc1ed2744bbb823ab21cfd3585fe0f512b3e0705"
        ],
        [
            "dd5eb8c6e1e03320d0933ca63c0164ae9d2a0152",
            "17ba5fa22aceed556c18d91bc468fcb4e26413f3"
        ],
        [
            "dd5eb8c6e1e03320d0933ca63c0164ae9d2a0152",
            "5fea55438c0a11df220e706510b8517272c27b7b"
        ],
        [
            "dd5eb8c6e1e03320d0933ca63c0164ae9d2a0152",
            "99b573959b737bd76d9feb2c7700f89785f0c66a"
        ],
        [
            "dd5eb8c6e1e03320d0933ca63c0164ae9d2a0152",
            "645ce8faa4b51d0423c655e7df0e92a4d275c4c8"
        ],
        [
            "dd5eb8c6e1e03320d0933ca63c0164ae9d2a0152",
            "99b573959b737bd76d9feb2c7700f89785f0c66a"
        ]
    ]
}