{
    "testdir": "/benchmarks/2025-08-26-14-35-03--cpp_misra_deepseek-chat.9/cpp/exercises/practice/sublist",
    "testcase": "sublist",
    "model": "deepseek/deepseek-chat",
    "edit_format": "diff",
    "tests_outcomes": [
        false,
        false
    ],
    "cost": 0.01661007,
    "duration": 305.47413420677185,
    "test_timeouts": 0,
    "commit_hash": "32faf82-dirty",
    "num_error_outputs": 1,
    "num_user_asks": 1,
    "num_exhausted_context_windows": 0,
    "num_malformed_responses": 1,
    "syntax_errors": 0,
    "indentation_errors": 0,
    "lazy_comments": 0,
    "reasoning_effort": null,
    "prompt_tokens": 53531,
    "completion_tokens": 5149,
    "thinking_tokens": null,
    "chat_hashes": [
        [
            "d229a439b83a277ab75364ece3dd8437f0cca388",
            "386e69fcfb7065482760b1aafee7dbc2a5303bea"
        ],
        [
            "d229a439b83a277ab75364ece3dd8437f0cca388",
            "164a5ffe7a61d17e63219c1c368bc2eca85cf663"
        ],
        [
            "d229a439b83a277ab75364ece3dd8437f0cca388",
            "a4356e86a40dfad345a292a60a03833643bf3788"
        ],
        [
            "d229a439b83a277ab75364ece3dd8437f0cca388",
            "74817b73552edd7bc0f3f2ccdca4181b096da0a6"
        ]
    ]
}