{
    "testdir": "/benchmarks/2025-08-31-18-27-14--cpp_misra_o3.top5.4/cpp/exercises/practice/clock",
    "testcase": "clock",
    "model": "o3",
    "edit_format": "diff",
    "tests_outcomes": [
        false,
        true
    ],
    "cost": 0.185752,
    "duration": 238.02841138839722,
    "test_timeouts": 0,
    "commit_hash": "32faf82-dirty",
    "num_error_outputs": 0,
    "num_user_asks": 6,
    "num_exhausted_context_windows": 0,
    "num_malformed_responses": 0,
    "syntax_errors": 0,
    "indentation_errors": 0,
    "lazy_comments": 0,
    "reasoning_effort": null,
    "prompt_tokens": 42680,
    "completion_tokens": 17421,
    "thinking_tokens": null,
    "chat_hashes": [
        [
            "5570d71e63f5d28449be40ac390705d540cb9709",
            "9365eeba2a34c844ba2e83ca24f5a59665022094"
        ],
        [
            "5570d71e63f5d28449be40ac390705d540cb9709",
            "984d26942d34034fdebc35d65371fa4753e8ece2"
        ],
        [
            "5570d71e63f5d28449be40ac390705d540cb9709",
            "83d89f9a94642625370cc27db27cb5885bb65520"
        ],
        [
            "5570d71e63f5d28449be40ac390705d540cb9709",
            "39faeed94a587176f6ab9c1087d8e764cb3cd5e4"
        ],
        [
            "5570d71e63f5d28449be40ac390705d540cb9709",
            "6500d90d45e7400efd823f41f4c2c71325b51a29"
        ],
        [
            "5570d71e63f5d28449be40ac390705d540cb9709",
            "c225d861789036e38cf54ffda87fefcaf02134eb"
        ],
        [
            "5570d71e63f5d28449be40ac390705d540cb9709",
            "eadbf6068003cb2f70bddd985c8867baaca0a9b4"
        ]
    ]
}