{
    "testdir": "/benchmarks/2025-08-21-09-53-26--misracpp_baseline.9/cpp/exercises/practice/grade-school",
    "testcase": "grade-school",
    "model": "gpt-4.1",
    "edit_format": "diff",
    "tests_outcomes": [
        false,
        false
    ],
    "cost": 0.625802,
    "duration": 163.90579223632812,
    "test_timeouts": 0,
    "commit_hash": "32faf82-dirty",
    "num_error_outputs": 1,
    "num_user_asks": 7,
    "num_exhausted_context_windows": 0,
    "num_malformed_responses": 1,
    "syntax_errors": 0,
    "indentation_errors": 0,
    "lazy_comments": 0,
    "reasoning_effort": null,
    "prompt_tokens": 484505,
    "completion_tokens": 2459,
    "thinking_tokens": null,
    "chat_hashes": [
        [
            "dd5eb8c6e1e03320d0933ca63c0164ae9d2a0152",
            "9e9ec17f53f200d579bb37a6a0f0fcee93e6d9fb"
        ],
        [
            "dd5eb8c6e1e03320d0933ca63c0164ae9d2a0152",
            "1445e424661a2196cec36ca77bc5ca77ce6be79e"
        ],
        [
            "dd5eb8c6e1e03320d0933ca63c0164ae9d2a0152",
            "fc1311384421472de7de3289048dd20d2876f564"
        ],
        [
            "dd5eb8c6e1e03320d0933ca63c0164ae9d2a0152",
            "3b74bf4d1ee8fadc89f175901f01f0ca0fc7d4c7"
        ],
        [
            "dd5eb8c6e1e03320d0933ca63c0164ae9d2a0152",
            "f9e5146fb1910de5d4eec9abf99bf925cdeb7196"
        ],
        [
            "dd5eb8c6e1e03320d0933ca63c0164ae9d2a0152",
            "0267787bf00fcea3e49224b6087e84c74d11d2c1"
        ],
        [
            "dd5eb8c6e1e03320d0933ca63c0164ae9d2a0152",
            "eae20c247c7b99f9fb3d957882a8911c81005223"
        ],
        [
            "dd5eb8c6e1e03320d0933ca63c0164ae9d2a0152",
            "564a3a659cadaa7c10797f404110519460742108"
        ]
    ]
}