{
    "testdir": "/benchmarks/2025-08-26-11-39-42--cpp_misra.top3.10/cpp/exercises/practice/bank-account",
    "testcase": "bank-account",
    "model": "gpt-4.1",
    "edit_format": "diff",
    "tests_outcomes": [
        false,
        false
    ],
    "cost": 0.068782,
    "duration": 38.69998049736023,
    "test_timeouts": 0,
    "commit_hash": "32faf82-dirty",
    "num_error_outputs": 0,
    "num_user_asks": 8,
    "num_exhausted_context_windows": 0,
    "num_malformed_responses": 0,
    "syntax_errors": 0,
    "indentation_errors": 0,
    "lazy_comments": 0,
    "reasoning_effort": null,
    "prompt_tokens": 57683,
    "completion_tokens": 1137,
    "thinking_tokens": null,
    "chat_hashes": [
        [
            "dd5eb8c6e1e03320d0933ca63c0164ae9d2a0152",
            "241669bc85d3634cfb53eeac4b17c398698979eb"
        ],
        [
            "dd5eb8c6e1e03320d0933ca63c0164ae9d2a0152",
            "cba6f79730266b4716ad20aa3b544fb229d0ee26"
        ],
        [
            "dd5eb8c6e1e03320d0933ca63c0164ae9d2a0152",
            "f03002137c44668128ebdda9b7dfeb07071f34f6"
        ],
        [
            "dd5eb8c6e1e03320d0933ca63c0164ae9d2a0152",
            "06206b7b2ed05a8fdd8007ebb701811bf5d6827b"
        ],
        [
            "dd5eb8c6e1e03320d0933ca63c0164ae9d2a0152",
            "c1ffaabe479176b0244de26e800503ac0f053808"
        ],
        [
            "dd5eb8c6e1e03320d0933ca63c0164ae9d2a0152",
            "1a50240503e805d7912da42def7235f326068d75"
        ],
        [
            "dd5eb8c6e1e03320d0933ca63c0164ae9d2a0152",
            "51f139a0a47799c72598e73d878c77322e71924a"
        ],
        [
            "dd5eb8c6e1e03320d0933ca63c0164ae9d2a0152",
            "1a50240503e805d7912da42def7235f326068d75"
        ]
    ]
}