{
    "testdir": "/benchmarks/2025-08-31-20-04-10--cpp_misra_o3.top5.19/cpp/exercises/practice/bank-account",
    "testcase": "bank-account",
    "model": "o3",
    "edit_format": "diff",
    "tests_outcomes": [
        false,
        true
    ],
    "cost": 0.15596000000000002,
    "duration": 168.5790786743164,
    "test_timeouts": 0,
    "commit_hash": "32faf82-dirty",
    "num_error_outputs": 0,
    "num_user_asks": 3,
    "num_exhausted_context_windows": 0,
    "num_malformed_responses": 0,
    "syntax_errors": 0,
    "indentation_errors": 0,
    "lazy_comments": 0,
    "reasoning_effort": null,
    "prompt_tokens": 30196,
    "completion_tokens": 14082,
    "thinking_tokens": null,
    "chat_hashes": [
        [
            "5570d71e63f5d28449be40ac390705d540cb9709",
            "2b883ed79e34a54b31b9ac9ed72c0f778f9e3d52"
        ],
        [
            "5570d71e63f5d28449be40ac390705d540cb9709",
            "e7616f3f05b88823c9a694d1250b2e71ca2b209c"
        ],
        [
            "5570d71e63f5d28449be40ac390705d540cb9709",
            "2e0105c980293a2d9cc89db8f1d447dbe88cb358"
        ],
        [
            "5570d71e63f5d28449be40ac390705d540cb9709",
            "a8e89b179283b73e4abf5c4743f76b58ac3baf44"
        ],
        [
            "5570d71e63f5d28449be40ac390705d540cb9709",
            "84cc7414122ebcccc86fe1b4e0c3420336feadd4"
        ]
    ]
}