{
    "testdir": "/benchmarks/2025-08-21-13-05-31--misracpp_baseline.12/cpp/exercises/practice/yacht",
    "testcase": "yacht",
    "model": "gpt-4.1",
    "edit_format": "diff",
    "tests_outcomes": [
        false,
        false
    ],
    "cost": 0.13244,
    "duration": 83.53501105308533,
    "test_timeouts": 0,
    "commit_hash": "32faf82-dirty",
    "num_error_outputs": 0,
    "num_user_asks": 8,
    "num_exhausted_context_windows": 0,
    "num_malformed_responses": 0,
    "syntax_errors": 0,
    "indentation_errors": 0,
    "lazy_comments": 0,
    "reasoning_effort": null,
    "prompt_tokens": 98564,
    "completion_tokens": 1922,
    "thinking_tokens": null,
    "chat_hashes": [
        [
            "dd5eb8c6e1e03320d0933ca63c0164ae9d2a0152",
            "d46cb306c4a52a29fad37da5263fb1d7cd301417"
        ],
        [
            "dd5eb8c6e1e03320d0933ca63c0164ae9d2a0152",
            "cd6a9dc221d0ab48e453b070a749275e775864e1"
        ],
        [
            "dd5eb8c6e1e03320d0933ca63c0164ae9d2a0152",
            "3d7fd845d1c009b7bbd5d9cd96535c5dbc8936a2"
        ],
        [
            "dd5eb8c6e1e03320d0933ca63c0164ae9d2a0152",
            "3ad24e17fa78201ea1af90e32bce35d737c4cef8"
        ],
        [
            "dd5eb8c6e1e03320d0933ca63c0164ae9d2a0152",
            "54fba53b9140cc94245250994cae044aac4cede2"
        ],
        [
            "dd5eb8c6e1e03320d0933ca63c0164ae9d2a0152",
            "9490073a2a4ae17aad2d55d29bd02d5880e0873c"
        ],
        [
            "dd5eb8c6e1e03320d0933ca63c0164ae9d2a0152",
            "a63a25df55f8ac6ac6cbfe4f68d201b76ef8b575"
        ],
        [
            "dd5eb8c6e1e03320d0933ca63c0164ae9d2a0152",
            "d5812236e0208749dc3c4df7e737f7b17ce5e122"
        ]
    ]
}