{
    "testdir": "/benchmarks/2025-08-27-14-26-38--misracpp_baseline_o3.11/cpp/exercises/practice/perfect-numbers",
    "testcase": "perfect-numbers",
    "model": "o3",
    "edit_format": "diff",
    "tests_outcomes": [
        true
    ],
    "cost": 0.065308,
    "duration": 108.11719799041748,
    "test_timeouts": 0,
    "commit_hash": "32faf82-dirty",
    "num_error_outputs": 0,
    "num_user_asks": 4,
    "num_exhausted_context_windows": 0,
    "num_malformed_responses": 0,
    "syntax_errors": 0,
    "indentation_errors": 0,
    "lazy_comments": 0,
    "reasoning_effort": null,
    "prompt_tokens": 12846,
    "completion_tokens": 6128,
    "thinking_tokens": null,
    "chat_hashes": [
        [
            "5570d71e63f5d28449be40ac390705d540cb9709",
            "027aac6f3a0937fc75889c9c8120e099f8018f09"
        ],
        [
            "5570d71e63f5d28449be40ac390705d540cb9709",
            "c9d00cc443c76ffa5ebad1dd664133211369e1d1"
        ],
        [
            "5570d71e63f5d28449be40ac390705d540cb9709",
            "3e7d19cab5fc5bdd5c468b2370ef10a0d5412f2c"
        ],
        [
            "5570d71e63f5d28449be40ac390705d540cb9709",
            "eb50b31b019b320a53f79b75073399e342e49253"
        ]
    ]
}