{
    "testdir": "/benchmarks/2025-09-19-19-19-06--misracpp_baseline_gpt5.18/cpp/exercises/practice/perfect-numbers",
    "testcase": "perfect-numbers",
    "model": "openai/gpt-5",
    "edit_format": "diff",
    "tests_outcomes": [
        true
    ],
    "cost": 0.078793,
    "duration": 85.5885124206543,
    "test_timeouts": 0,
    "commit_hash": "32faf82-dirty",
    "num_error_outputs": 1,
    "num_user_asks": 3,
    "num_exhausted_context_windows": 0,
    "num_malformed_responses": 1,
    "syntax_errors": 0,
    "indentation_errors": 0,
    "lazy_comments": 0,
    "reasoning_effort": null,
    "prompt_tokens": 12796,
    "completion_tokens": 7115,
    "thinking_tokens": null,
    "chat_hashes": [
        [
            "5a29f5974d4a87ced71fd7b4b1ae521a58381d25",
            "1c8290ebff2c23eaf051504b22b5bd6848ac72e5"
        ],
        [
            "5a29f5974d4a87ced71fd7b4b1ae521a58381d25",
            "fa8a3cea269b8033a543d3bf9f61bd3fd86ea39a"
        ],
        [
            "5a29f5974d4a87ced71fd7b4b1ae521a58381d25",
            "b4789d9d89c21fc7bc45c0a58675722b5e26be08"
        ],
        [
            "5a29f5974d4a87ced71fd7b4b1ae521a58381d25",
            "890c979756165d437e61a7ca7d5d79393deb477c"
        ]
    ]
}