{
    "testdir": "/benchmarks/2025-08-26-22-10-53--cpp_misra_deepseek-chat.18/cpp/exercises/practice/clock",
    "testcase": "clock",
    "model": "deepseek/deepseek-chat",
    "edit_format": "diff",
    "tests_outcomes": [
        true
    ],
    "cost": 0.00612746,
    "duration": 187.14147400856018,
    "test_timeouts": 0,
    "commit_hash": "32faf82-dirty",
    "num_error_outputs": 0,
    "num_user_asks": 2,
    "num_exhausted_context_windows": 0,
    "num_malformed_responses": 0,
    "syntax_errors": 0,
    "indentation_errors": 0,
    "lazy_comments": 0,
    "reasoning_effort": null,
    "prompt_tokens": 13818,
    "completion_tokens": 3866,
    "thinking_tokens": null,
    "chat_hashes": [
        [
            "d229a439b83a277ab75364ece3dd8437f0cca388",
            "c08301bba5f285e25f03f5f9e01aa818cbf46b45"
        ],
        [
            "d229a439b83a277ab75364ece3dd8437f0cca388",
            "02fc80f492cac591eda35a225c4bba9e2146e765"
        ],
        [
            "d229a439b83a277ab75364ece3dd8437f0cca388",
            "8df02efe60db2bd848db29599826359d603bde9d"
        ]
    ]
}