{
    "testdir": "/benchmarks/2025-09-19-19-34-55--misracpp_baseline_gpt5.19/cpp/exercises/practice/gigasecond",
    "testcase": "gigasecond",
    "model": "openai/gpt-5",
    "edit_format": "diff",
    "tests_outcomes": [
        false,
        true
    ],
    "cost": 0.1468845,
    "duration": 369.2143921852112,
    "test_timeouts": 0,
    "commit_hash": "32faf82-dirty",
    "num_error_outputs": 1,
    "num_user_asks": 7,
    "num_exhausted_context_windows": 0,
    "num_malformed_responses": 1,
    "syntax_errors": 0,
    "indentation_errors": 0,
    "lazy_comments": 0,
    "reasoning_effort": null,
    "prompt_tokens": 34546,
    "completion_tokens": 12847,
    "thinking_tokens": null,
    "chat_hashes": [
        [
            "5a29f5974d4a87ced71fd7b4b1ae521a58381d25",
            "b31615a28969b2b1d3c1caa88a4ab0ffe58a1572"
        ],
        [
            "5a29f5974d4a87ced71fd7b4b1ae521a58381d25",
            "bad9525fed3d5b6f20a1f7e0f41cd8ec574ea9ef"
        ],
        [
            "5a29f5974d4a87ced71fd7b4b1ae521a58381d25",
            "ce3cadfa7975c70c11ea849ef45113722f60fbe3"
        ],
        [
            "5a29f5974d4a87ced71fd7b4b1ae521a58381d25",
            "71bfb759b8b07acb8cd68b5d7796931dcf423efd"
        ],
        [
            "5a29f5974d4a87ced71fd7b4b1ae521a58381d25",
            "803f683d2160255a3224657fd02e741826c5c9cf"
        ],
        [
            "5a29f5974d4a87ced71fd7b4b1ae521a58381d25",
            "6168109915afddd772ac7ee548c4cddeba3f0506"
        ],
        [
            "5a29f5974d4a87ced71fd7b4b1ae521a58381d25",
            "982f2138752e64e21a894e35e495f6a2a247c012"
        ],
        [
            "5a29f5974d4a87ced71fd7b4b1ae521a58381d25",
            "55c29a648698f98489d884de1fdb5835cce127f6"
        ]
    ]
}