{
    "testdir": "/benchmarks/2025-09-19-17-54-37--misracpp_baseline_gpt5.12/cpp/exercises/practice/space-age",
    "testcase": "space-age",
    "model": "openai/gpt-5",
    "edit_format": "diff",
    "tests_outcomes": [
        true
    ],
    "cost": 0.14052325,
    "duration": 224.08584809303284,
    "test_timeouts": 0,
    "commit_hash": "32faf82-dirty",
    "num_error_outputs": 1,
    "num_user_asks": 3,
    "num_exhausted_context_windows": 0,
    "num_malformed_responses": 1,
    "syntax_errors": 0,
    "indentation_errors": 0,
    "lazy_comments": 0,
    "reasoning_effort": null,
    "prompt_tokens": 16065,
    "completion_tokens": 12793,
    "thinking_tokens": null,
    "chat_hashes": [
        [
            "5a29f5974d4a87ced71fd7b4b1ae521a58381d25",
            "42236a0da61d8ff9113856f8474c741562cdbb1c"
        ],
        [
            "5a29f5974d4a87ced71fd7b4b1ae521a58381d25",
            "2b9081678c938961203278b2e7ba7653337f466c"
        ],
        [
            "5a29f5974d4a87ced71fd7b4b1ae521a58381d25",
            "748d5eb94ae958c3659de20e7cea6ca82d070f26"
        ],
        [
            "5a29f5974d4a87ced71fd7b4b1ae521a58381d25",
            "14a072799ad7cd089e69a18d9b10118c1c0289b3"
        ]
    ]
}