{
    "testdir": "/benchmarks/2025-08-22-12-12-12--misracpp_baseline_deepseek-chat.19/cpp/exercises/practice/linked-list",
    "testcase": "linked-list",
    "model": "deepseek/deepseek-chat",
    "edit_format": "diff",
    "tests_outcomes": [
        true
    ],
    "cost": 0.006508600000000001,
    "duration": 196.2943992614746,
    "test_timeouts": 0,
    "commit_hash": "32faf82-dirty",
    "num_error_outputs": 0,
    "num_user_asks": 4,
    "num_exhausted_context_windows": 0,
    "num_malformed_responses": 0,
    "syntax_errors": 0,
    "indentation_errors": 0,
    "lazy_comments": 0,
    "reasoning_effort": null,
    "prompt_tokens": 21020,
    "completion_tokens": 3364,
    "thinking_tokens": null,
    "chat_hashes": [
        [
            "d229a439b83a277ab75364ece3dd8437f0cca388",
            "a5f1f389ff40b22f87fa6c72993f901c6d7ba8e1"
        ],
        [
            "d229a439b83a277ab75364ece3dd8437f0cca388",
            "4ca101b34fc6511b1bdd2c97dbf7708eea9d3396"
        ],
        [
            "d229a439b83a277ab75364ece3dd8437f0cca388",
            "c6f3c1d3ed3ba14a7da59580f9abed895c8091a8"
        ],
        [
            "d229a439b83a277ab75364ece3dd8437f0cca388",
            "eace935640432fbf925fbae8ed0b153f2fafbf27"
        ]
    ]
}