{
    "testdir": "/benchmarks/2025-08-26-14-35-03--cpp_misra_deepseek-chat.9/cpp/exercises/practice/diamond",
    "testcase": "diamond",
    "model": "deepseek/deepseek-chat",
    "edit_format": "diff",
    "tests_outcomes": [
        true
    ],
    "cost": 0.00499594,
    "duration": 167.14424204826355,
    "test_timeouts": 0,
    "commit_hash": "32faf82-dirty",
    "num_error_outputs": 0,
    "num_user_asks": 2,
    "num_exhausted_context_windows": 0,
    "num_malformed_responses": 0,
    "syntax_errors": 0,
    "indentation_errors": 0,
    "lazy_comments": 0,
    "reasoning_effort": null,
    "prompt_tokens": 13252,
    "completion_tokens": 3081,
    "thinking_tokens": null,
    "chat_hashes": [
        [
            "d229a439b83a277ab75364ece3dd8437f0cca388",
            "3812fe2662ed0d5f7f01945df9e125146b62aae2"
        ],
        [
            "d229a439b83a277ab75364ece3dd8437f0cca388",
            "8333aa4e078221b1fa53c6c586b71fbe1b373e78"
        ],
        [
            "d229a439b83a277ab75364ece3dd8437f0cca388",
            "e4c86ea10339ce2fd585f3e8bebb22e4777e2058"
        ]
    ]
}