{
    "testdir": "/benchmarks/2025-08-21-13-48-09--misracpp_baseline.19/cpp/exercises/practice/meetup",
    "testcase": "meetup",
    "model": "gpt-4.1",
    "edit_format": "diff",
    "tests_outcomes": [
        false,
        false
    ],
    "cost": 0.249126,
    "duration": 227.57836389541626,
    "test_timeouts": 0,
    "commit_hash": "32faf82-dirty",
    "num_error_outputs": 0,
    "num_user_asks": 5,
    "num_exhausted_context_windows": 0,
    "num_malformed_responses": 0,
    "syntax_errors": 0,
    "indentation_errors": 0,
    "lazy_comments": 0,
    "reasoning_effort": null,
    "prompt_tokens": 152643,
    "completion_tokens": 8124,
    "thinking_tokens": null,
    "chat_hashes": [
        [
            "dd5eb8c6e1e03320d0933ca63c0164ae9d2a0152",
            "1ed17a7a601efa73cb951d53d15fba476111d795"
        ],
        [
            "dd5eb8c6e1e03320d0933ca63c0164ae9d2a0152",
            "4949bc86f30f06db8e624e696d62db31fd621845"
        ],
        [
            "dd5eb8c6e1e03320d0933ca63c0164ae9d2a0152",
            "8369a5a090a6757e67bb66bea4a634851c4e8328"
        ],
        [
            "dd5eb8c6e1e03320d0933ca63c0164ae9d2a0152",
            "db1e8c60fb3505c2e6ba87df667f8400ff01921e"
        ],
        [
            "dd5eb8c6e1e03320d0933ca63c0164ae9d2a0152",
            "616e5516ac7d95758ee43f301809e5ce8b8a1166"
        ],
        [
            "dd5eb8c6e1e03320d0933ca63c0164ae9d2a0152",
            "4d9a4a9e5ee149bd4ac77ebe0599dc899eb0ec28"
        ],
        [
            "dd5eb8c6e1e03320d0933ca63c0164ae9d2a0152",
            "f68a963ddb5a32d58c3af0b2477189dc96957e4e"
        ]
    ]
}