{
    "testdir": "/benchmarks/2025-08-26-21-45-09--cpp_misra_deepseek-chat.15/cpp/exercises/practice/yacht",
    "testcase": "yacht",
    "model": "deepseek/deepseek-chat",
    "edit_format": "diff",
    "tests_outcomes": [
        false,
        true
    ],
    "cost": 0.02174578,
    "duration": 390.48163628578186,
    "test_timeouts": 0,
    "commit_hash": "32faf82-dirty",
    "num_error_outputs": 1,
    "num_user_asks": 1,
    "num_exhausted_context_windows": 0,
    "num_malformed_responses": 1,
    "syntax_errors": 0,
    "indentation_errors": 0,
    "lazy_comments": 0,
    "reasoning_effort": null,
    "prompt_tokens": 62654,
    "completion_tokens": 7788,
    "thinking_tokens": null,
    "chat_hashes": [
        [
            "d229a439b83a277ab75364ece3dd8437f0cca388",
            "bdb6ef6a33174812c5a3f899764181a859a5dbea"
        ],
        [
            "d229a439b83a277ab75364ece3dd8437f0cca388",
            "1533ba43fa41eac500f0d252ff9fad96d70f350f"
        ],
        [
            "d229a439b83a277ab75364ece3dd8437f0cca388",
            "7098e6ba2e0796c515e51eb77561f640eb1f12e3"
        ],
        [
            "d229a439b83a277ab75364ece3dd8437f0cca388",
            "e29325f39b5b8b03f5287ad2b7841a322ff65785"
        ]
    ]
}