{
    "testdir": "/benchmarks/2025-08-26-21-07-40--cpp_misra_deepseek-chat.12/cpp/exercises/practice/queen-attack",
    "testcase": "queen-attack",
    "model": "deepseek/deepseek-chat",
    "edit_format": "diff",
    "tests_outcomes": [
        false,
        true
    ],
    "cost": 0.04364367,
    "duration": 486.4772255420685,
    "test_timeouts": 0,
    "commit_hash": "32faf82-dirty",
    "num_error_outputs": 0,
    "num_user_asks": 4,
    "num_exhausted_context_windows": 0,
    "num_malformed_responses": 0,
    "syntax_errors": 0,
    "indentation_errors": 0,
    "lazy_comments": 0,
    "reasoning_effort": null,
    "prompt_tokens": 188831,
    "completion_tokens": 7139,
    "thinking_tokens": null,
    "chat_hashes": [
        [
            "d229a439b83a277ab75364ece3dd8437f0cca388",
            "86c3567cbdbb4f3965616bba97bc483489a06674"
        ],
        [
            "d229a439b83a277ab75364ece3dd8437f0cca388",
            "f0ae2614777685c01810ce4b42ca385894687d30"
        ],
        [
            "d229a439b83a277ab75364ece3dd8437f0cca388",
            "9cdb26b1c41ebdcc30c8d96c9701347bdddd305e"
        ],
        [
            "d229a439b83a277ab75364ece3dd8437f0cca388",
            "114aa97e06250a05ff8f22a19b2474aca89f980b"
        ],
        [
            "d229a439b83a277ab75364ece3dd8437f0cca388",
            "a56cb5ecf7c450554ba061c9c3bc06dacceeefe2"
        ],
        [
            "d229a439b83a277ab75364ece3dd8437f0cca388",
            "69677b77f6e4e920631ec3f7e1595dad122e5c65"
        ]
    ]
}