{
    "testdir": "/benchmarks/2025-09-19-18-57-30--misracpp_baseline_gpt5.17/cpp/exercises/practice/gigasecond",
    "testcase": "gigasecond",
    "model": "openai/gpt-5",
    "edit_format": "diff",
    "tests_outcomes": [
        false,
        true
    ],
    "cost": 0.14997275000000002,
    "duration": 195.9482479095459,
    "test_timeouts": 0,
    "commit_hash": "32faf82-dirty",
    "num_error_outputs": 1,
    "num_user_asks": 7,
    "num_exhausted_context_windows": 0,
    "num_malformed_responses": 1,
    "syntax_errors": 0,
    "indentation_errors": 0,
    "lazy_comments": 0,
    "reasoning_effort": null,
    "prompt_tokens": 36215,
    "completion_tokens": 13048,
    "thinking_tokens": null,
    "chat_hashes": [
        [
            "5a29f5974d4a87ced71fd7b4b1ae521a58381d25",
            "e40f064c56f5d664f64566478105b94b062bb905"
        ],
        [
            "5a29f5974d4a87ced71fd7b4b1ae521a58381d25",
            "648a9c6accab563c890bab5e94727a8a1f80c213"
        ],
        [
            "5a29f5974d4a87ced71fd7b4b1ae521a58381d25",
            "f8a002cff5ef0d13706d70152f37b435518e8fd8"
        ],
        [
            "5a29f5974d4a87ced71fd7b4b1ae521a58381d25",
            "6fabf98a9e6a46db6ca74b4c256db93b0c87d0e2"
        ],
        [
            "5a29f5974d4a87ced71fd7b4b1ae521a58381d25",
            "1fbf3fa9cb5f4453fe46fa620e55811859c0ed6b"
        ],
        [
            "5a29f5974d4a87ced71fd7b4b1ae521a58381d25",
            "068696bc9999ca3e74e24d8ec01149f172f4357e"
        ],
        [
            "5a29f5974d4a87ced71fd7b4b1ae521a58381d25",
            "fbbb9cacb2d05bf4c4a75e02ee9dee81d40bbc56"
        ],
        [
            "5a29f5974d4a87ced71fd7b4b1ae521a58381d25",
            "9494b90ca7edddff5d72df68f0309dbfae117ee7"
        ]
    ]
}