{
    "testdir": "/benchmarks/2025-09-01-21-47-48--cpp_misra_o3.top10.9/cpp/exercises/practice/linked-list",
    "testcase": "linked-list",
    "model": "o3",
    "edit_format": "diff",
    "tests_outcomes": [
        true
    ],
    "cost": 0.097866,
    "duration": 107.64658856391907,
    "test_timeouts": 0,
    "commit_hash": "32faf82-dirty",
    "num_error_outputs": 0,
    "num_user_asks": 4,
    "num_exhausted_context_windows": 0,
    "num_malformed_responses": 0,
    "syntax_errors": 0,
    "indentation_errors": 0,
    "lazy_comments": 0,
    "reasoning_effort": null,
    "prompt_tokens": 32329,
    "completion_tokens": 6791,
    "thinking_tokens": null,
    "chat_hashes": [
        [
            "5570d71e63f5d28449be40ac390705d540cb9709",
            "eb2bce6f6b98dfb0dfca53228b22ddda77b3cd8e"
        ],
        [
            "5570d71e63f5d28449be40ac390705d540cb9709",
            "48d99e17de58e337d2533dcbb33231a06e1d276a"
        ],
        [
            "5570d71e63f5d28449be40ac390705d540cb9709",
            "700397853d51749b1ad25c9ce3929c1baf8958b3"
        ],
        [
            "5570d71e63f5d28449be40ac390705d540cb9709",
            "e4aff866f7578ccff8f3f8a071c5a94058ea86a7"
        ]
    ]
}