{
    "testdir": "/benchmarks/2025-09-19-15-47-30--misracpp_baseline_gpt5.4/cpp/exercises/practice/space-age",
    "testcase": "space-age",
    "model": "openai/gpt-5",
    "edit_format": "diff",
    "tests_outcomes": [
        true
    ],
    "cost": 0.0687785,
    "duration": 142.8650984764099,
    "test_timeouts": 0,
    "commit_hash": "32faf82-dirty",
    "num_error_outputs": 1,
    "num_user_asks": 1,
    "num_exhausted_context_windows": 0,
    "num_malformed_responses": 1,
    "syntax_errors": 0,
    "indentation_errors": 0,
    "lazy_comments": 0,
    "reasoning_effort": null,
    "prompt_tokens": 11354,
    "completion_tokens": 6049,
    "thinking_tokens": null,
    "chat_hashes": [
        [
            "5a29f5974d4a87ced71fd7b4b1ae521a58381d25",
            "e56b19d95a2bdb38ae421bb112605b78bf15e94e"
        ],
        [
            "5a29f5974d4a87ced71fd7b4b1ae521a58381d25",
            "b4934ccc0a362777a9cf691be50c9d60f8c8f49f"
        ],
        [
            "5a29f5974d4a87ced71fd7b4b1ae521a58381d25",
            "4362b9f4335ce68301781a61bfa6345e5a5f1c2d"
        ]
    ]
}