{
    "testdir": "/benchmarks/2025-08-31-21-03-15--cpp_misra_deepseek-chat.top5.2/cpp/exercises/practice/grade-school",
    "testcase": "grade-school",
    "model": "deepseek/deepseek-chat",
    "edit_format": "diff",
    "tests_outcomes": [
        false,
        false
    ],
    "cost": 0.041281499999981104,
    "duration": 268.2654013633728,
    "test_timeouts": 0,
    "commit_hash": "32faf82-dirty",
    "num_error_outputs": 2,
    "num_user_asks": 5,
    "num_exhausted_context_windows": 1,
    "num_malformed_responses": 0,
    "syntax_errors": 0,
    "indentation_errors": 0,
    "lazy_comments": 0,
    "reasoning_effort": null,
    "prompt_tokens": 145280,
    "completion_tokens": 4557,
    "thinking_tokens": null,
    "chat_hashes": [
        [
            "d229a439b83a277ab75364ece3dd8437f0cca388",
            "9f67253e99105b12d7653072fce39874149efb56"
        ],
        [
            "d229a439b83a277ab75364ece3dd8437f0cca388",
            "63f3674aaa565da312e580b7e5cff5a50b35f3e6"
        ],
        [
            "d229a439b83a277ab75364ece3dd8437f0cca388",
            "6cf7e13f7fc321a0feaa0d5de5aafd69f9085502"
        ],
        [
            "d229a439b83a277ab75364ece3dd8437f0cca388",
            "e9b54d00f70c4d9314f56e9f95b3617d8639ff3f"
        ]
    ]
}