{
    "testdir": "/benchmarks/2025-09-19-17-54-37--misracpp_baseline_gpt5.12/cpp/exercises/practice/clock",
    "testcase": "clock",
    "model": "openai/gpt-5",
    "edit_format": "diff",
    "tests_outcomes": [
        true
    ],
    "cost": 0.1273745,
    "duration": 193.292866230011,
    "test_timeouts": 0,
    "commit_hash": "32faf82-dirty",
    "num_error_outputs": 1,
    "num_user_asks": 3,
    "num_exhausted_context_windows": 0,
    "num_malformed_responses": 1,
    "syntax_errors": 0,
    "indentation_errors": 0,
    "lazy_comments": 0,
    "reasoning_effort": null,
    "prompt_tokens": 14034,
    "completion_tokens": 11660,
    "thinking_tokens": null,
    "chat_hashes": [
        [
            "5a29f5974d4a87ced71fd7b4b1ae521a58381d25",
            "50ca640ed719372af7e273288278aa7e6f650cb5"
        ],
        [
            "5a29f5974d4a87ced71fd7b4b1ae521a58381d25",
            "4e7ab83291abfd6760ea3654c9ca7ef761d1954e"
        ],
        [
            "5a29f5974d4a87ced71fd7b4b1ae521a58381d25",
            "f02788676f5b9a7b4fd65eaa14ba62486634d7e5"
        ],
        [
            "5a29f5974d4a87ced71fd7b4b1ae521a58381d25",
            "289d0f7eafff8a744c5d7694dc2d6e8cccf4e8f3"
        ]
    ]
}