{
    "testdir": "/benchmarks/2025-08-21-09-48-51--misracpp_baseline.8/cpp/exercises/practice/queen-attack",
    "testcase": "queen-attack",
    "model": "gpt-4.1",
    "edit_format": "diff",
    "tests_outcomes": [
        false,
        false
    ],
    "cost": 0.068124,
    "duration": 46.16029214859009,
    "test_timeouts": 0,
    "commit_hash": "32faf82-dirty",
    "num_error_outputs": 8,
    "num_user_asks": 0,
    "num_exhausted_context_windows": 0,
    "num_malformed_responses": 8,
    "syntax_errors": 0,
    "indentation_errors": 0,
    "lazy_comments": 0,
    "reasoning_effort": null,
    "prompt_tokens": 46082,
    "completion_tokens": 2059,
    "thinking_tokens": null,
    "chat_hashes": [
        [
            "dd5eb8c6e1e03320d0933ca63c0164ae9d2a0152",
            "9e3be2d866e73c24f3a8af4ca157504faee8e20f"
        ],
        [
            "dd5eb8c6e1e03320d0933ca63c0164ae9d2a0152",
            "044866e126b89133b72dfeb3bdb17bdd3ba8aa15"
        ],
        [
            "dd5eb8c6e1e03320d0933ca63c0164ae9d2a0152",
            "044866e126b89133b72dfeb3bdb17bdd3ba8aa15"
        ],
        [
            "dd5eb8c6e1e03320d0933ca63c0164ae9d2a0152",
            "044866e126b89133b72dfeb3bdb17bdd3ba8aa15"
        ],
        [
            "dd5eb8c6e1e03320d0933ca63c0164ae9d2a0152",
            "ef4373b06b977371ffd2859d46bed817a5701e73"
        ],
        [
            "dd5eb8c6e1e03320d0933ca63c0164ae9d2a0152",
            "0b4be082043527525c3fcd9711312c859babcbc1"
        ],
        [
            "dd5eb8c6e1e03320d0933ca63c0164ae9d2a0152",
            "0b4be082043527525c3fcd9711312c859babcbc1"
        ],
        [
            "dd5eb8c6e1e03320d0933ca63c0164ae9d2a0152",
            "0b4be082043527525c3fcd9711312c859babcbc1"
        ]
    ]
}