{
    "testdir": "/benchmarks/2025-09-19-15-30-29--misracpp_baseline_gpt5.3/cpp/exercises/practice/spiral-matrix",
    "testcase": "spiral-matrix",
    "model": "openai/gpt-5",
    "edit_format": "diff",
    "tests_outcomes": [
        false,
        false
    ],
    "cost": 0.23961550000000004,
    "duration": 579.0627307891846,
    "test_timeouts": 0,
    "commit_hash": "32faf82-dirty",
    "num_error_outputs": 0,
    "num_user_asks": 8,
    "num_exhausted_context_windows": 0,
    "num_malformed_responses": 0,
    "syntax_errors": 0,
    "indentation_errors": 0,
    "lazy_comments": 0,
    "reasoning_effort": null,
    "prompt_tokens": 44382,
    "completion_tokens": 21697,
    "thinking_tokens": null,
    "chat_hashes": [
        [
            "5a29f5974d4a87ced71fd7b4b1ae521a58381d25",
            "79d5d93ac651b18cc89e4ecfca77c94f3da1d262"
        ],
        [
            "5a29f5974d4a87ced71fd7b4b1ae521a58381d25",
            "e34c247e8bb62aac8ecfb38b18a7b7f45e3467c1"
        ],
        [
            "5a29f5974d4a87ced71fd7b4b1ae521a58381d25",
            "640fb80587cce6b29e55f591ce9e570d71a6bbf0"
        ],
        [
            "5a29f5974d4a87ced71fd7b4b1ae521a58381d25",
            "69438ebfcef4f1fa2a169571f2b2a5a73e3e5bb9"
        ],
        [
            "5a29f5974d4a87ced71fd7b4b1ae521a58381d25",
            "640fb80587cce6b29e55f591ce9e570d71a6bbf0"
        ],
        [
            "5a29f5974d4a87ced71fd7b4b1ae521a58381d25",
            "2364e5125b20ead70f13a3c2173958ffcc4795e1"
        ],
        [
            "5a29f5974d4a87ced71fd7b4b1ae521a58381d25",
            "37243106456eb90d633eb6e338f81814df24ade1"
        ],
        [
            "5a29f5974d4a87ced71fd7b4b1ae521a58381d25",
            "e324f61574d53cdaf565925262306dc423e298cc"
        ]
    ]
}