{
    "testdir": "/benchmarks/2025-08-26-13-18-51--cpp_misra_deepseek-chat.3/cpp/exercises/practice/diamond",
    "testcase": "diamond",
    "model": "deepseek/deepseek-chat",
    "edit_format": "diff",
    "tests_outcomes": [
        false,
        true
    ],
    "cost": 0.00762083,
    "duration": 241.04244112968445,
    "test_timeouts": 0,
    "commit_hash": "32faf82-dirty",
    "num_error_outputs": 0,
    "num_user_asks": 2,
    "num_exhausted_context_windows": 0,
    "num_malformed_responses": 0,
    "syntax_errors": 0,
    "indentation_errors": 0,
    "lazy_comments": 0,
    "reasoning_effort": null,
    "prompt_tokens": 22169,
    "completion_tokens": 4256,
    "thinking_tokens": null,
    "chat_hashes": [
        [
            "d229a439b83a277ab75364ece3dd8437f0cca388",
            "63c427f92f6efe582fbf578470daebe8e17bf0de"
        ],
        [
            "d229a439b83a277ab75364ece3dd8437f0cca388",
            "41da276d3ccfd3b666bbfedf875a136be9f35ff0"
        ],
        [
            "d229a439b83a277ab75364ece3dd8437f0cca388",
            "009bf2cd2f2f221445e9fdba4c66fd58fea377a3"
        ],
        [
            "d229a439b83a277ab75364ece3dd8437f0cca388",
            "eaa0d23193bf40f5b31e1332dde98ea8de2322ff"
        ]
    ]
}