{
    "testdir": "/benchmarks/2025-08-31-18-13-56--cpp_misra_o3.top5.2/cpp/exercises/practice/complex-numbers",
    "testcase": "complex-numbers",
    "model": "o3",
    "edit_format": "diff",
    "tests_outcomes": [
        false,
        false
    ],
    "cost": 0.09686,
    "duration": 114.42046332359314,
    "test_timeouts": 0,
    "commit_hash": "32faf82-dirty",
    "num_error_outputs": 1,
    "num_user_asks": 1,
    "num_exhausted_context_windows": 0,
    "num_malformed_responses": 1,
    "syntax_errors": 0,
    "indentation_errors": 0,
    "lazy_comments": 0,
    "reasoning_effort": null,
    "prompt_tokens": 25302,
    "completion_tokens": 7702,
    "thinking_tokens": null,
    "chat_hashes": [
        [
            "5570d71e63f5d28449be40ac390705d540cb9709",
            "dde7bfa497df26883386bb8aeb9b82836c97f589"
        ],
        [
            "5570d71e63f5d28449be40ac390705d540cb9709",
            "21e3b40b4ffa07d2796abd13ce3de2007a4636f0"
        ],
        [
            "5570d71e63f5d28449be40ac390705d540cb9709",
            "a8e04940020ac4cfb8cf3c8c034587728daafbd7"
        ],
        [
            "5570d71e63f5d28449be40ac390705d540cb9709",
            "4bbcefd1f7be175a757166ef16eec26e8455ceb3"
        ]
    ]
}