{
    "testdir": "/benchmarks/2025-09-23-18-10-09--cpp_misra_gpt5.top5.17/cpp/exercises/practice/allergies",
    "testcase": "allergies",
    "model": "openai/gpt-5",
    "edit_format": "diff",
    "tests_outcomes": [
        false,
        false
    ],
    "cost": 0.13125250000000002,
    "duration": 219.51723432540894,
    "test_timeouts": 0,
    "commit_hash": "32faf82-dirty",
    "num_error_outputs": 2,
    "num_user_asks": 3,
    "num_exhausted_context_windows": 0,
    "num_malformed_responses": 1,
    "syntax_errors": 0,
    "indentation_errors": 0,
    "lazy_comments": 0,
    "reasoning_effort": null,
    "prompt_tokens": 19634,
    "completion_tokens": 11751,
    "thinking_tokens": null,
    "chat_hashes": [
        [
            "5a29f5974d4a87ced71fd7b4b1ae521a58381d25",
            "9c4a2b87eb00ff4491640ac8c799b3e48b1771c5"
        ],
        [
            "5a29f5974d4a87ced71fd7b4b1ae521a58381d25",
            "0c041f89c9970b64de4f225a2ae1e0d7f4e9e6a2"
        ],
        [
            "5a29f5974d4a87ced71fd7b4b1ae521a58381d25",
            "94feac0bc03d508a4da8cc98e8c68f4ab7c77a5c"
        ],
        [
            "5a29f5974d4a87ced71fd7b4b1ae521a58381d25",
            "24bb847632d192931814b96eb3ff635abbbdbbb4"
        ]
    ]
}