{
    "testdir": "/benchmarks/2025-08-31-20-04-10--cpp_misra_o3.top5.19/cpp/exercises/practice/allergies",
    "testcase": "allergies",
    "model": "o3",
    "edit_format": "diff",
    "tests_outcomes": [
        false,
        false
    ],
    "cost": 0.9559699999999999,
    "duration": 110.92498111724854,
    "test_timeouts": 0,
    "commit_hash": "32faf82-dirty",
    "num_error_outputs": 3,
    "num_user_asks": 5,
    "num_exhausted_context_windows": 1,
    "num_malformed_responses": 1,
    "syntax_errors": 0,
    "indentation_errors": 0,
    "lazy_comments": 0,
    "reasoning_effort": null,
    "prompt_tokens": 454557,
    "completion_tokens": 7777,
    "thinking_tokens": null,
    "chat_hashes": [
        [
            "5570d71e63f5d28449be40ac390705d540cb9709",
            "b1aa322b20e469f16003666f1f47d7535edddbfa"
        ],
        [
            "5570d71e63f5d28449be40ac390705d540cb9709",
            "ccdaea16dcec6e779066e1753e0fb41db3bb9296"
        ],
        [
            "5570d71e63f5d28449be40ac390705d540cb9709",
            "ac28b34f480e36bbbb52c06e92979f98aa758a48"
        ],
        [
            "5570d71e63f5d28449be40ac390705d540cb9709",
            "c35bab795b848d7a89145e56984015177b21625c"
        ]
    ]
}