{
    "testdir": "/benchmarks/2025-09-23-21-30-29--cpp_misra_gpt5.top5.21/cpp/exercises/practice/sublist",
    "testcase": "sublist",
    "model": "openai/gpt-5",
    "edit_format": "diff",
    "tests_outcomes": [
        false,
        true
    ],
    "cost": 0.35764625,
    "duration": 663.5480778217316,
    "test_timeouts": 0,
    "commit_hash": "32faf82-dirty",
    "num_error_outputs": 0,
    "num_user_asks": 8,
    "num_exhausted_context_windows": 0,
    "num_malformed_responses": 0,
    "syntax_errors": 0,
    "indentation_errors": 0,
    "lazy_comments": 0,
    "reasoning_effort": null,
    "prompt_tokens": 105021,
    "completion_tokens": 29189,
    "thinking_tokens": null,
    "chat_hashes": [
        [
            "5a29f5974d4a87ced71fd7b4b1ae521a58381d25",
            "30eebac3b933971eb69fb379a6a10c791f2cd3c6"
        ],
        [
            "5a29f5974d4a87ced71fd7b4b1ae521a58381d25",
            "897d9df4e52f6aa492a3843644afe679272cfd8f"
        ],
        [
            "5a29f5974d4a87ced71fd7b4b1ae521a58381d25",
            "20ee2a51e56adaba80b67eef5c7bb30face84258"
        ],
        [
            "5a29f5974d4a87ced71fd7b4b1ae521a58381d25",
            "821a0fe7f37ad6ecf3f80e806ca1cd73cba13ea7"
        ],
        [
            "5a29f5974d4a87ced71fd7b4b1ae521a58381d25",
            "dbe889a06975e69158c0e3ae9762e9ace2835af3"
        ],
        [
            "5a29f5974d4a87ced71fd7b4b1ae521a58381d25",
            "dceb1fad577593643be8d4c60f09469fefa4d517"
        ],
        [
            "5a29f5974d4a87ced71fd7b4b1ae521a58381d25",
            "2030e4786a580c2c913abdef3a8930bb53a33622"
        ],
        [
            "5a29f5974d4a87ced71fd7b4b1ae521a58381d25",
            "1e83468d4f134d4ed2541aabfb68b2a50e4fb016"
        ]
    ]
}