{
    "testdir": "/benchmarks/2025-08-27-13-06-42--misracpp_baseline_o3.1/cpp/exercises/practice/allergies",
    "testcase": "allergies",
    "model": "o3",
    "edit_format": "diff",
    "tests_outcomes": [
        false,
        false
    ],
    "cost": 0.6124319999999999,
    "duration": 101.78503012657166,
    "test_timeouts": 0,
    "commit_hash": "32faf82-dirty",
    "num_error_outputs": 2,
    "num_user_asks": 6,
    "num_exhausted_context_windows": 1,
    "num_malformed_responses": 0,
    "syntax_errors": 0,
    "indentation_errors": 0,
    "lazy_comments": 0,
    "reasoning_effort": null,
    "prompt_tokens": 292336,
    "completion_tokens": 4598,
    "thinking_tokens": null,
    "chat_hashes": [
        [
            "5570d71e63f5d28449be40ac390705d540cb9709",
            "3a950a513812fab4a6779b76337bc4f8270621ad"
        ],
        [
            "5570d71e63f5d28449be40ac390705d540cb9709",
            "0c8579396922635283fa7e690a4cc59cd49b4526"
        ],
        [
            "5570d71e63f5d28449be40ac390705d540cb9709",
            "8b0a696aeed859191e3e68e216932b493388ce17"
        ],
        [
            "5570d71e63f5d28449be40ac390705d540cb9709",
            "f6d0cb64c66916cde835c581b6a986169e1cfc42"
        ]
    ]
}