{
    "testdir": "/benchmarks/2025-09-23-18-34-20--cpp_misra_gpt5.top5.18/cpp/exercises/practice/allergies",
    "testcase": "allergies",
    "model": "openai/gpt-5",
    "edit_format": "diff",
    "tests_outcomes": [
        false,
        false
    ],
    "cost": 0.148005,
    "duration": 252.49523639678955,
    "test_timeouts": 0,
    "commit_hash": "32faf82-dirty",
    "num_error_outputs": 2,
    "num_user_asks": 3,
    "num_exhausted_context_windows": 0,
    "num_malformed_responses": 1,
    "syntax_errors": 0,
    "indentation_errors": 0,
    "lazy_comments": 0,
    "reasoning_effort": null,
    "prompt_tokens": 21396,
    "completion_tokens": 13278,
    "thinking_tokens": null,
    "chat_hashes": [
        [
            "5a29f5974d4a87ced71fd7b4b1ae521a58381d25",
            "e40f2660fea94246d137ff70e596021e53888e42"
        ],
        [
            "5a29f5974d4a87ced71fd7b4b1ae521a58381d25",
            "10c362eef682530581c72688452722c4f8fb5628"
        ],
        [
            "5a29f5974d4a87ced71fd7b4b1ae521a58381d25",
            "de7b2739708a15764b83e00ae861b05f0442e080"
        ],
        [
            "5a29f5974d4a87ced71fd7b4b1ae521a58381d25",
            "194a58d41d6f4c3d4c9629805455d59aff16f376"
        ]
    ]
}