{
    "testdir": "/benchmarks/2025-08-21-13-05-31--misracpp_baseline.12/cpp/exercises/practice/clock",
    "testcase": "clock",
    "model": "gpt-4.1",
    "edit_format": "diff",
    "tests_outcomes": [
        false,
        false
    ],
    "cost": 0.058938,
    "duration": 81.44071960449219,
    "test_timeouts": 0,
    "commit_hash": "32faf82-dirty",
    "num_error_outputs": 0,
    "num_user_asks": 8,
    "num_exhausted_context_windows": 0,
    "num_malformed_responses": 0,
    "syntax_errors": 0,
    "indentation_errors": 0,
    "lazy_comments": 0,
    "reasoning_effort": null,
    "prompt_tokens": 36153,
    "completion_tokens": 2385,
    "thinking_tokens": null,
    "chat_hashes": [
        [
            "dd5eb8c6e1e03320d0933ca63c0164ae9d2a0152",
            "e227c18381efd4656cbc4f245e9dd94eee5004b4"
        ],
        [
            "dd5eb8c6e1e03320d0933ca63c0164ae9d2a0152",
            "a9dc14942b28a094adc6c86bd583c0312c1fbc36"
        ],
        [
            "dd5eb8c6e1e03320d0933ca63c0164ae9d2a0152",
            "a9fe045c770776e5f90ec7c87014f2506cfd8ac2"
        ],
        [
            "dd5eb8c6e1e03320d0933ca63c0164ae9d2a0152",
            "10d0de0b9260e9a692c5bd949d534ac605f9713a"
        ],
        [
            "dd5eb8c6e1e03320d0933ca63c0164ae9d2a0152",
            "b71deaa0fdb4ace0142ba4e901ff3d452e96cce1"
        ],
        [
            "dd5eb8c6e1e03320d0933ca63c0164ae9d2a0152",
            "21873a86fed4f166e76306530dfd9b2888c0c360"
        ],
        [
            "dd5eb8c6e1e03320d0933ca63c0164ae9d2a0152",
            "101eae79a61144ef4f95bd9de6da5b05664e256a"
        ],
        [
            "dd5eb8c6e1e03320d0933ca63c0164ae9d2a0152",
            "9438fe4b062ee4303d6d7c886cce52aeaf73f52d"
        ]
    ]
}