{
    "testdir": "/benchmarks/2025-08-22-11-49-53--misracpp_baseline_deepseek-chat.17/cpp/exercises/practice/knapsack",
    "testcase": "knapsack",
    "model": "deepseek/deepseek-chat",
    "edit_format": "diff",
    "tests_outcomes": [
        false,
        true
    ],
    "cost": 0.00829031,
    "duration": 244.3117663860321,
    "test_timeouts": 0,
    "commit_hash": "32faf82-dirty",
    "num_error_outputs": 0,
    "num_user_asks": 2,
    "num_exhausted_context_windows": 0,
    "num_malformed_responses": 0,
    "syntax_errors": 0,
    "indentation_errors": 0,
    "lazy_comments": 0,
    "reasoning_effort": null,
    "prompt_tokens": 21573,
    "completion_tokens": 4592,
    "thinking_tokens": null,
    "chat_hashes": [
        [
            "d229a439b83a277ab75364ece3dd8437f0cca388",
            "1e1f723441b506771828b2b432d7f60ea13774b6"
        ],
        [
            "d229a439b83a277ab75364ece3dd8437f0cca388",
            "0cc0fefba9db9ed2bc1d75af067ed1ef54ab1f28"
        ],
        [
            "d229a439b83a277ab75364ece3dd8437f0cca388",
            "c3f2d386d3cae75b7a2e35b7eb8bb6f11f6eddcf"
        ],
        [
            "d229a439b83a277ab75364ece3dd8437f0cca388",
            "2283ca03a179159f75e5a94cc51640ce7fd2d83f"
        ]
    ]
}