{
    "testdir": "/benchmarks/2025-08-27-14-39-38--misracpp_baseline_o3.12/cpp/exercises/practice/meetup",
    "testcase": "meetup",
    "model": "o3",
    "edit_format": "diff",
    "tests_outcomes": [
        false,
        false
    ],
    "cost": 0.38111,
    "duration": 584.6922311782837,
    "test_timeouts": 0,
    "commit_hash": "32faf82-dirty",
    "num_error_outputs": 0,
    "num_user_asks": 7,
    "num_exhausted_context_windows": 0,
    "num_malformed_responses": 0,
    "syntax_errors": 0,
    "indentation_errors": 0,
    "lazy_comments": 0,
    "reasoning_effort": null,
    "prompt_tokens": 134551,
    "completion_tokens": 26217,
    "thinking_tokens": null,
    "chat_hashes": [
        [
            "5570d71e63f5d28449be40ac390705d540cb9709",
            "f14759d8b37f4f6f68fd0a131060712ebf49c391"
        ],
        [
            "5570d71e63f5d28449be40ac390705d540cb9709",
            "d4a59422c525efe356c74ac3aa4a96a5b1d8d56f"
        ],
        [
            "5570d71e63f5d28449be40ac390705d540cb9709",
            "f2ef6325c94f4ab060f81f938aa0abe7280dfa53"
        ],
        [
            "5570d71e63f5d28449be40ac390705d540cb9709",
            "06dec7e479ae51ec1f5d7dde3c3b254a3d1a8be9"
        ],
        [
            "5570d71e63f5d28449be40ac390705d540cb9709",
            "bdf0cfe3c3d32c75bd3686bab75d4b9ed20e87dd"
        ],
        [
            "5570d71e63f5d28449be40ac390705d540cb9709",
            "fd0cf4934e82832264706ca414cd08592126642d"
        ],
        [
            "5570d71e63f5d28449be40ac390705d540cb9709",
            "cefd16389ac2b997e67703809f4c876df5608ba5"
        ],
        [
            "5570d71e63f5d28449be40ac390705d540cb9709",
            "018c3c7245501812260fb066be39941563377432"
        ]
    ]
}