{
    "testdir": "/benchmarks/2025-09-19-18-07-24--misracpp_baseline_gpt5.13/cpp/exercises/practice/spiral-matrix",
    "testcase": "spiral-matrix",
    "model": "openai/gpt-5",
    "edit_format": "diff",
    "tests_outcomes": [
        false,
        false
    ],
    "cost": 0.17823350000000002,
    "duration": 267.92324924468994,
    "test_timeouts": 0,
    "commit_hash": "32faf82-dirty",
    "num_error_outputs": 0,
    "num_user_asks": 8,
    "num_exhausted_context_windows": 0,
    "num_malformed_responses": 0,
    "syntax_errors": 0,
    "indentation_errors": 0,
    "lazy_comments": 0,
    "reasoning_effort": null,
    "prompt_tokens": 41390,
    "completion_tokens": 15328,
    "thinking_tokens": null,
    "chat_hashes": [
        [
            "5a29f5974d4a87ced71fd7b4b1ae521a58381d25",
            "1a19eb453e5708e4ab11dfc75a6ad2c2c7acbd02"
        ],
        [
            "5a29f5974d4a87ced71fd7b4b1ae521a58381d25",
            "b291dbca4f875f9a47a4996b8e8065002d98cff4"
        ],
        [
            "5a29f5974d4a87ced71fd7b4b1ae521a58381d25",
            "36d4d588c40cee68d595bcde6f478f39f0d6bd84"
        ],
        [
            "5a29f5974d4a87ced71fd7b4b1ae521a58381d25",
            "e6ab283ee6d5678b81f4ab275da76dea64e34a43"
        ],
        [
            "5a29f5974d4a87ced71fd7b4b1ae521a58381d25",
            "fa70e0b882f337187aa19104db91587b2d9d5f7d"
        ],
        [
            "5a29f5974d4a87ced71fd7b4b1ae521a58381d25",
            "9ff832ccbd433c7d891792ae93950f7a5ec1d33a"
        ],
        [
            "5a29f5974d4a87ced71fd7b4b1ae521a58381d25",
            "a06055a94e8a53aafe08deb6d388d39076886de8"
        ],
        [
            "5a29f5974d4a87ced71fd7b4b1ae521a58381d25",
            "40c3e2ac36c234a1a14f51c9e1e946f3afb84dd6"
        ]
    ]
}