{
    "testdir": "/benchmarks/2025-08-26-11-05-03--cpp_misra.top3.3/cpp/exercises/practice/clock",
    "testcase": "clock",
    "model": "gpt-4.1",
    "edit_format": "diff",
    "tests_outcomes": [
        false,
        false
    ],
    "cost": 0.069642,
    "duration": 114.24981045722961,
    "test_timeouts": 0,
    "commit_hash": "32faf82-dirty",
    "num_error_outputs": 0,
    "num_user_asks": 8,
    "num_exhausted_context_windows": 0,
    "num_malformed_responses": 0,
    "syntax_errors": 0,
    "indentation_errors": 0,
    "lazy_comments": 0,
    "reasoning_effort": null,
    "prompt_tokens": 45353,
    "completion_tokens": 2815,
    "thinking_tokens": null,
    "chat_hashes": [
        [
            "dd5eb8c6e1e03320d0933ca63c0164ae9d2a0152",
            "ffd94031d3a9b267d971f9208d5bf33ca2a561a0"
        ],
        [
            "dd5eb8c6e1e03320d0933ca63c0164ae9d2a0152",
            "ee0a0844c80e8adbfab12a44815f7b224f632644"
        ],
        [
            "dd5eb8c6e1e03320d0933ca63c0164ae9d2a0152",
            "c0854c0117ea57fdc4e1baec59f1add1e6564ab3"
        ],
        [
            "dd5eb8c6e1e03320d0933ca63c0164ae9d2a0152",
            "ee0a0844c80e8adbfab12a44815f7b224f632644"
        ],
        [
            "dd5eb8c6e1e03320d0933ca63c0164ae9d2a0152",
            "59f3c3fd4f2c0013ad43037deeb797ed69e3297a"
        ],
        [
            "dd5eb8c6e1e03320d0933ca63c0164ae9d2a0152",
            "65f5c36ab62e8fbdecc68fdc202986dcc7a7a793"
        ],
        [
            "dd5eb8c6e1e03320d0933ca63c0164ae9d2a0152",
            "6d312d954986db75f81c30bc13c868c54e511832"
        ],
        [
            "dd5eb8c6e1e03320d0933ca63c0164ae9d2a0152",
            "19a5e4273871e7d2cf2f74d11a9b2da1824e7cfd"
        ]
    ]
}