{
    "testdir": "/benchmarks/2025-09-19-17-07-49--misracpp_baseline_gpt5.9/cpp/exercises/practice/linked-list",
    "testcase": "linked-list",
    "model": "openai/gpt-5",
    "edit_format": "diff",
    "tests_outcomes": [
        true
    ],
    "cost": 0.08834775,
    "duration": 116.21994304656982,
    "test_timeouts": 0,
    "commit_hash": "32faf82-dirty",
    "num_error_outputs": 3,
    "num_user_asks": 1,
    "num_exhausted_context_windows": 0,
    "num_malformed_responses": 3,
    "syntax_errors": 0,
    "indentation_errors": 0,
    "lazy_comments": 0,
    "reasoning_effort": null,
    "prompt_tokens": 22475,
    "completion_tokens": 7163,
    "thinking_tokens": null,
    "chat_hashes": [
        [
            "5a29f5974d4a87ced71fd7b4b1ae521a58381d25",
            "524a09a68aa315c50f73e22966719984691d283d"
        ],
        [
            "5a29f5974d4a87ced71fd7b4b1ae521a58381d25",
            "c5feab8bae8a1fe3cf56ba32dc0828b9b4e441bd"
        ],
        [
            "5a29f5974d4a87ced71fd7b4b1ae521a58381d25",
            "b424b1e4f0bec1d626872ccb43df7d2390956cdb"
        ],
        [
            "5a29f5974d4a87ced71fd7b4b1ae521a58381d25",
            "b424b1e4f0bec1d626872ccb43df7d2390956cdb"
        ]
    ]
}