{
    "testdir": "/benchmarks/2025-09-01-21-40-22--cpp_misra_o3.top10.8/cpp/exercises/practice/phone-number",
    "testcase": "phone-number",
    "model": "o3",
    "edit_format": "diff",
    "tests_outcomes": [
        false,
        false
    ],
    "cost": 0.109316,
    "duration": 124.98814582824707,
    "test_timeouts": 0,
    "commit_hash": "32faf82-dirty",
    "num_error_outputs": 0,
    "num_user_asks": 2,
    "num_exhausted_context_windows": 0,
    "num_malformed_responses": 0,
    "syntax_errors": 0,
    "indentation_errors": 0,
    "lazy_comments": 0,
    "reasoning_effort": null,
    "prompt_tokens": 27650,
    "completion_tokens": 9272,
    "thinking_tokens": null,
    "chat_hashes": [
        [
            "5570d71e63f5d28449be40ac390705d540cb9709",
            "1fd6590997c4415e376cd6c1b6ed84f657a81b2d"
        ],
        [
            "5570d71e63f5d28449be40ac390705d540cb9709",
            "1b8568cca81e1d185e146629243bbea6c19ef33f"
        ],
        [
            "5570d71e63f5d28449be40ac390705d540cb9709",
            "62e78de05e5aa380c8d76946676702bca317a7ae"
        ],
        [
            "5570d71e63f5d28449be40ac390705d540cb9709",
            "98ae5db4702d523581edea3a5e56e0a10e4d6802"
        ]
    ]
}