{
    "testdir": "/benchmarks/2025-08-26-12-05-28--cpp_misra.top3.16/cpp/exercises/practice/space-age",
    "testcase": "space-age",
    "model": "gpt-4.1",
    "edit_format": "diff",
    "tests_outcomes": [
        true
    ],
    "cost": 0.02305,
    "duration": 18.15766668319702,
    "test_timeouts": 0,
    "commit_hash": "32faf82-dirty",
    "num_error_outputs": 0,
    "num_user_asks": 4,
    "num_exhausted_context_windows": 0,
    "num_malformed_responses": 0,
    "syntax_errors": 0,
    "indentation_errors": 0,
    "lazy_comments": 0,
    "reasoning_effort": null,
    "prompt_tokens": 18549,
    "completion_tokens": 1388,
    "thinking_tokens": null,
    "chat_hashes": [
        [
            "dd5eb8c6e1e03320d0933ca63c0164ae9d2a0152",
            "88d227569791cb34ee28dd996d407311fd8a4ac5"
        ],
        [
            "dd5eb8c6e1e03320d0933ca63c0164ae9d2a0152",
            "fbc3baf44171b1900e0640ecc2ea1c2b300337b3"
        ],
        [
            "dd5eb8c6e1e03320d0933ca63c0164ae9d2a0152",
            "ed6be62957dd2261ba080658bba212795468db9a"
        ],
        [
            "dd5eb8c6e1e03320d0933ca63c0164ae9d2a0152",
            "ed6be62957dd2261ba080658bba212795468db9a"
        ]
    ]
}