{
    "testdir": "/benchmarks/2025-09-23-15-56-44--cpp_misra_gpt5.top5.10/cpp/exercises/practice/kindergarten-garden",
    "testcase": "kindergarten-garden",
    "model": "openai/gpt-5",
    "edit_format": "diff",
    "tests_outcomes": [
        false,
        true
    ],
    "cost": 0.24724100000000004,
    "duration": 615.0460443496704,
    "test_timeouts": 0,
    "commit_hash": "32faf82-dirty",
    "num_error_outputs": 0,
    "num_user_asks": 2,
    "num_exhausted_context_windows": 0,
    "num_malformed_responses": 0,
    "syntax_errors": 0,
    "indentation_errors": 0,
    "lazy_comments": 0,
    "reasoning_effort": null,
    "prompt_tokens": 56236,
    "completion_tokens": 18573,
    "thinking_tokens": null,
    "chat_hashes": [
        [
            "5a29f5974d4a87ced71fd7b4b1ae521a58381d25",
            "646d8ad7d2ed58a845414e28c99bb1526470faf6"
        ],
        [
            "5a29f5974d4a87ced71fd7b4b1ae521a58381d25",
            "1a80a28388280ef5ac053ebb03cf56b1343e2a7e"
        ],
        [
            "5a29f5974d4a87ced71fd7b4b1ae521a58381d25",
            "c9edb00eb9e799b5212268a2a174a1a12ecf6da1"
        ],
        [
            "5a29f5974d4a87ced71fd7b4b1ae521a58381d25",
            "bc51f69ad79780bc49aeba18130b11e4890c2b70"
        ]
    ]
}