{
    "testdir": "/benchmarks/2025-08-27-14-49-54--misracpp_baseline_o3.13/cpp/exercises/practice/bank-account",
    "testcase": "bank-account",
    "model": "o3",
    "edit_format": "diff",
    "tests_outcomes": [
        false,
        false
    ],
    "cost": 0.11893999999999999,
    "duration": 181.30061984062195,
    "test_timeouts": 0,
    "commit_hash": "32faf82-dirty",
    "num_error_outputs": 0,
    "num_user_asks": 3,
    "num_exhausted_context_windows": 0,
    "num_malformed_responses": 0,
    "syntax_errors": 0,
    "indentation_errors": 0,
    "lazy_comments": 0,
    "reasoning_effort": null,
    "prompt_tokens": 25134,
    "completion_tokens": 10000,
    "thinking_tokens": null,
    "chat_hashes": [
        [
            "5570d71e63f5d28449be40ac390705d540cb9709",
            "53f23a21eee2749d2634075c7eabea7f8ff1022b"
        ],
        [
            "5570d71e63f5d28449be40ac390705d540cb9709",
            "110c280133e0e39739a901adc9a103f4abb6e478"
        ],
        [
            "5570d71e63f5d28449be40ac390705d540cb9709",
            "8d7281e65218e74d0a63182263b29e4c3600cb4a"
        ],
        [
            "5570d71e63f5d28449be40ac390705d540cb9709",
            "c46037cd445818d46c2e6f7ea11dfc56db808147"
        ],
        [
            "5570d71e63f5d28449be40ac390705d540cb9709",
            "30e25f82cdb599e06ebbed7e30e8340817ddd800"
        ]
    ]
}