{
    "testdir": "/benchmarks/2025-08-22-11-18-48--misracpp_baseline_deepseek-chat.14/cpp/exercises/practice/queen-attack",
    "testcase": "queen-attack",
    "model": "deepseek/deepseek-chat",
    "edit_format": "diff",
    "tests_outcomes": [
        true
    ],
    "cost": 0.00937547,
    "duration": 317.0112409591675,
    "test_timeouts": 0,
    "commit_hash": "32faf82-dirty",
    "num_error_outputs": 0,
    "num_user_asks": 3,
    "num_exhausted_context_windows": 0,
    "num_malformed_responses": 0,
    "syntax_errors": 0,
    "indentation_errors": 0,
    "lazy_comments": 0,
    "reasoning_effort": null,
    "prompt_tokens": 21941,
    "completion_tokens": 5686,
    "thinking_tokens": null,
    "chat_hashes": [
        [
            "d229a439b83a277ab75364ece3dd8437f0cca388",
            "67b1e3443acedd453280ebddb9bff1588b5c7900"
        ],
        [
            "d229a439b83a277ab75364ece3dd8437f0cca388",
            "200bb59393f5b859b9e879cba245e783098c92bd"
        ],
        [
            "d229a439b83a277ab75364ece3dd8437f0cca388",
            "4c214885bfa87c3e50e45d1880f03c24381e17ec"
        ],
        [
            "d229a439b83a277ab75364ece3dd8437f0cca388",
            "5d6d3bef9341a71f006bc0c0e5b0295741460f7f"
        ]
    ]
}