{
    "testdir": "/benchmarks/2025-08-31-20-45-28--cpp_misra_deepseek-chat.top5.1/cpp/exercises/practice/all-your-base",
    "testcase": "all-your-base",
    "model": "deepseek/deepseek-chat",
    "edit_format": "diff",
    "tests_outcomes": [
        false,
        true
    ],
    "cost": 0.011580730000000001,
    "duration": 305.0328242778778,
    "test_timeouts": 0,
    "commit_hash": "32faf82-dirty",
    "num_error_outputs": 0,
    "num_user_asks": 3,
    "num_exhausted_context_windows": 0,
    "num_malformed_responses": 0,
    "syntax_errors": 0,
    "indentation_errors": 0,
    "lazy_comments": 0,
    "reasoning_effort": null,
    "prompt_tokens": 33879,
    "completion_tokens": 5866,
    "thinking_tokens": null,
    "chat_hashes": [
        [
            "d229a439b83a277ab75364ece3dd8437f0cca388",
            "b342e5fd7830b705fe05b70f8ae2aaa0421a90bc"
        ],
        [
            "d229a439b83a277ab75364ece3dd8437f0cca388",
            "32f37489f803ba8ad214d58b892582c8ca6f5e43"
        ],
        [
            "d229a439b83a277ab75364ece3dd8437f0cca388",
            "28206f7adbe2de0ebc21e5dd84629844418945de"
        ],
        [
            "d229a439b83a277ab75364ece3dd8437f0cca388",
            "ab90b88707d1cc718b70e9acb66fdd5886db688e"
        ],
        [
            "d229a439b83a277ab75364ece3dd8437f0cca388",
            "cdd48fa50ac8cf9274478e9031c3573f3d5e2259"
        ]
    ]
}