{
    "testdir": "/benchmarks/2025-09-19-17-54-37--misracpp_baseline_gpt5.12/cpp/exercises/practice/kindergarten-garden",
    "testcase": "kindergarten-garden",
    "model": "openai/gpt-5",
    "edit_format": "diff",
    "tests_outcomes": [
        false,
        true
    ],
    "cost": 0.21422000000000002,
    "duration": 380.89857006073,
    "test_timeouts": 0,
    "commit_hash": "32faf82-dirty",
    "num_error_outputs": 0,
    "num_user_asks": 3,
    "num_exhausted_context_windows": 0,
    "num_malformed_responses": 0,
    "syntax_errors": 0,
    "indentation_errors": 0,
    "lazy_comments": 0,
    "reasoning_effort": null,
    "prompt_tokens": 55912,
    "completion_tokens": 15873,
    "thinking_tokens": null,
    "chat_hashes": [
        [
            "5a29f5974d4a87ced71fd7b4b1ae521a58381d25",
            "054f960a29581a908061d595212016cbb02f2e67"
        ],
        [
            "5a29f5974d4a87ced71fd7b4b1ae521a58381d25",
            "582f97a387f6aaae7097417b497151563cdbbeb7"
        ],
        [
            "5a29f5974d4a87ced71fd7b4b1ae521a58381d25",
            "e12654c46f2cb1fb0da117dee4f8e711971a3085"
        ],
        [
            "5a29f5974d4a87ced71fd7b4b1ae521a58381d25",
            "e69338c35ed76d02b43d42cf72b88baa9b3c3f7b"
        ],
        [
            "5a29f5974d4a87ced71fd7b4b1ae521a58381d25",
            "d3039bfa6e160e49827391a2269b09e46d32afb8"
        ]
    ]
}