{
    "testdir": "/benchmarks/2025-09-23-15-36-54--cpp_misra_gpt5.top5.9/cpp/exercises/practice/complex-numbers",
    "testcase": "complex-numbers",
    "model": "openai/gpt-5",
    "edit_format": "diff",
    "tests_outcomes": [
        true
    ],
    "cost": 0.1580205,
    "duration": 293.02731013298035,
    "test_timeouts": 0,
    "commit_hash": "32faf82-dirty",
    "num_error_outputs": 0,
    "num_user_asks": 4,
    "num_exhausted_context_windows": 0,
    "num_malformed_responses": 0,
    "syntax_errors": 0,
    "indentation_errors": 0,
    "lazy_comments": 0,
    "reasoning_effort": null,
    "prompt_tokens": 25210,
    "completion_tokens": 14134,
    "thinking_tokens": null,
    "chat_hashes": [
        [
            "5a29f5974d4a87ced71fd7b4b1ae521a58381d25",
            "d3c6f267d05475d8982a433941780b00a137492d"
        ],
        [
            "5a29f5974d4a87ced71fd7b4b1ae521a58381d25",
            "c7543bcdb1c41eee545c1292050c9bff1ddc7e7b"
        ],
        [
            "5a29f5974d4a87ced71fd7b4b1ae521a58381d25",
            "cd0b7a7a473eccff8dd794d7e8e68bba4a9ce3b0"
        ],
        [
            "5a29f5974d4a87ced71fd7b4b1ae521a58381d25",
            "58635b1f1496ac1ff98b255151978fd0af033ab4"
        ]
    ]
}