{
    "testdir": "/benchmarks/2025-08-27-14-07-31--misracpp_baseline_o3.9/cpp/exercises/practice/diamond",
    "testcase": "diamond",
    "model": "o3",
    "edit_format": "diff",
    "tests_outcomes": [
        false,
        true
    ],
    "cost": 0.10023599999999999,
    "duration": 186.4002914428711,
    "test_timeouts": 0,
    "commit_hash": "32faf82-dirty",
    "num_error_outputs": 0,
    "num_user_asks": 2,
    "num_exhausted_context_windows": 0,
    "num_malformed_responses": 0,
    "syntax_errors": 0,
    "indentation_errors": 0,
    "lazy_comments": 0,
    "reasoning_effort": null,
    "prompt_tokens": 14086,
    "completion_tokens": 10184,
    "thinking_tokens": null,
    "chat_hashes": [
        [
            "5570d71e63f5d28449be40ac390705d540cb9709",
            "d4631184ae719f80b3aaf4dafd0f1c6d0eee7ffc"
        ],
        [
            "5570d71e63f5d28449be40ac390705d540cb9709",
            "448a4df8d4cefa598c4851bd3e25a671f74cf63f"
        ],
        [
            "5570d71e63f5d28449be40ac390705d540cb9709",
            "9d835cf38a96c8c7da82a63e4f413f78db2f8ebe"
        ],
        [
            "5570d71e63f5d28449be40ac390705d540cb9709",
            "c501f6795c93f71c426034574f6a5d6ec5b294a8"
        ]
    ]
}