{
    "testdir": "/benchmarks/2025-08-22-10-44-45--misracpp_baseline_deepseek-chat.11/cpp/exercises/practice/complex-numbers",
    "testcase": "complex-numbers",
    "model": "deepseek/deepseek-chat",
    "edit_format": "diff",
    "tests_outcomes": [
        false,
        true
    ],
    "cost": 0.01194863,
    "duration": 345.1440553665161,
    "test_timeouts": 0,
    "commit_hash": "32faf82-dirty",
    "num_error_outputs": 0,
    "num_user_asks": 3,
    "num_exhausted_context_windows": 0,
    "num_malformed_responses": 0,
    "syntax_errors": 0,
    "indentation_errors": 0,
    "lazy_comments": 0,
    "reasoning_effort": null,
    "prompt_tokens": 34739,
    "completion_tokens": 6257,
    "thinking_tokens": null,
    "chat_hashes": [
        [
            "d229a439b83a277ab75364ece3dd8437f0cca388",
            "8df84a53e84f7a64d84615453c671d329b427ad7"
        ],
        [
            "d229a439b83a277ab75364ece3dd8437f0cca388",
            "5d13fa0c843f6c0464c0dc066390de7658529493"
        ],
        [
            "d229a439b83a277ab75364ece3dd8437f0cca388",
            "d73a30ffc860b695ca33f92b6a429a21e7d2f261"
        ],
        [
            "d229a439b83a277ab75364ece3dd8437f0cca388",
            "6a5a7a1bc5dc067183e1e9be96ec6d03eea49619"
        ],
        [
            "d229a439b83a277ab75364ece3dd8437f0cca388",
            "9facd8492e3b142e7036ffb108b3237486ef7c8c"
        ]
    ]
}