{
    "testdir": "/benchmarks/2025-09-23-16-34-39--cpp_misra_gpt5.top5.12/cpp/exercises/practice/all-your-base",
    "testcase": "all-your-base",
    "model": "openai/gpt-5",
    "edit_format": "diff",
    "tests_outcomes": [
        false,
        true
    ],
    "cost": 0.27982925000000003,
    "duration": 488.93529891967773,
    "test_timeouts": 0,
    "commit_hash": "32faf82-dirty",
    "num_error_outputs": 1,
    "num_user_asks": 7,
    "num_exhausted_context_windows": 0,
    "num_malformed_responses": 1,
    "syntax_errors": 0,
    "indentation_errors": 0,
    "lazy_comments": 0,
    "reasoning_effort": null,
    "prompt_tokens": 51473,
    "completion_tokens": 25336,
    "thinking_tokens": null,
    "chat_hashes": [
        [
            "5a29f5974d4a87ced71fd7b4b1ae521a58381d25",
            "9278d0c92092574c6d5e3055adb4c45858b6dfc7"
        ],
        [
            "5a29f5974d4a87ced71fd7b4b1ae521a58381d25",
            "237502a29e28150bb612cab91cbab4c9498f17df"
        ],
        [
            "5a29f5974d4a87ced71fd7b4b1ae521a58381d25",
            "fc721fd20510aeaf138b57195904cc8763ed338c"
        ],
        [
            "5a29f5974d4a87ced71fd7b4b1ae521a58381d25",
            "29ca9356af80b3f4cb0a29309307b5e873fe536f"
        ],
        [
            "5a29f5974d4a87ced71fd7b4b1ae521a58381d25",
            "daa3fc5483b1292edf8c057a3e1dafde90ba5788"
        ],
        [
            "5a29f5974d4a87ced71fd7b4b1ae521a58381d25",
            "28eb2087f04f095dabaac35c91917fae8a2e2ffe"
        ],
        [
            "5a29f5974d4a87ced71fd7b4b1ae521a58381d25",
            "786301f92b8cce9640cde8133db0239bb0fad6cc"
        ],
        [
            "5a29f5974d4a87ced71fd7b4b1ae521a58381d25",
            "29ca9356af80b3f4cb0a29309307b5e873fe536f"
        ]
    ]
}