{
    "testdir": "/benchmarks/2025-08-21-13-17-55--misracpp_baseline.14/cpp/exercises/practice/sublist",
    "testcase": "sublist",
    "model": "gpt-4.1",
    "edit_format": "diff",
    "tests_outcomes": [
        false,
        true
    ],
    "cost": 0.107784,
    "duration": 63.10791301727295,
    "test_timeouts": 0,
    "commit_hash": "32faf82-dirty",
    "num_error_outputs": 0,
    "num_user_asks": 8,
    "num_exhausted_context_windows": 0,
    "num_malformed_responses": 0,
    "syntax_errors": 0,
    "indentation_errors": 0,
    "lazy_comments": 0,
    "reasoning_effort": null,
    "prompt_tokens": 80384,
    "completion_tokens": 1825,
    "thinking_tokens": null,
    "chat_hashes": [
        [
            "dd5eb8c6e1e03320d0933ca63c0164ae9d2a0152",
            "66037a53b329c0fb7009b2d2432d118822ec4813"
        ],
        [
            "dd5eb8c6e1e03320d0933ca63c0164ae9d2a0152",
            "baaa89a1bc13ded6ee47a605e2dab3ec719091e7"
        ],
        [
            "dd5eb8c6e1e03320d0933ca63c0164ae9d2a0152",
            "b798cd4388d82b3afad5c19d1e5ea634ba430fbc"
        ],
        [
            "dd5eb8c6e1e03320d0933ca63c0164ae9d2a0152",
            "baaa89a1bc13ded6ee47a605e2dab3ec719091e7"
        ],
        [
            "dd5eb8c6e1e03320d0933ca63c0164ae9d2a0152",
            "c0e2ab393a8ea3199d191aec335e906dccbec77f"
        ],
        [
            "dd5eb8c6e1e03320d0933ca63c0164ae9d2a0152",
            "9456fbb916f9913fb7579ce625da6774fccbfd75"
        ],
        [
            "dd5eb8c6e1e03320d0933ca63c0164ae9d2a0152",
            "9260e69c3ac3f7deb40de0ef2c134756ee4ce0d4"
        ],
        [
            "dd5eb8c6e1e03320d0933ca63c0164ae9d2a0152",
            "39a4c7c9c00540536d07b52b4a06941d35fb15d7"
        ]
    ]
}