{
    "testdir": "/benchmarks/2025-09-23-14-29-36--cpp_misra_gpt5.top5.6/cpp/exercises/practice/allergies",
    "testcase": "allergies",
    "model": "openai/gpt-5",
    "edit_format": "diff",
    "tests_outcomes": [
        false,
        false
    ],
    "cost": 0.12162025000000001,
    "duration": 305.2284610271454,
    "test_timeouts": 0,
    "commit_hash": "32faf82-dirty",
    "num_error_outputs": 2,
    "num_user_asks": 3,
    "num_exhausted_context_windows": 0,
    "num_malformed_responses": 1,
    "syntax_errors": 0,
    "indentation_errors": 0,
    "lazy_comments": 0,
    "reasoning_effort": null,
    "prompt_tokens": 20997,
    "completion_tokens": 10675,
    "thinking_tokens": null,
    "chat_hashes": [
        [
            "5a29f5974d4a87ced71fd7b4b1ae521a58381d25",
            "96d1e5558f069f077eb1f22271d0897015905227"
        ],
        [
            "5a29f5974d4a87ced71fd7b4b1ae521a58381d25",
            "d34c796a1700cde5ac312cf7dd7e0da5e46587b7"
        ],
        [
            "5a29f5974d4a87ced71fd7b4b1ae521a58381d25",
            "9cb4b647d7d176462c930cade9d2db14170cee75"
        ],
        [
            "5a29f5974d4a87ced71fd7b4b1ae521a58381d25",
            "cf7a128c61197155447a0b51d4d69c5168c045d0"
        ]
    ]
}