{
    "testdir": "/benchmarks/2025-09-01-20-53-01--cpp_misra_o3.top10.3/cpp/exercises/practice/spiral-matrix",
    "testcase": "spiral-matrix",
    "model": "o3",
    "edit_format": "diff",
    "tests_outcomes": [
        true
    ],
    "cost": 0.13899999999999998,
    "duration": 239.61341762542725,
    "test_timeouts": 0,
    "commit_hash": "32faf82-dirty",
    "num_error_outputs": 0,
    "num_user_asks": 3,
    "num_exhausted_context_windows": 0,
    "num_malformed_responses": 0,
    "syntax_errors": 0,
    "indentation_errors": 0,
    "lazy_comments": 0,
    "reasoning_effort": null,
    "prompt_tokens": 22284,
    "completion_tokens": 13916,
    "thinking_tokens": null,
    "chat_hashes": [
        [
            "5570d71e63f5d28449be40ac390705d540cb9709",
            "f2a6f90e299f0f596ed7b6a2c5301f1b91ef4a5c"
        ],
        [
            "5570d71e63f5d28449be40ac390705d540cb9709",
            "eb3b7a54d7f7fe45df31fd9407ab598f4e31c405"
        ],
        [
            "5570d71e63f5d28449be40ac390705d540cb9709",
            "9fb3f7df5195418ea7c3068a2e42bc573f3e6e58"
        ],
        [
            "5570d71e63f5d28449be40ac390705d540cb9709",
            "1aed2b76213b7e5cd9afb6a350ee8285b877c66c"
        ]
    ]
}