{
    "testdir": "/benchmarks/2025-09-23-15-36-54--cpp_misra_gpt5.top5.9/cpp/exercises/practice/queen-attack",
    "testcase": "queen-attack",
    "model": "openai/gpt-5",
    "edit_format": "diff",
    "tests_outcomes": [
        false,
        true
    ],
    "cost": 0.39799900000000005,
    "duration": 658.7190818786621,
    "test_timeouts": 0,
    "commit_hash": "32faf82-dirty",
    "num_error_outputs": 1,
    "num_user_asks": 5,
    "num_exhausted_context_windows": 0,
    "num_malformed_responses": 1,
    "syntax_errors": 0,
    "indentation_errors": 0,
    "lazy_comments": 0,
    "reasoning_effort": null,
    "prompt_tokens": 177916,
    "completion_tokens": 24386,
    "thinking_tokens": null,
    "chat_hashes": [
        [
            "5a29f5974d4a87ced71fd7b4b1ae521a58381d25",
            "136453cad12022d6e144f9de4b2e380d9eba5903"
        ],
        [
            "5a29f5974d4a87ced71fd7b4b1ae521a58381d25",
            "fc45c016657501b177a688d87ede286317175fae"
        ],
        [
            "5a29f5974d4a87ced71fd7b4b1ae521a58381d25",
            "2c6f317284780424d5fe1e287d286c47add074ce"
        ],
        [
            "5a29f5974d4a87ced71fd7b4b1ae521a58381d25",
            "eb7adcfc928bbef76bb2daf3a564a0c5909ae905"
        ],
        [
            "5a29f5974d4a87ced71fd7b4b1ae521a58381d25",
            "a3b5e7d8a27858e6f1dc1b9552121529343ae134"
        ],
        [
            "5a29f5974d4a87ced71fd7b4b1ae521a58381d25",
            "c34322c070651cef35fbe14cdd7e21e1cd41721f"
        ],
        [
            "5a29f5974d4a87ced71fd7b4b1ae521a58381d25",
            "22cf38189d60d4af613356e5acf4b8f6af6c4eb2"
        ]
    ]
}