{
    "testdir": "/benchmarks/2025-09-09-16-56-01--misracpp_baseline_gpt5.2/cpp/exercises/practice/all-your-base",
    "testcase": "all-your-base",
    "model": "openai/gpt-5",
    "edit_format": "diff",
    "tests_outcomes": [
        false,
        false
    ],
    "cost": 0.23479950000000005,
    "duration": 377.682541847229,
    "test_timeouts": 0,
    "commit_hash": "32faf82-dirty",
    "num_error_outputs": 1,
    "num_user_asks": 7,
    "num_exhausted_context_windows": 0,
    "num_malformed_responses": 1,
    "syntax_errors": 0,
    "indentation_errors": 0,
    "lazy_comments": 0,
    "reasoning_effort": null,
    "prompt_tokens": 47934,
    "completion_tokens": 18453,
    "thinking_tokens": null,
    "chat_hashes": [
        [
            "5a29f5974d4a87ced71fd7b4b1ae521a58381d25",
            "ac15c129442afd2997f2c0e9694c59436497a10f"
        ],
        [
            "5a29f5974d4a87ced71fd7b4b1ae521a58381d25",
            "4f3dc3a4ae33fdffbcf09ea24e9874aaaa9c66d6"
        ],
        [
            "5a29f5974d4a87ced71fd7b4b1ae521a58381d25",
            "aefc6f565d317d1ff39bb1b835b7451dfe64679b"
        ],
        [
            "5a29f5974d4a87ced71fd7b4b1ae521a58381d25",
            "349d732a30eae2ee101cf7cd45308eed5729fcc1"
        ],
        [
            "5a29f5974d4a87ced71fd7b4b1ae521a58381d25",
            "5a3cc70bc5cdde663457a3d1a5644c3af4c58221"
        ],
        [
            "5a29f5974d4a87ced71fd7b4b1ae521a58381d25",
            "5124b328ce8123b3b4920ce24de8783d43978f50"
        ],
        [
            "5a29f5974d4a87ced71fd7b4b1ae521a58381d25",
            "23a0bb61c0d0da6d7c92e4b302a65f891b14e696"
        ],
        [
            "5a29f5974d4a87ced71fd7b4b1ae521a58381d25",
            "6739a0600bae3f88462a08abe8686657c1e9f315"
        ]
    ]
}