{
    "testdir": "/benchmarks/2025-08-26-12-05-28--cpp_misra.top3.16/cpp/exercises/practice/circular-buffer",
    "testcase": "circular-buffer",
    "model": "gpt-4.1",
    "edit_format": "diff",
    "tests_outcomes": [
        false,
        true
    ],
    "cost": 0.10407599999999999,
    "duration": 119.80126523971558,
    "test_timeouts": 0,
    "commit_hash": "32faf82-dirty",
    "num_error_outputs": 0,
    "num_user_asks": 8,
    "num_exhausted_context_windows": 0,
    "num_malformed_responses": 0,
    "syntax_errors": 0,
    "indentation_errors": 0,
    "lazy_comments": 0,
    "reasoning_effort": null,
    "prompt_tokens": 69090,
    "completion_tokens": 3345,
    "thinking_tokens": null,
    "chat_hashes": [
        [
            "dd5eb8c6e1e03320d0933ca63c0164ae9d2a0152",
            "b25a57bff8ac3efc1389582e6902641fc9250f60"
        ],
        [
            "dd5eb8c6e1e03320d0933ca63c0164ae9d2a0152",
            "663dd7e4275baf05877977bb4a6e5864d4343a24"
        ],
        [
            "dd5eb8c6e1e03320d0933ca63c0164ae9d2a0152",
            "58db964ca3f58c1c347828547fd2a7c3ff9f5baa"
        ],
        [
            "dd5eb8c6e1e03320d0933ca63c0164ae9d2a0152",
            "759e98f2d2142c7e9b23fcaac6e16328b86cbbc2"
        ],
        [
            "dd5eb8c6e1e03320d0933ca63c0164ae9d2a0152",
            "4ce2db2f18074d2cb1e63a99674cf274b6ea9b50"
        ],
        [
            "dd5eb8c6e1e03320d0933ca63c0164ae9d2a0152",
            "9351288d50e559ef23e4a2f8729ec18276314214"
        ],
        [
            "dd5eb8c6e1e03320d0933ca63c0164ae9d2a0152",
            "86341ac45b99c4cfe4928e994cb39eb1a5534142"
        ],
        [
            "dd5eb8c6e1e03320d0933ca63c0164ae9d2a0152",
            "9754192300f7c8a913ac5fce4f18b8b69df9ac7b"
        ]
    ]
}