{
    "testdir": "/benchmarks/2025-09-23-21-30-29--cpp_misra_gpt5.top5.21/cpp/exercises/practice/space-age",
    "testcase": "space-age",
    "model": "openai/gpt-5",
    "edit_format": "diff",
    "tests_outcomes": [
        true
    ],
    "cost": 0.11091425000000002,
    "duration": 185.11698842048645,
    "test_timeouts": 0,
    "commit_hash": "32faf82-dirty",
    "num_error_outputs": 1,
    "num_user_asks": 1,
    "num_exhausted_context_windows": 0,
    "num_malformed_responses": 1,
    "syntax_errors": 0,
    "indentation_errors": 0,
    "lazy_comments": 0,
    "reasoning_effort": null,
    "prompt_tokens": 14909,
    "completion_tokens": 9919,
    "thinking_tokens": null,
    "chat_hashes": [
        [
            "5a29f5974d4a87ced71fd7b4b1ae521a58381d25",
            "7039eb734c204ecfe68e28f4855e41c72acd6e59"
        ],
        [
            "5a29f5974d4a87ced71fd7b4b1ae521a58381d25",
            "c61ef2c35cf5a90cea947200f7b84c360709304d"
        ],
        [
            "5a29f5974d4a87ced71fd7b4b1ae521a58381d25",
            "cafe59c8f1c37984b3a8de906e95e6d33cbd03e1"
        ]
    ]
}