{
    "testdir": "/benchmarks/2025-09-01-03-17-25--cpp_misra_deepseek-chat.top5.17/cpp/exercises/practice/clock",
    "testcase": "clock",
    "model": "deepseek/deepseek-chat",
    "edit_format": "diff",
    "tests_outcomes": [
        true
    ],
    "cost": 0.0068067100000000005,
    "duration": 235.97324132919312,
    "test_timeouts": 0,
    "commit_hash": "32faf82-dirty",
    "num_error_outputs": 0,
    "num_user_asks": 2,
    "num_exhausted_context_windows": 0,
    "num_malformed_responses": 0,
    "syntax_errors": 0,
    "indentation_errors": 0,
    "lazy_comments": 0,
    "reasoning_effort": null,
    "prompt_tokens": 15873,
    "completion_tokens": 4270,
    "thinking_tokens": null,
    "chat_hashes": [
        [
            "d229a439b83a277ab75364ece3dd8437f0cca388",
            "d37ee70c04fda506ccdc7b6ed949fbb610d074b4"
        ],
        [
            "d229a439b83a277ab75364ece3dd8437f0cca388",
            "f1dac4996c063f08c68aee8dc33ca474bab85946"
        ],
        [
            "d229a439b83a277ab75364ece3dd8437f0cca388",
            "c98e068503192aeef44c0b219c29a8e54b6585d1"
        ]
    ]
}