{
    "testdir": "/benchmarks/2025-09-12-11-13-42--cpp_misra_gpt5.top5.2/cpp/exercises/practice/clock",
    "testcase": "clock",
    "model": "openai/gpt-5",
    "edit_format": "diff",
    "tests_outcomes": [
        false,
        true
    ],
    "cost": 0.19774200000000003,
    "duration": 365.6699905395508,
    "test_timeouts": 0,
    "commit_hash": "32faf82-dirty",
    "num_error_outputs": 1,
    "num_user_asks": 2,
    "num_exhausted_context_windows": 0,
    "num_malformed_responses": 1,
    "syntax_errors": 0,
    "indentation_errors": 0,
    "lazy_comments": 0,
    "reasoning_effort": null,
    "prompt_tokens": 29680,
    "completion_tokens": 16597,
    "thinking_tokens": null,
    "chat_hashes": [
        [
            "5a29f5974d4a87ced71fd7b4b1ae521a58381d25",
            "73c156430e514004af692373a7a11394d13240ef"
        ],
        [
            "5a29f5974d4a87ced71fd7b4b1ae521a58381d25",
            "c762b758170bc5955516e6fa24c96c71a2e2c61c"
        ],
        [
            "5a29f5974d4a87ced71fd7b4b1ae521a58381d25",
            "fce8a2a646e29b5878e104f0ca01093a1816c417"
        ],
        [
            "5a29f5974d4a87ced71fd7b4b1ae521a58381d25",
            "a004de26a4e818897426140f588c0d9bbff0d7c0"
        ],
        [
            "5a29f5974d4a87ced71fd7b4b1ae521a58381d25",
            "2a98a611b6c1c669cd6cc1b50dfd496129228f92"
        ]
    ]
}