{
    "testdir": "/benchmarks/2025-09-23-14-08-04--cpp_misra_gpt5.top5.5/cpp/exercises/practice/kindergarten-garden",
    "testcase": "kindergarten-garden",
    "model": "openai/gpt-5",
    "edit_format": "diff",
    "tests_outcomes": [
        false,
        true
    ],
    "cost": 0.225499,
    "duration": 519.4732880592346,
    "test_timeouts": 0,
    "commit_hash": "32faf82-dirty",
    "num_error_outputs": 0,
    "num_user_asks": 2,
    "num_exhausted_context_windows": 0,
    "num_malformed_responses": 0,
    "syntax_errors": 0,
    "indentation_errors": 0,
    "lazy_comments": 0,
    "reasoning_effort": null,
    "prompt_tokens": 55388,
    "completion_tokens": 16836,
    "thinking_tokens": null,
    "chat_hashes": [
        [
            "5a29f5974d4a87ced71fd7b4b1ae521a58381d25",
            "5ddffbd1f090bd4a38020c646a0aeeee7370e884"
        ],
        [
            "5a29f5974d4a87ced71fd7b4b1ae521a58381d25",
            "31f3346d46980ace931eb9970afd31a0148d1aa0"
        ],
        [
            "5a29f5974d4a87ced71fd7b4b1ae521a58381d25",
            "cea528ca279815150c8de2e387722ae1e74491a6"
        ],
        [
            "5a29f5974d4a87ced71fd7b4b1ae521a58381d25",
            "51603b79833e86f49b4c86fd34db901c4bc2ecb5"
        ]
    ]
}