{
    "testdir": "/benchmarks/2025-08-26-10-29-21--cpp_misra.top3.1/cpp/exercises/practice/allergies",
    "testcase": "allergies",
    "model": "gpt-4.1",
    "edit_format": "diff",
    "tests_outcomes": [
        false,
        true
    ],
    "cost": 0.036448,
    "duration": 21.7009437084198,
    "test_timeouts": 0,
    "commit_hash": "32faf82-dirty",
    "num_error_outputs": 0,
    "num_user_asks": 4,
    "num_exhausted_context_windows": 0,
    "num_malformed_responses": 0,
    "syntax_errors": 0,
    "indentation_errors": 0,
    "lazy_comments": 0,
    "reasoning_effort": null,
    "prompt_tokens": 22632,
    "completion_tokens": 1202,
    "thinking_tokens": null,
    "chat_hashes": [
        [
            "dd5eb8c6e1e03320d0933ca63c0164ae9d2a0152",
            "acbde970b6afeb3b71be56f54a40d9a6a51b79b2"
        ],
        [
            "dd5eb8c6e1e03320d0933ca63c0164ae9d2a0152",
            "17076a85f86dafcb393f62bf68dcdb2b1121b4f0"
        ],
        [
            "dd5eb8c6e1e03320d0933ca63c0164ae9d2a0152",
            "db0b231252e173788544389186c3db2fe042a4e1"
        ],
        [
            "dd5eb8c6e1e03320d0933ca63c0164ae9d2a0152",
            "0fc6aa455716f12ab0bc31601806a1376eb39574"
        ],
        [
            "dd5eb8c6e1e03320d0933ca63c0164ae9d2a0152",
            "a08a2520a5ab4f184a2373dccc35e0821a0c8176"
        ]
    ]
}