{
    "testdir": "/benchmarks/2025-08-26-13-32-50--cpp_misra_deepseek-chat.4/cpp/exercises/practice/circular-buffer",
    "testcase": "circular-buffer",
    "model": "deepseek/deepseek-chat",
    "edit_format": "diff",
    "tests_outcomes": [
        true
    ],
    "cost": 0.00932224,
    "duration": 325.9668049812317,
    "test_timeouts": 0,
    "commit_hash": "32faf82-dirty",
    "num_error_outputs": 2,
    "num_user_asks": 2,
    "num_exhausted_context_windows": 0,
    "num_malformed_responses": 2,
    "syntax_errors": 0,
    "indentation_errors": 0,
    "lazy_comments": 0,
    "reasoning_effort": null,
    "prompt_tokens": 25252,
    "completion_tokens": 5430,
    "thinking_tokens": null,
    "chat_hashes": [
        [
            "d229a439b83a277ab75364ece3dd8437f0cca388",
            "026e03a38fc194aeb9ebd9e3e070623c7fe2480c"
        ],
        [
            "d229a439b83a277ab75364ece3dd8437f0cca388",
            "36ca41adfb887d665ceaa09f906001724f9ce3d7"
        ],
        [
            "d229a439b83a277ab75364ece3dd8437f0cca388",
            "1327018d69b869fa0b969af5f69597351d92ef70"
        ],
        [
            "d229a439b83a277ab75364ece3dd8437f0cca388",
            "b1f9b9e40cb304368ebb101dc6c6b0d4b26f4690"
        ]
    ]
}