{
    "testdir": "/benchmarks/2025-08-26-11-19-16--cpp_misra.top3.6/cpp/exercises/practice/knapsack",
    "testcase": "knapsack",
    "model": "gpt-4.1",
    "edit_format": "diff",
    "tests_outcomes": [
        false,
        true
    ],
    "cost": 0.06996599999999999,
    "duration": 44.481200218200684,
    "test_timeouts": 0,
    "commit_hash": "32faf82-dirty",
    "num_error_outputs": 0,
    "num_user_asks": 8,
    "num_exhausted_context_windows": 0,
    "num_malformed_responses": 0,
    "syntax_errors": 0,
    "indentation_errors": 0,
    "lazy_comments": 0,
    "reasoning_effort": null,
    "prompt_tokens": 48239,
    "completion_tokens": 1990,
    "thinking_tokens": null,
    "chat_hashes": [
        [
            "dd5eb8c6e1e03320d0933ca63c0164ae9d2a0152",
            "509c49ae8b03049d65a82a0d37810fd4f41c9642"
        ],
        [
            "dd5eb8c6e1e03320d0933ca63c0164ae9d2a0152",
            "7854eae2c74b06cac23859b9e633896ed26a0f27"
        ],
        [
            "dd5eb8c6e1e03320d0933ca63c0164ae9d2a0152",
            "af7f2518dd6f6b6d6fc9715dff0e6e5ccf0536d2"
        ],
        [
            "dd5eb8c6e1e03320d0933ca63c0164ae9d2a0152",
            "21e78b250a5298bc75ad767498b2f10d019a3f6e"
        ],
        [
            "dd5eb8c6e1e03320d0933ca63c0164ae9d2a0152",
            "512ff6f160accec7f460532f64bc74b1b3e65c72"
        ],
        [
            "dd5eb8c6e1e03320d0933ca63c0164ae9d2a0152",
            "c8848469912ef3817bbe3d7c78282e3e82d13142"
        ],
        [
            "dd5eb8c6e1e03320d0933ca63c0164ae9d2a0152",
            "21e78b250a5298bc75ad767498b2f10d019a3f6e"
        ],
        [
            "dd5eb8c6e1e03320d0933ca63c0164ae9d2a0152",
            "d8fb8d21aff61df5852cf63ac91238b0cb9ee2be"
        ]
    ]
}