{
    "testdir": "/benchmarks/2025-08-22-09-19-52--misracpp_baseline_deepseek-chat.9/cpp/exercises/practice/robot-name",
    "testcase": "robot-name",
    "model": "deepseek/deepseek-chat",
    "edit_format": "diff",
    "tests_outcomes": [
        true
    ],
    "cost": 0.0045931900000000005,
    "duration": 160.13706970214844,
    "test_timeouts": 0,
    "commit_hash": "32faf82-dirty",
    "num_error_outputs": 0,
    "num_user_asks": 2,
    "num_exhausted_context_windows": 0,
    "num_malformed_responses": 0,
    "syntax_errors": 0,
    "indentation_errors": 0,
    "lazy_comments": 0,
    "reasoning_effort": null,
    "prompt_tokens": 10737,
    "completion_tokens": 2890,
    "thinking_tokens": null,
    "chat_hashes": [
        [
            "d229a439b83a277ab75364ece3dd8437f0cca388",
            "0c3776e8f4306bf5992987c069817e2caff3f52f"
        ],
        [
            "d229a439b83a277ab75364ece3dd8437f0cca388",
            "14270a11c8dfdea79bbf28ad683297034569ef92"
        ],
        [
            "d229a439b83a277ab75364ece3dd8437f0cca388",
            "c29bd78f5580bfb933e120c7abea968d313d6cf8"
        ]
    ]
}