{
    "testdir": "/benchmarks/2025-08-26-11-00-16--cpp_misra.top3.2/cpp/exercises/practice/dnd-character",
    "testcase": "dnd-character",
    "model": "gpt-4.1",
    "edit_format": "diff",
    "tests_outcomes": [
        false,
        false
    ],
    "cost": 0.07951399999999999,
    "duration": 86.09248852729797,
    "test_timeouts": 0,
    "commit_hash": "32faf82-dirty",
    "num_error_outputs": 0,
    "num_user_asks": 8,
    "num_exhausted_context_windows": 0,
    "num_malformed_responses": 0,
    "syntax_errors": 0,
    "indentation_errors": 0,
    "lazy_comments": 0,
    "reasoning_effort": null,
    "prompt_tokens": 55177,
    "completion_tokens": 2169,
    "thinking_tokens": null,
    "chat_hashes": [
        [
            "dd5eb8c6e1e03320d0933ca63c0164ae9d2a0152",
            "e83675c7801ac22a9bf5a7b1766339c0fcee2a55"
        ],
        [
            "dd5eb8c6e1e03320d0933ca63c0164ae9d2a0152",
            "634bc82a408a4be89bf02ffcbb2d1eee566c770d"
        ],
        [
            "dd5eb8c6e1e03320d0933ca63c0164ae9d2a0152",
            "06fd61e2f3a30c03cfc238dc5567ae22121853b3"
        ],
        [
            "dd5eb8c6e1e03320d0933ca63c0164ae9d2a0152",
            "978bf843477eb37a07015f9893298316d1794b48"
        ],
        [
            "dd5eb8c6e1e03320d0933ca63c0164ae9d2a0152",
            "5c7b30466d5215fd77a5561409a57a7ce34abb28"
        ],
        [
            "dd5eb8c6e1e03320d0933ca63c0164ae9d2a0152",
            "8a3799803134e039ef70f8df6b65b9da62c5def5"
        ],
        [
            "dd5eb8c6e1e03320d0933ca63c0164ae9d2a0152",
            "5ad1e7bfc7f8d364c72c75030a0b4c70ecbbd0ae"
        ],
        [
            "dd5eb8c6e1e03320d0933ca63c0164ae9d2a0152",
            "5ad1e7bfc7f8d364c72c75030a0b4c70ecbbd0ae"
        ]
    ]
}