{
    "testdir": "/benchmarks/2025-08-26-11-39-42--cpp_misra.top3.10/cpp/exercises/practice/crypto-square",
    "testcase": "crypto-square",
    "model": "gpt-4.1",
    "edit_format": "diff",
    "tests_outcomes": [
        false,
        true
    ],
    "cost": 0.078118,
    "duration": 74.58883595466614,
    "test_timeouts": 0,
    "commit_hash": "32faf82-dirty",
    "num_error_outputs": 0,
    "num_user_asks": 8,
    "num_exhausted_context_windows": 0,
    "num_malformed_responses": 0,
    "syntax_errors": 0,
    "indentation_errors": 0,
    "lazy_comments": 0,
    "reasoning_effort": null,
    "prompt_tokens": 53327,
    "completion_tokens": 2601,
    "thinking_tokens": null,
    "chat_hashes": [
        [
            "dd5eb8c6e1e03320d0933ca63c0164ae9d2a0152",
            "52b8487efc4fff2f6343a5829a6d10dc09ef4fb1"
        ],
        [
            "dd5eb8c6e1e03320d0933ca63c0164ae9d2a0152",
            "cdb38dc3606cd604d5f8b71668f1f201e993e9ad"
        ],
        [
            "dd5eb8c6e1e03320d0933ca63c0164ae9d2a0152",
            "2dc76a83de5a0e5f6c5ba5102287b473463421f1"
        ],
        [
            "dd5eb8c6e1e03320d0933ca63c0164ae9d2a0152",
            "44ba5afee6a39ea4f18aefcabaea196c943e20c3"
        ],
        [
            "dd5eb8c6e1e03320d0933ca63c0164ae9d2a0152",
            "c64dd5486703643a3660a04266068b6c9beb8544"
        ],
        [
            "dd5eb8c6e1e03320d0933ca63c0164ae9d2a0152",
            "b6e6fa885bbbc5770600a9a787c077e77c0882c0"
        ],
        [
            "dd5eb8c6e1e03320d0933ca63c0164ae9d2a0152",
            "b6e6fa885bbbc5770600a9a787c077e77c0882c0"
        ],
        [
            "dd5eb8c6e1e03320d0933ca63c0164ae9d2a0152",
            "b6e6fa885bbbc5770600a9a787c077e77c0882c0"
        ]
    ]
}