{
    "testdir": "/benchmarks/2025-08-22-12-03-05--misracpp_baseline_deepseek-chat.18/cpp/exercises/practice/meetup",
    "testcase": "meetup",
    "model": "deepseek/deepseek-chat",
    "edit_format": "diff",
    "tests_outcomes": [
        false,
        false
    ],
    "cost": 0.015020000000000002,
    "duration": 363.3892409801483,
    "test_timeouts": 0,
    "commit_hash": "32faf82-dirty",
    "num_error_outputs": 1,
    "num_user_asks": 2,
    "num_exhausted_context_windows": 0,
    "num_malformed_responses": 1,
    "syntax_errors": 0,
    "indentation_errors": 0,
    "lazy_comments": 0,
    "reasoning_effort": null,
    "prompt_tokens": 50400,
    "completion_tokens": 6648,
    "thinking_tokens": null,
    "chat_hashes": [
        [
            "d229a439b83a277ab75364ece3dd8437f0cca388",
            "628edaf4cf7043e694f03c679213e33b8ea4b21f"
        ],
        [
            "d229a439b83a277ab75364ece3dd8437f0cca388",
            "89062028ea3f28d28bcf2c7e587867c8df10efff"
        ],
        [
            "d229a439b83a277ab75364ece3dd8437f0cca388",
            "9caa39197136275e841405af9f623b6adc615936"
        ],
        [
            "d229a439b83a277ab75364ece3dd8437f0cca388",
            "ebb643d3a42ac8fab2435f3fd26609163a627988"
        ],
        [
            "d229a439b83a277ab75364ece3dd8437f0cca388",
            "a9659465c4e38b9bc7bc2bfd0db9283196205b3a"
        ]
    ]
}