{
    "testdir": "/benchmarks/2025-09-23-14-29-36--cpp_misra_gpt5.top5.6/cpp/exercises/practice/bank-account",
    "testcase": "bank-account",
    "model": "openai/gpt-5",
    "edit_format": "diff",
    "tests_outcomes": [
        true
    ],
    "cost": 0.1637415,
    "duration": 433.6177258491516,
    "test_timeouts": 0,
    "commit_hash": "32faf82-dirty",
    "num_error_outputs": 0,
    "num_user_asks": 4,
    "num_exhausted_context_windows": 0,
    "num_malformed_responses": 0,
    "syntax_errors": 0,
    "indentation_errors": 0,
    "lazy_comments": 0,
    "reasoning_effort": null,
    "prompt_tokens": 19662,
    "completion_tokens": 15198,
    "thinking_tokens": null,
    "chat_hashes": [
        [
            "5a29f5974d4a87ced71fd7b4b1ae521a58381d25",
            "ecebecf7b1db3f229bf1343b98634ce6750b550a"
        ],
        [
            "5a29f5974d4a87ced71fd7b4b1ae521a58381d25",
            "dcde1883ccf0900acefd4d3d46a90714c07d2fd3"
        ],
        [
            "5a29f5974d4a87ced71fd7b4b1ae521a58381d25",
            "0227b93b0a40853fd391cf5f3b9224eee54ae4fa"
        ],
        [
            "5a29f5974d4a87ced71fd7b4b1ae521a58381d25",
            "a28b3feb2df4b68f3d7b1b3a165f0a6cc4a782da"
        ]
    ]
}