{
    "testdir": "/benchmarks/2025-09-23-13-32-57--cpp_misra_gpt5.top5.3/cpp/exercises/practice/kindergarten-garden",
    "testcase": "kindergarten-garden",
    "model": "openai/gpt-5",
    "edit_format": "diff",
    "tests_outcomes": [
        false,
        true
    ],
    "cost": 0.3735772500000001,
    "duration": 931.4276556968689,
    "test_timeouts": 0,
    "commit_hash": "32faf82-dirty",
    "num_error_outputs": 0,
    "num_user_asks": 6,
    "num_exhausted_context_windows": 0,
    "num_malformed_responses": 0,
    "syntax_errors": 0,
    "indentation_errors": 0,
    "lazy_comments": 0,
    "reasoning_effort": null,
    "prompt_tokens": 97681,
    "completion_tokens": 30130,
    "thinking_tokens": null,
    "chat_hashes": [
        [
            "5a29f5974d4a87ced71fd7b4b1ae521a58381d25",
            "5cab2de4010ec20add1af64c45d01c5115bacbef"
        ],
        [
            "5a29f5974d4a87ced71fd7b4b1ae521a58381d25",
            "3ae19ea385e4923113c83796e966ee85d9ddddc8"
        ],
        [
            "5a29f5974d4a87ced71fd7b4b1ae521a58381d25",
            "30450d90fa12948cd0c4ef09529e256f9925d4bb"
        ],
        [
            "5a29f5974d4a87ced71fd7b4b1ae521a58381d25",
            "795cf552e157a69a35c946bb7cf102fdeca011ff"
        ],
        [
            "5a29f5974d4a87ced71fd7b4b1ae521a58381d25",
            "90eeac97d47a70bec488cd5f3a26d53ff7ae082d"
        ],
        [
            "5a29f5974d4a87ced71fd7b4b1ae521a58381d25",
            "676a8b51dacec94322baa07a94aeba22d40113a5"
        ],
        [
            "5a29f5974d4a87ced71fd7b4b1ae521a58381d25",
            "3f2376a753e662ca69268a5de55ebc54619089b9"
        ]
    ]
}