{
    "testdir": "/benchmarks/2025-09-19-16-17-29--misracpp_baseline_gpt5.6/cpp/exercises/practice/yacht",
    "testcase": "yacht",
    "model": "openai/gpt-5",
    "edit_format": "diff",
    "tests_outcomes": [
        false,
        true
    ],
    "cost": 0.16981800000000002,
    "duration": 243.7059769630432,
    "test_timeouts": 0,
    "commit_hash": "32faf82-dirty",
    "num_error_outputs": 0,
    "num_user_asks": 3,
    "num_exhausted_context_windows": 0,
    "num_malformed_responses": 0,
    "syntax_errors": 0,
    "indentation_errors": 0,
    "lazy_comments": 0,
    "reasoning_effort": null,
    "prompt_tokens": 46728,
    "completion_tokens": 11976,
    "thinking_tokens": null,
    "chat_hashes": [
        [
            "5a29f5974d4a87ced71fd7b4b1ae521a58381d25",
            "e0f14efa622af6a370429aed65ca0f44aa9aa6dc"
        ],
        [
            "5a29f5974d4a87ced71fd7b4b1ae521a58381d25",
            "5de09f29bb108a9d8492378118f94bd3387afb5b"
        ],
        [
            "5a29f5974d4a87ced71fd7b4b1ae521a58381d25",
            "adbd37927b43bd4780bf92d4f56354e6693af299"
        ],
        [
            "5a29f5974d4a87ced71fd7b4b1ae521a58381d25",
            "6fdde606ec9280bcbb5d2ff06edd2cde545ccd85"
        ]
    ]
}