{
    "testdir": "/benchmarks/2025-08-22-12-21-07--misracpp_baseline_deepseek-chat.20/cpp/exercises/practice/meetup",
    "testcase": "meetup",
    "model": "deepseek/deepseek-chat",
    "edit_format": "diff",
    "tests_outcomes": [
        false,
        false
    ],
    "cost": 0.022244430000000003,
    "duration": 356.0780568122864,
    "test_timeouts": 0,
    "commit_hash": "32faf82-dirty",
    "num_error_outputs": 0,
    "num_user_asks": 2,
    "num_exhausted_context_windows": 0,
    "num_malformed_responses": 0,
    "syntax_errors": 0,
    "indentation_errors": 0,
    "lazy_comments": 0,
    "reasoning_effort": null,
    "prompt_tokens": 66269,
    "completion_tokens": 6714,
    "thinking_tokens": null,
    "chat_hashes": [
        [
            "d229a439b83a277ab75364ece3dd8437f0cca388",
            "80b1ec494704fcdb27ea9dbe44751a48bfb0cefc"
        ],
        [
            "d229a439b83a277ab75364ece3dd8437f0cca388",
            "29788e9d6f99745b3523b1900e8b9c4428045e43"
        ],
        [
            "d229a439b83a277ab75364ece3dd8437f0cca388",
            "7eba74a69d0d90532a45c66dc57964d9513a656f"
        ],
        [
            "d229a439b83a277ab75364ece3dd8437f0cca388",
            "b0db8bcc1eab0fe24bffe0a433240ee05fe62871"
        ]
    ]
}