{
    "testdir": "/benchmarks/2025-09-19-17-07-49--misracpp_baseline_gpt5.9/cpp/exercises/practice/sublist",
    "testcase": "sublist",
    "model": "openai/gpt-5",
    "edit_format": "diff",
    "tests_outcomes": [
        false,
        true
    ],
    "cost": 0.24058275,
    "duration": 507.27322149276733,
    "test_timeouts": 0,
    "commit_hash": "32faf82-dirty",
    "num_error_outputs": 0,
    "num_user_asks": 7,
    "num_exhausted_context_windows": 0,
    "num_malformed_responses": 0,
    "syntax_errors": 0,
    "indentation_errors": 0,
    "lazy_comments": 0,
    "reasoning_effort": null,
    "prompt_tokens": 73375,
    "completion_tokens": 19336,
    "thinking_tokens": null,
    "chat_hashes": [
        [
            "5a29f5974d4a87ced71fd7b4b1ae521a58381d25",
            "5069bca6f95c3c641f65fb0d620b8a887b397bbc"
        ],
        [
            "5a29f5974d4a87ced71fd7b4b1ae521a58381d25",
            "44d120c1f2716253f809f245ba900dd3ff598f57"
        ],
        [
            "5a29f5974d4a87ced71fd7b4b1ae521a58381d25",
            "25a65d9702efcdfa66649972f05a16a26b06a8d4"
        ],
        [
            "5a29f5974d4a87ced71fd7b4b1ae521a58381d25",
            "8cc05157fb03d8f3028dc972ef7b00505a0495f4"
        ],
        [
            "5a29f5974d4a87ced71fd7b4b1ae521a58381d25",
            "43218660ff9cc83c83c3dc3916c264f2fb4176cc"
        ],
        [
            "5a29f5974d4a87ced71fd7b4b1ae521a58381d25",
            "08c816460de1ec7cb32b376c3ca23a0520221aa1"
        ],
        [
            "5a29f5974d4a87ced71fd7b4b1ae521a58381d25",
            "63a5d6dd478e01f95e6097eb55e2e32436588cc6"
        ],
        [
            "5a29f5974d4a87ced71fd7b4b1ae521a58381d25",
            "203c828d3bf7b9e4a184d085f74c1be12ed88030"
        ]
    ]
}