{
    "testdir": "/benchmarks/2025-09-19-18-57-30--misracpp_baseline_gpt5.17/cpp/exercises/practice/sublist",
    "testcase": "sublist",
    "model": "openai/gpt-5",
    "edit_format": "diff",
    "tests_outcomes": [
        false,
        true
    ],
    "cost": 0.27668625,
    "duration": 529.637619972229,
    "test_timeouts": 0,
    "commit_hash": "32faf82-dirty",
    "num_error_outputs": 0,
    "num_user_asks": 8,
    "num_exhausted_context_windows": 0,
    "num_malformed_responses": 0,
    "syntax_errors": 0,
    "indentation_errors": 0,
    "lazy_comments": 0,
    "reasoning_effort": null,
    "prompt_tokens": 108549,
    "completion_tokens": 20796,
    "thinking_tokens": null,
    "chat_hashes": [
        [
            "5a29f5974d4a87ced71fd7b4b1ae521a58381d25",
            "cd28e6d63fb70238bce8c1ce078e10ea58a1f4d4"
        ],
        [
            "5a29f5974d4a87ced71fd7b4b1ae521a58381d25",
            "7eb029d31a4a5b7d6377507c6d49860dd2f3821c"
        ],
        [
            "5a29f5974d4a87ced71fd7b4b1ae521a58381d25",
            "86b1be89b74b65f533f055d0259553be82f2b6a1"
        ],
        [
            "5a29f5974d4a87ced71fd7b4b1ae521a58381d25",
            "eba0f1fb878bcf3cb6a761b5e75d96244a171660"
        ],
        [
            "5a29f5974d4a87ced71fd7b4b1ae521a58381d25",
            "4ce909dfa1db6e6ec29b265b2228484a66c230f5"
        ],
        [
            "5a29f5974d4a87ced71fd7b4b1ae521a58381d25",
            "e3942c995c15f8a45dcddf7f42cd5cd5cb4386d1"
        ],
        [
            "5a29f5974d4a87ced71fd7b4b1ae521a58381d25",
            "86556974c55df3302c04f98baf03604e826d6fd6"
        ],
        [
            "5a29f5974d4a87ced71fd7b4b1ae521a58381d25",
            "058d0d89964f27b54af80d2049c6483b49ab264b"
        ]
    ]
}