{
    "testdir": "/benchmarks/2025-09-01-21-54-51--cpp_misra_o3.top10.10/cpp/exercises/practice/clock",
    "testcase": "clock",
    "model": "o3",
    "edit_format": "diff",
    "tests_outcomes": [
        false,
        true
    ],
    "cost": 0.10677199999999999,
    "duration": 152.82286953926086,
    "test_timeouts": 0,
    "commit_hash": "32faf82-dirty",
    "num_error_outputs": 0,
    "num_user_asks": 3,
    "num_exhausted_context_windows": 0,
    "num_malformed_responses": 0,
    "syntax_errors": 0,
    "indentation_errors": 0,
    "lazy_comments": 0,
    "reasoning_effort": null,
    "prompt_tokens": 32774,
    "completion_tokens": 9329,
    "thinking_tokens": null,
    "chat_hashes": [
        [
            "5570d71e63f5d28449be40ac390705d540cb9709",
            "6fea1c18f682b61dc227deca6b3ff70c9e4e2fca"
        ],
        [
            "5570d71e63f5d28449be40ac390705d540cb9709",
            "90181c3f4fb198871b3b17f959364424afdbeb15"
        ],
        [
            "5570d71e63f5d28449be40ac390705d540cb9709",
            "4abe76ebf7a62fd1aa87e44d9de4506b26dfd63b"
        ],
        [
            "5570d71e63f5d28449be40ac390705d540cb9709",
            "787401f78bfeaceaba2d47cdd443298e879c848f"
        ],
        [
            "5570d71e63f5d28449be40ac390705d540cb9709",
            "a59736d87e7abfb78326fd0a594f608b442975bd"
        ]
    ]
}