{
    "testdir": "/benchmarks/2025-09-19-18-07-24--misracpp_baseline_gpt5.13/cpp/exercises/practice/complex-numbers",
    "testcase": "complex-numbers",
    "model": "openai/gpt-5",
    "edit_format": "diff",
    "tests_outcomes": [
        false,
        true
    ],
    "cost": 0.22163575000000002,
    "duration": 360.41918563842773,
    "test_timeouts": 0,
    "commit_hash": "32faf82-dirty",
    "num_error_outputs": 1,
    "num_user_asks": 6,
    "num_exhausted_context_windows": 0,
    "num_malformed_responses": 1,
    "syntax_errors": 0,
    "indentation_errors": 0,
    "lazy_comments": 0,
    "reasoning_effort": null,
    "prompt_tokens": 41483,
    "completion_tokens": 19671,
    "thinking_tokens": null,
    "chat_hashes": [
        [
            "5a29f5974d4a87ced71fd7b4b1ae521a58381d25",
            "9ea296b8d7f20d0b142ab9cd37afea267c3017ca"
        ],
        [
            "5a29f5974d4a87ced71fd7b4b1ae521a58381d25",
            "7a5995e0c12b2603849d0de9cf4e7fa8dbcf06a9"
        ],
        [
            "5a29f5974d4a87ced71fd7b4b1ae521a58381d25",
            "90ce62f947b359fa812e285ce44a45db10cfe5b8"
        ],
        [
            "5a29f5974d4a87ced71fd7b4b1ae521a58381d25",
            "6b7492049c3641d0c93c0a9fb1c68900c6371d5d"
        ],
        [
            "5a29f5974d4a87ced71fd7b4b1ae521a58381d25",
            "651885fb0a623a1a736cbcd7be3546aa676ddbd9"
        ],
        [
            "5a29f5974d4a87ced71fd7b4b1ae521a58381d25",
            "bbd2c7a95cbe64bcdcdb5c23238639a100d10054"
        ],
        [
            "5a29f5974d4a87ced71fd7b4b1ae521a58381d25",
            "b40c23d8b099471926acbc8fb71c0b2491ee5c72"
        ],
        [
            "5a29f5974d4a87ced71fd7b4b1ae521a58381d25",
            "fb5fdf3cbfa6a10c12dd253664a2cfd8472a5651"
        ]
    ]
}