{
    "testdir": "/benchmarks/2025-09-19-20-01-04--misracpp_baseline_gpt5.21/cpp/exercises/practice/space-age",
    "testcase": "space-age",
    "model": "openai/gpt-5",
    "edit_format": "diff",
    "tests_outcomes": [
        true
    ],
    "cost": 0.080084,
    "duration": 128.07088613510132,
    "test_timeouts": 0,
    "commit_hash": "32faf82-dirty",
    "num_error_outputs": 1,
    "num_user_asks": 1,
    "num_exhausted_context_windows": 0,
    "num_malformed_responses": 1,
    "syntax_errors": 0,
    "indentation_errors": 0,
    "lazy_comments": 0,
    "reasoning_effort": null,
    "prompt_tokens": 11120,
    "completion_tokens": 7324,
    "thinking_tokens": null,
    "chat_hashes": [
        [
            "5a29f5974d4a87ced71fd7b4b1ae521a58381d25",
            "176c6e00e4f122db92a36307c96a2f443386f299"
        ],
        [
            "5a29f5974d4a87ced71fd7b4b1ae521a58381d25",
            "2b9081678c938961203278b2e7ba7653337f466c"
        ],
        [
            "5a29f5974d4a87ced71fd7b4b1ae521a58381d25",
            "51603b79833e86f49b4c86fd34db901c4bc2ecb5"
        ]
    ]
}