{
    "testdir": "/benchmarks/2025-08-22-11-18-48--misracpp_baseline_deepseek-chat.14/cpp/exercises/practice/crypto-square",
    "testcase": "crypto-square",
    "model": "deepseek/deepseek-chat",
    "edit_format": "diff",
    "tests_outcomes": [
        false,
        true
    ],
    "cost": 0.008008959999999999,
    "duration": 262.9678523540497,
    "test_timeouts": 0,
    "commit_hash": "32faf82-dirty",
    "num_error_outputs": 0,
    "num_user_asks": 1,
    "num_exhausted_context_windows": 0,
    "num_malformed_responses": 0,
    "syntax_errors": 0,
    "indentation_errors": 0,
    "lazy_comments": 0,
    "reasoning_effort": null,
    "prompt_tokens": 15348,
    "completion_tokens": 5166,
    "thinking_tokens": null,
    "chat_hashes": [
        [
            "d229a439b83a277ab75364ece3dd8437f0cca388",
            "e36a74acff4d30fe551e382521d1258367e78c04"
        ],
        [
            "d229a439b83a277ab75364ece3dd8437f0cca388",
            "348084a93fdb6f774054375f5e411dd18e813abc"
        ],
        [
            "d229a439b83a277ab75364ece3dd8437f0cca388",
            "eae71469f59da2e54a378b1809ad83479f51d7b8"
        ]
    ]
}