{
    "testdir": "/benchmarks/2025-09-23-16-52-24--cpp_misra_gpt5.top5.13/cpp/exercises/practice/clock",
    "testcase": "clock",
    "model": "openai/gpt-5",
    "edit_format": "diff",
    "tests_outcomes": [
        false,
        true
    ],
    "cost": 0.37516175000000007,
    "duration": 588.8787131309509,
    "test_timeouts": 0,
    "commit_hash": "32faf82-dirty",
    "num_error_outputs": 0,
    "num_user_asks": 8,
    "num_exhausted_context_windows": 0,
    "num_malformed_responses": 0,
    "syntax_errors": 0,
    "indentation_errors": 0,
    "lazy_comments": 0,
    "reasoning_effort": null,
    "prompt_tokens": 48283,
    "completion_tokens": 34692,
    "thinking_tokens": null,
    "chat_hashes": [
        [
            "5a29f5974d4a87ced71fd7b4b1ae521a58381d25",
            "00e429c9b279346b2d8f2b36131fcc300651c03c"
        ],
        [
            "5a29f5974d4a87ced71fd7b4b1ae521a58381d25",
            "23f5efb7240fce525d9fcbc8aebdbf39f31576fe"
        ],
        [
            "5a29f5974d4a87ced71fd7b4b1ae521a58381d25",
            "69d03505d9e6a67ba71ea908b8a82b111d5809e5"
        ],
        [
            "5a29f5974d4a87ced71fd7b4b1ae521a58381d25",
            "b2f546ef88b9e63b81f68756262193d32505e6b2"
        ],
        [
            "5a29f5974d4a87ced71fd7b4b1ae521a58381d25",
            "03019817f4e59384700b0fc60834473bba79ae29"
        ],
        [
            "5a29f5974d4a87ced71fd7b4b1ae521a58381d25",
            "24e65e9c188834ecadb9613369b79f5a8f47c931"
        ],
        [
            "5a29f5974d4a87ced71fd7b4b1ae521a58381d25",
            "508b6764b43e4c29d24468c992d8350b4f0dcb96"
        ],
        [
            "5a29f5974d4a87ced71fd7b4b1ae521a58381d25",
            "792d6854982545c772a104b0c3044c4f2d75886f"
        ]
    ]
}