{
    "testdir": "/benchmarks/2025-08-21-09-42-55--misracpp_baseline.7/cpp/exercises/practice/circular-buffer",
    "testcase": "circular-buffer",
    "model": "gpt-4.1",
    "edit_format": "diff",
    "tests_outcomes": [
        false,
        true
    ],
    "cost": 0.105742,
    "duration": 124.68163061141968,
    "test_timeouts": 0,
    "commit_hash": "32faf82-dirty",
    "num_error_outputs": 1,
    "num_user_asks": 7,
    "num_exhausted_context_windows": 0,
    "num_malformed_responses": 1,
    "syntax_errors": 0,
    "indentation_errors": 0,
    "lazy_comments": 0,
    "reasoning_effort": null,
    "prompt_tokens": 72819,
    "completion_tokens": 3005,
    "thinking_tokens": null,
    "chat_hashes": [
        [
            "dd5eb8c6e1e03320d0933ca63c0164ae9d2a0152",
            "f14c07b331659d7223381b6d504fdd55956abbfc"
        ],
        [
            "dd5eb8c6e1e03320d0933ca63c0164ae9d2a0152",
            "5ad86f8d63fc3de1c16526f977670823756b40b3"
        ],
        [
            "dd5eb8c6e1e03320d0933ca63c0164ae9d2a0152",
            "9be9604499ce83dca12539a3688240d4dc461a73"
        ],
        [
            "dd5eb8c6e1e03320d0933ca63c0164ae9d2a0152",
            "45823097cebee8d010aefe2c295577d26ad98b1a"
        ],
        [
            "dd5eb8c6e1e03320d0933ca63c0164ae9d2a0152",
            "5cfde5fd21a1e1911c738a579cf6279be05c1bbe"
        ],
        [
            "dd5eb8c6e1e03320d0933ca63c0164ae9d2a0152",
            "31f075add64e005f25cf66bfedf19122dc8aeef5"
        ],
        [
            "dd5eb8c6e1e03320d0933ca63c0164ae9d2a0152",
            "c10b746ffba7db048ded625d5904be3a7236203b"
        ],
        [
            "dd5eb8c6e1e03320d0933ca63c0164ae9d2a0152",
            "258a5492d9c6ff8752e8d8d29ce9d96cb5e0d3cf"
        ]
    ]
}