{
    "testdir": "/benchmarks/2025-09-10-11-35-04--misracpp_baseline_grok-code-fast-1.1/cpp/exercises/practice/sublist",
    "testcase": "sublist",
    "model": "xai/grok-code-fast-1-0825",
    "edit_format": "whole",
    "tests_outcomes": [
        false,
        true
    ],
    "cost": 0.006972900000000001,
    "duration": 24.091181755065918,
    "test_timeouts": 0,
    "commit_hash": "32faf82-dirty",
    "num_error_outputs": 0,
    "num_user_asks": 2,
    "num_exhausted_context_windows": 0,
    "num_malformed_responses": 0,
    "syntax_errors": 0,
    "indentation_errors": 0,
    "lazy_comments": 0,
    "reasoning_effort": null,
    "prompt_tokens": 25422,
    "completion_tokens": 1259,
    "thinking_tokens": null,
    "chat_hashes": [
        [
            "5ff365dd35144573aa175fcf9498e0f4e11204a7",
            "ca33f32517ee7eb1a268fc97a686bec0468f399a"
        ],
        [
            "5ff365dd35144573aa175fcf9498e0f4e11204a7",
            "4c53f74c13434846db7a67cca35e48380e74d89a"
        ],
        [
            "5ff365dd35144573aa175fcf9498e0f4e11204a7",
            "9fe1547a7abfa21b131bf08d445eec5e4901a073"
        ],
        [
            "5ff365dd35144573aa175fcf9498e0f4e11204a7",
            "f4ac51376816fc77bea30d832069d0fd63271ee1"
        ]
    ]
}