{
    "testdir": "/benchmarks/2025-08-22-12-12-12--misracpp_baseline_deepseek-chat.19/cpp/exercises/practice/diamond",
    "testcase": "diamond",
    "model": "deepseek/deepseek-chat",
    "edit_format": "diff",
    "tests_outcomes": [
        true
    ],
    "cost": 0.00498695,
    "duration": 167.67748522758484,
    "test_timeouts": 0,
    "commit_hash": "32faf82-dirty",
    "num_error_outputs": 0,
    "num_user_asks": 2,
    "num_exhausted_context_windows": 0,
    "num_malformed_responses": 0,
    "syntax_errors": 0,
    "indentation_errors": 0,
    "lazy_comments": 0,
    "reasoning_effort": null,
    "prompt_tokens": 10705,
    "completion_tokens": 3314,
    "thinking_tokens": null,
    "chat_hashes": [
        [
            "d229a439b83a277ab75364ece3dd8437f0cca388",
            "754bca7983550e8fd7d7906b594c33d6bf3ab5ce"
        ],
        [
            "d229a439b83a277ab75364ece3dd8437f0cca388",
            "97e42b9c33ea545e79b1e38a11778c99c8497eb0"
        ],
        [
            "d229a439b83a277ab75364ece3dd8437f0cca388",
            "d93329ac2ef0a9654978bf63b063faa7604531c8"
        ]
    ]
}