{
    "testdir": "/benchmarks/2025-08-22-10-57-23--misracpp_baseline_deepseek-chat.12/cpp/exercises/practice/all-your-base",
    "testcase": "all-your-base",
    "model": "deepseek/deepseek-chat",
    "edit_format": "diff",
    "tests_outcomes": [
        false,
        true
    ],
    "cost": 0.00545388,
    "duration": 165.98855662345886,
    "test_timeouts": 0,
    "commit_hash": "32faf82-dirty",
    "num_error_outputs": 0,
    "num_user_asks": 1,
    "num_exhausted_context_windows": 0,
    "num_malformed_responses": 0,
    "syntax_errors": 0,
    "indentation_errors": 0,
    "lazy_comments": 0,
    "reasoning_effort": null,
    "prompt_tokens": 13184,
    "completion_tokens": 3258,
    "thinking_tokens": null,
    "chat_hashes": [
        [
            "d229a439b83a277ab75364ece3dd8437f0cca388",
            "fdd3c161703469a735dd6cf760566f559c2c3b04"
        ],
        [
            "d229a439b83a277ab75364ece3dd8437f0cca388",
            "0032d07f55311cfa83a54d1921444289d88c1ae2"
        ],
        [
            "d229a439b83a277ab75364ece3dd8437f0cca388",
            "2d0bc5c3554760e4394aeadac90d7b71e0b10cd0"
        ]
    ]
}