{
    "testdir": "/benchmarks/2025-08-26-10-29-21--cpp_misra.top3.1/cpp/exercises/practice/yacht",
    "testcase": "yacht",
    "model": "gpt-4.1",
    "edit_format": "diff",
    "tests_outcomes": [
        false,
        true
    ],
    "cost": 0.18903599999999998,
    "duration": 155.4942660331726,
    "test_timeouts": 0,
    "commit_hash": "32faf82-dirty",
    "num_error_outputs": 0,
    "num_user_asks": 8,
    "num_exhausted_context_windows": 0,
    "num_malformed_responses": 0,
    "syntax_errors": 0,
    "indentation_errors": 0,
    "lazy_comments": 0,
    "reasoning_effort": null,
    "prompt_tokens": 128234,
    "completion_tokens": 3739,
    "thinking_tokens": null,
    "chat_hashes": [
        [
            "dd5eb8c6e1e03320d0933ca63c0164ae9d2a0152",
            "9089fc2616ccb58053d4b1e9dab9d7b8e58fb18c"
        ],
        [
            "dd5eb8c6e1e03320d0933ca63c0164ae9d2a0152",
            "b521da4d13df74ce52e72d46ef6c4a6a2d04fa02"
        ],
        [
            "dd5eb8c6e1e03320d0933ca63c0164ae9d2a0152",
            "d0d7166591a89ee3e0bcfd0b0f75c521f4588bfd"
        ],
        [
            "dd5eb8c6e1e03320d0933ca63c0164ae9d2a0152",
            "c88102f6e8720626b3733ea4dff9dd3ac2deb3e9"
        ],
        [
            "dd5eb8c6e1e03320d0933ca63c0164ae9d2a0152",
            "1335845fac9b5ca3493e3cc2f6d3d11eb0dcc5cf"
        ],
        [
            "dd5eb8c6e1e03320d0933ca63c0164ae9d2a0152",
            "c5c3bdea993d84fe1d54b823500f66a540127cd3"
        ],
        [
            "dd5eb8c6e1e03320d0933ca63c0164ae9d2a0152",
            "d9323c0e35ae131e53346992757314657356ae59"
        ],
        [
            "dd5eb8c6e1e03320d0933ca63c0164ae9d2a0152",
            "c893a309608a2832a57b7b6e711f0823a96c2c48"
        ]
    ]
}