{
    "testdir": "/benchmarks/2025-09-23-18-34-20--cpp_misra_gpt5.top5.18/cpp/exercises/practice/knapsack",
    "testcase": "knapsack",
    "model": "openai/gpt-5",
    "edit_format": "diff",
    "tests_outcomes": [
        false,
        true
    ],
    "cost": 0.36346325,
    "duration": 666.6911981105804,
    "test_timeouts": 0,
    "commit_hash": "32faf82-dirty",
    "num_error_outputs": 0,
    "num_user_asks": 7,
    "num_exhausted_context_windows": 0,
    "num_malformed_responses": 0,
    "syntax_errors": 0,
    "indentation_errors": 0,
    "lazy_comments": 0,
    "reasoning_effort": null,
    "prompt_tokens": 63873,
    "completion_tokens": 31919,
    "thinking_tokens": null,
    "chat_hashes": [
        [
            "5a29f5974d4a87ced71fd7b4b1ae521a58381d25",
            "e7d36f0ccb8a844bbcf6e302d70760c30a1ccf9e"
        ],
        [
            "5a29f5974d4a87ced71fd7b4b1ae521a58381d25",
            "268e92a60dceed5df952398233d1853201b67a35"
        ],
        [
            "5a29f5974d4a87ced71fd7b4b1ae521a58381d25",
            "ca0eb2ab810ced816a982f45fe161c694e5e18e2"
        ],
        [
            "5a29f5974d4a87ced71fd7b4b1ae521a58381d25",
            "1d0e6b7f5e9237e8b5e597e7b6f226f144f4f835"
        ],
        [
            "5a29f5974d4a87ced71fd7b4b1ae521a58381d25",
            "6aebc81b922ea456746013fc5451c6f03248a620"
        ],
        [
            "5a29f5974d4a87ced71fd7b4b1ae521a58381d25",
            "a34a5761f205bbb30556ccf1414b0498a35dc746"
        ],
        [
            "5a29f5974d4a87ced71fd7b4b1ae521a58381d25",
            "fd74eccf4f95658343d2f49e15c191ff81c195a0"
        ],
        [
            "5a29f5974d4a87ced71fd7b4b1ae521a58381d25",
            "6eaa6267f39af3ebe5c172a543dab5f3a00bca1d"
        ]
    ]
}