{
    "testdir": "/benchmarks/2025-08-21-09-19-54--misracpp_baseline.2/cpp/exercises/practice/crypto-square",
    "testcase": "crypto-square",
    "model": "gpt-4.1",
    "edit_format": "diff",
    "tests_outcomes": [
        false,
        true
    ],
    "cost": 0.064304,
    "duration": 49.50312113761902,
    "test_timeouts": 0,
    "commit_hash": "32faf82-dirty",
    "num_error_outputs": 0,
    "num_user_asks": 8,
    "num_exhausted_context_windows": 0,
    "num_malformed_responses": 0,
    "syntax_errors": 0,
    "indentation_errors": 0,
    "lazy_comments": 0,
    "reasoning_effort": null,
    "prompt_tokens": 43116,
    "completion_tokens": 1987,
    "thinking_tokens": null,
    "chat_hashes": [
        [
            "dd5eb8c6e1e03320d0933ca63c0164ae9d2a0152",
            "f3db855fc33920a2dc70186185ae483c3d791a1e"
        ],
        [
            "dd5eb8c6e1e03320d0933ca63c0164ae9d2a0152",
            "853c59beb7e887d9320d7c084491d5bd7a7a06f7"
        ],
        [
            "dd5eb8c6e1e03320d0933ca63c0164ae9d2a0152",
            "8c7cc051d2f35676892a45234fa70c158f62df14"
        ],
        [
            "dd5eb8c6e1e03320d0933ca63c0164ae9d2a0152",
            "fd5110ebbe04a54409424f8b10a371b4184a6adb"
        ],
        [
            "dd5eb8c6e1e03320d0933ca63c0164ae9d2a0152",
            "dac2c56515d0e7d6dfbf07beb79e1436e05e32a0"
        ],
        [
            "dd5eb8c6e1e03320d0933ca63c0164ae9d2a0152",
            "93d94bcfbd939e33be38f6b317493bd389dfcba3"
        ],
        [
            "dd5eb8c6e1e03320d0933ca63c0164ae9d2a0152",
            "b7380d72a71df1505845ba12e4a299bc44b3b3fe"
        ],
        [
            "dd5eb8c6e1e03320d0933ca63c0164ae9d2a0152",
            "ab2db75f22ef41cb694356b9ea9c617c813ad1d0"
        ]
    ]
}