{
    "testdir": "/benchmarks/2025-08-31-21-25-59--cpp_misra_deepseek-chat.top5.4/cpp/exercises/practice/crypto-square",
    "testcase": "crypto-square",
    "model": "deepseek/deepseek-chat",
    "edit_format": "diff",
    "tests_outcomes": [
        false,
        false
    ],
    "cost": 0.014222539999999999,
    "duration": 403.50703620910645,
    "test_timeouts": 0,
    "commit_hash": "32faf82-dirty",
    "num_error_outputs": 0,
    "num_user_asks": 3,
    "num_exhausted_context_windows": 0,
    "num_malformed_responses": 0,
    "syntax_errors": 0,
    "indentation_errors": 0,
    "lazy_comments": 0,
    "reasoning_effort": null,
    "prompt_tokens": 44072,
    "completion_tokens": 7581,
    "thinking_tokens": null,
    "chat_hashes": [
        [
            "d229a439b83a277ab75364ece3dd8437f0cca388",
            "77d3d0761a51c134c6fd92bf098b6115a81fc44d"
        ],
        [
            "d229a439b83a277ab75364ece3dd8437f0cca388",
            "a7f84033a0abd8ed389fe161a334578b89be9a38"
        ],
        [
            "d229a439b83a277ab75364ece3dd8437f0cca388",
            "acd7c9a7295e3e129860789cd252d6e785d981e3"
        ],
        [
            "d229a439b83a277ab75364ece3dd8437f0cca388",
            "bc80f50a3dc6d8fd7952034e3d8d1c5d768e6082"
        ],
        [
            "d229a439b83a277ab75364ece3dd8437f0cca388",
            "802c88ca4715aef59eb3ec0dc847d7b18e67ead2"
        ]
    ]
}