{
    "testdir": "/benchmarks/2025-08-21-09-35-50--misracpp_baseline.6/cpp/exercises/practice/clock",
    "testcase": "clock",
    "model": "gpt-4.1",
    "edit_format": "diff",
    "tests_outcomes": [
        false,
        false
    ],
    "cost": 0.058916,
    "duration": 63.57457113265991,
    "test_timeouts": 0,
    "commit_hash": "32faf82-dirty",
    "num_error_outputs": 0,
    "num_user_asks": 8,
    "num_exhausted_context_windows": 0,
    "num_malformed_responses": 0,
    "syntax_errors": 0,
    "indentation_errors": 0,
    "lazy_comments": 0,
    "reasoning_effort": null,
    "prompt_tokens": 35674,
    "completion_tokens": 2382,
    "thinking_tokens": null,
    "chat_hashes": [
        [
            "dd5eb8c6e1e03320d0933ca63c0164ae9d2a0152",
            "8bde55b1d9c0b7dafbc4fee3bc76892f6c43fa12"
        ],
        [
            "dd5eb8c6e1e03320d0933ca63c0164ae9d2a0152",
            "783453b15e58d9a0d1758f4caf1d2a9f3f0eb67a"
        ],
        [
            "dd5eb8c6e1e03320d0933ca63c0164ae9d2a0152",
            "4c18f490c6bb124944fe81eb24fa9fd029c465c3"
        ],
        [
            "dd5eb8c6e1e03320d0933ca63c0164ae9d2a0152",
            "977af8ce8edee6947bd59408739d7fa9f4ed14b4"
        ],
        [
            "dd5eb8c6e1e03320d0933ca63c0164ae9d2a0152",
            "3e59825d2b96945dd12396550444bf3056cd06cc"
        ],
        [
            "dd5eb8c6e1e03320d0933ca63c0164ae9d2a0152",
            "f1dfa7d2cfaabf15c84f5a3dd5e9389618a9f323"
        ],
        [
            "dd5eb8c6e1e03320d0933ca63c0164ae9d2a0152",
            "a84e195619edba1c92efa7db5b28c979dcf7b215"
        ],
        [
            "dd5eb8c6e1e03320d0933ca63c0164ae9d2a0152",
            "7d5be11422395989297dbcbbcc79acdf826681cb"
        ]
    ]
}