{
    "testdir": "/benchmarks/2025-08-26-11-52-46--cpp_misra.top3.13/cpp/exercises/practice/binary-search-tree",
    "testcase": "binary-search-tree",
    "model": "gpt-4.1",
    "edit_format": "diff",
    "tests_outcomes": [
        false,
        false
    ],
    "cost": 0.138008,
    "duration": 143.7654047012329,
    "test_timeouts": 0,
    "commit_hash": "32faf82-dirty",
    "num_error_outputs": 0,
    "num_user_asks": 8,
    "num_exhausted_context_windows": 0,
    "num_malformed_responses": 0,
    "syntax_errors": 0,
    "indentation_errors": 0,
    "lazy_comments": 0,
    "reasoning_effort": null,
    "prompt_tokens": 83896,
    "completion_tokens": 4653,
    "thinking_tokens": null,
    "chat_hashes": [
        [
            "dd5eb8c6e1e03320d0933ca63c0164ae9d2a0152",
            "8a9820e048d7bf579a6dc713a2899f794a9e5586"
        ],
        [
            "dd5eb8c6e1e03320d0933ca63c0164ae9d2a0152",
            "f0bf5b6da896edc5ba850b92a9ed42ecbeaabffd"
        ],
        [
            "dd5eb8c6e1e03320d0933ca63c0164ae9d2a0152",
            "3b9472d5ad980985ccb3c1862c2324e3875c7faf"
        ],
        [
            "dd5eb8c6e1e03320d0933ca63c0164ae9d2a0152",
            "b33ad785e7c9c3949c470b4643e51f86ebdb5352"
        ],
        [
            "dd5eb8c6e1e03320d0933ca63c0164ae9d2a0152",
            "d135280470b282d219cf027c3474a769630ab7d2"
        ],
        [
            "dd5eb8c6e1e03320d0933ca63c0164ae9d2a0152",
            "07acabd22947a040596e91243c5ea7dc91e3fcae"
        ],
        [
            "dd5eb8c6e1e03320d0933ca63c0164ae9d2a0152",
            "6d9522eeb2e4469ffd518c8bf68a05832cf6921b"
        ],
        [
            "dd5eb8c6e1e03320d0933ca63c0164ae9d2a0152",
            "2bb5f1e8e3920b0e8fc29035fbe49835859ae273"
        ]
    ]
}