{
    "testdir": "/benchmarks/2025-09-19-19-47-38--misracpp_baseline_gpt5.20/cpp/exercises/practice/crypto-square",
    "testcase": "crypto-square",
    "model": "openai/gpt-5",
    "edit_format": "diff",
    "tests_outcomes": [
        true
    ],
    "cost": 0.10406000000000001,
    "duration": 158.5476791858673,
    "test_timeouts": 0,
    "commit_hash": "32faf82-dirty",
    "num_error_outputs": 1,
    "num_user_asks": 1,
    "num_exhausted_context_windows": 0,
    "num_malformed_responses": 1,
    "syntax_errors": 0,
    "indentation_errors": 0,
    "lazy_comments": 0,
    "reasoning_effort": null,
    "prompt_tokens": 11856,
    "completion_tokens": 9572,
    "thinking_tokens": null,
    "chat_hashes": [
        [
            "5a29f5974d4a87ced71fd7b4b1ae521a58381d25",
            "9cdb15010507d83651297af1ba0b1a72cd5168e4"
        ],
        [
            "5a29f5974d4a87ced71fd7b4b1ae521a58381d25",
            "688677efda1243eef164e90293135c01b8efd57c"
        ],
        [
            "5a29f5974d4a87ced71fd7b4b1ae521a58381d25",
            "3310b015b8a5a4d68fbfd7aab78b56b0ce821ce3"
        ]
    ]
}