{
    "testdir": "/benchmarks/2025-09-23-17-44-48--cpp_misra_gpt5.top5.16/cpp/exercises/practice/robot-name",
    "testcase": "robot-name",
    "model": "openai/gpt-5",
    "edit_format": "diff",
    "tests_outcomes": [
        true
    ],
    "cost": 0.18106825000000001,
    "duration": 362.52242159843445,
    "test_timeouts": 0,
    "commit_hash": "32faf82-dirty",
    "num_error_outputs": 1,
    "num_user_asks": 3,
    "num_exhausted_context_windows": 0,
    "num_malformed_responses": 1,
    "syntax_errors": 0,
    "indentation_errors": 0,
    "lazy_comments": 0,
    "reasoning_effort": null,
    "prompt_tokens": 21341,
    "completion_tokens": 16692,
    "thinking_tokens": null,
    "chat_hashes": [
        [
            "5a29f5974d4a87ced71fd7b4b1ae521a58381d25",
            "09a7691427a628e3bbd15fc85c081c8ebf0061a1"
        ],
        [
            "5a29f5974d4a87ced71fd7b4b1ae521a58381d25",
            "76985d5ad2774001ef66b1f1bacc25a6575583cf"
        ],
        [
            "5a29f5974d4a87ced71fd7b4b1ae521a58381d25",
            "460a915d044b38c9863a89f1fcc0bdc93f1abbef"
        ],
        [
            "5a29f5974d4a87ced71fd7b4b1ae521a58381d25",
            "fe32140642e35eaa54f60a4c99ec22b3ad22ab16"
        ]
    ]
}