{
    "testdir": "/benchmarks/2025-09-09-19-31-11--misracpp_baseline_opus-41.1/cpp/exercises/practice/meetup",
    "testcase": "meetup",
    "model": "anthropic/claude-opus-4-1-20250805",
    "edit_format": "whole",
    "tests_outcomes": [
        false,
        true
    ],
    "cost": 4.098345,
    "duration": 351.6757893562317,
    "test_timeouts": 0,
    "commit_hash": "32faf82-dirty",
    "num_error_outputs": 0,
    "num_user_asks": 8,
    "num_exhausted_context_windows": 0,
    "num_malformed_responses": 0,
    "syntax_errors": 0,
    "indentation_errors": 0,
    "lazy_comments": 0,
    "reasoning_effort": null,
    "prompt_tokens": 188168,
    "completion_tokens": 17011,
    "thinking_tokens": null,
    "chat_hashes": [
        [
            "a621abd757c98a95fb7d210c3c769a89aa0659cc",
            "2c846319f8bb3e9f743d501c46a529e2fb447d06"
        ],
        [
            "a621abd757c98a95fb7d210c3c769a89aa0659cc",
            "085fba6277170a20cf17fbbdb6f01e62caf0af41"
        ],
        [
            "a621abd757c98a95fb7d210c3c769a89aa0659cc",
            "74a8394a83902d69234c75a5a226db7eb87ded82"
        ],
        [
            "a621abd757c98a95fb7d210c3c769a89aa0659cc",
            "1bd21f928864431eacfc30ef3e3f5aad547e3e87"
        ],
        [
            "a621abd757c98a95fb7d210c3c769a89aa0659cc",
            "1f74dbb17fe835526decd191b14a41e415900d69"
        ],
        [
            "a621abd757c98a95fb7d210c3c769a89aa0659cc",
            "f02ab5d0f950e904f8a8ff6f4918cfc2cac23c55"
        ],
        [
            "a621abd757c98a95fb7d210c3c769a89aa0659cc",
            "c0ed9a0a2bc71e3c0d59f1dfe21c4ca31081ae2a"
        ],
        [
            "a621abd757c98a95fb7d210c3c769a89aa0659cc",
            "d9ae44d8a08b6c0b977e6143df6e3705ca09b779"
        ]
    ]
}