{
    "testdir": "/benchmarks/2025-09-01-01-37-15--cpp_misra_deepseek-chat.top5.15/cpp/exercises/practice/linked-list",
    "testcase": "linked-list",
    "model": "deepseek/deepseek-chat",
    "edit_format": "diff",
    "tests_outcomes": [
        true
    ],
    "cost": 0.00534012,
    "duration": 133.3130021095276,
    "test_timeouts": 0,
    "commit_hash": "32faf82-dirty",
    "num_error_outputs": 0,
    "num_user_asks": 2,
    "num_exhausted_context_windows": 0,
    "num_malformed_responses": 0,
    "syntax_errors": 0,
    "indentation_errors": 0,
    "lazy_comments": 0,
    "reasoning_effort": null,
    "prompt_tokens": 18296,
    "completion_tokens": 2470,
    "thinking_tokens": null,
    "chat_hashes": [
        [
            "d229a439b83a277ab75364ece3dd8437f0cca388",
            "96568d25685e052c08fb43e97428c3f45df3455a"
        ],
        [
            "d229a439b83a277ab75364ece3dd8437f0cca388",
            "5d0fd97968a74bf89c8c0776e9c6360270f35103"
        ],
        [
            "d229a439b83a277ab75364ece3dd8437f0cca388",
            "0f5f8bbeacedce3fe0b00d449be290cc05f0b362"
        ]
    ]
}