{
    "testdir": "/benchmarks/2025-09-23-16-16-21--cpp_misra_gpt5.top5.11/cpp/exercises/practice/robot-name",
    "testcase": "robot-name",
    "model": "openai/gpt-5",
    "edit_format": "diff",
    "tests_outcomes": [
        true
    ],
    "cost": 0.16637175,
    "duration": 245.99784684181213,
    "test_timeouts": 0,
    "commit_hash": "32faf82-dirty",
    "num_error_outputs": 1,
    "num_user_asks": 3,
    "num_exhausted_context_windows": 0,
    "num_malformed_responses": 1,
    "syntax_errors": 0,
    "indentation_errors": 0,
    "lazy_comments": 0,
    "reasoning_effort": null,
    "prompt_tokens": 19043,
    "completion_tokens": 15308,
    "thinking_tokens": null,
    "chat_hashes": [
        [
            "5a29f5974d4a87ced71fd7b4b1ae521a58381d25",
            "71a2f507f7ddba800b37435ecf783874e6ca8964"
        ],
        [
            "5a29f5974d4a87ced71fd7b4b1ae521a58381d25",
            "a258807d5a5834b28b19708849036fdea100aee0"
        ],
        [
            "5a29f5974d4a87ced71fd7b4b1ae521a58381d25",
            "43cff709385567dde35a972e1847e152129c9c8c"
        ],
        [
            "5a29f5974d4a87ced71fd7b4b1ae521a58381d25",
            "80f3bcbcf7c719316a06902545dbcec686945164"
        ]
    ]
}