{
    "testdir": "/benchmarks/2025-08-27-15-14-22--misracpp_baseline_o3.15/cpp/exercises/practice/knapsack",
    "testcase": "knapsack",
    "model": "o3",
    "edit_format": "diff",
    "tests_outcomes": [
        false,
        true
    ],
    "cost": 0.066692,
    "duration": 83.32899689674377,
    "test_timeouts": 0,
    "commit_hash": "32faf82-dirty",
    "num_error_outputs": 0,
    "num_user_asks": 2,
    "num_exhausted_context_windows": 0,
    "num_malformed_responses": 0,
    "syntax_errors": 0,
    "indentation_errors": 0,
    "lazy_comments": 0,
    "reasoning_effort": null,
    "prompt_tokens": 14750,
    "completion_tokens": 5801,
    "thinking_tokens": null,
    "chat_hashes": [
        [
            "5570d71e63f5d28449be40ac390705d540cb9709",
            "9c94ab46b52a2b8118c5ffc1c4ec8f3b0c88e5f5"
        ],
        [
            "5570d71e63f5d28449be40ac390705d540cb9709",
            "485bb79815e5fcfa0240988f1b0efad97118f9ee"
        ],
        [
            "5570d71e63f5d28449be40ac390705d540cb9709",
            "0635d23e580a1d16ac88a3440176be6fd311b712"
        ],
        [
            "5570d71e63f5d28449be40ac390705d540cb9709",
            "68f1af4300031f7e040bf4f5d796d7e586615de8"
        ]
    ]
}