{
    "testdir": "/benchmarks/2025-08-21-13-35-36--misracpp_baseline.17/cpp/exercises/practice/robot-name",
    "testcase": "robot-name",
    "model": "gpt-4.1",
    "edit_format": "diff",
    "tests_outcomes": [
        false,
        false
    ],
    "cost": 0.052902,
    "duration": 51.2785530090332,
    "test_timeouts": 0,
    "commit_hash": "32faf82-dirty",
    "num_error_outputs": 0,
    "num_user_asks": 6,
    "num_exhausted_context_windows": 0,
    "num_malformed_responses": 0,
    "syntax_errors": 0,
    "indentation_errors": 0,
    "lazy_comments": 0,
    "reasoning_effort": null,
    "prompt_tokens": 33315,
    "completion_tokens": 1812,
    "thinking_tokens": null,
    "chat_hashes": [
        [
            "dd5eb8c6e1e03320d0933ca63c0164ae9d2a0152",
            "509c695e3424a6417d354b74408bc3eb4cf03174"
        ],
        [
            "dd5eb8c6e1e03320d0933ca63c0164ae9d2a0152",
            "1ed59bda7af52d97f79e0f7429f9f2266e41f6fa"
        ],
        [
            "dd5eb8c6e1e03320d0933ca63c0164ae9d2a0152",
            "d397ce203c34a4d9995de6ee44d67bbbaa7b39bd"
        ],
        [
            "dd5eb8c6e1e03320d0933ca63c0164ae9d2a0152",
            "e80a2b17471bc3536f9bd62bd67e1e95d13fca21"
        ],
        [
            "dd5eb8c6e1e03320d0933ca63c0164ae9d2a0152",
            "a7ef5f55152d2481b9d5c5ca7fa2945bfff9481e"
        ],
        [
            "dd5eb8c6e1e03320d0933ca63c0164ae9d2a0152",
            "82b78b2015750da24194fa67baca88cca7350889"
        ],
        [
            "dd5eb8c6e1e03320d0933ca63c0164ae9d2a0152",
            "63714e7be60ad246ce7280ffea54ab987c49f09a"
        ]
    ]
}