{
    "testdir": "/benchmarks/2025-08-31-18-46-18--cpp_misra_o3.top5.7/cpp/exercises/practice/clock",
    "testcase": "clock",
    "model": "o3",
    "edit_format": "diff",
    "tests_outcomes": [
        false,
        true
    ],
    "cost": 0.232392,
    "duration": 299.1237790584564,
    "test_timeouts": 0,
    "commit_hash": "32faf82-dirty",
    "num_error_outputs": 0,
    "num_user_asks": 5,
    "num_exhausted_context_windows": 0,
    "num_malformed_responses": 0,
    "syntax_errors": 0,
    "indentation_errors": 0,
    "lazy_comments": 0,
    "reasoning_effort": null,
    "prompt_tokens": 43680,
    "completion_tokens": 22929,
    "thinking_tokens": null,
    "chat_hashes": [
        [
            "5570d71e63f5d28449be40ac390705d540cb9709",
            "e5d143316454cf84a596489372e752b0b6dc6ce3"
        ],
        [
            "5570d71e63f5d28449be40ac390705d540cb9709",
            "fb97bb3e1903c0a9d37c2948792dcd9ac3bb0efe"
        ],
        [
            "5570d71e63f5d28449be40ac390705d540cb9709",
            "82510ddb358723187e0f535007c391da25d4ab2f"
        ],
        [
            "5570d71e63f5d28449be40ac390705d540cb9709",
            "3553218640b5d790ac0aac3aa7a78e8447a6a779"
        ],
        [
            "5570d71e63f5d28449be40ac390705d540cb9709",
            "0fcbaa70e520fa0544dfadedd10ebad405eff1dc"
        ],
        [
            "5570d71e63f5d28449be40ac390705d540cb9709",
            "b12c36e688c0a01e0d7e8430dde6ce259e8a8a0b"
        ],
        [
            "5570d71e63f5d28449be40ac390705d540cb9709",
            "8b282b545b2d83e1637cc6b2120bee332968985c"
        ]
    ]
}