{
    "testdir": "/benchmarks/2025-08-21-09-31-17--misracpp_baseline.5/cpp/exercises/practice/sublist",
    "testcase": "sublist",
    "model": "gpt-4.1",
    "edit_format": "diff",
    "tests_outcomes": [
        false,
        false
    ],
    "cost": 0.106616,
    "duration": 64.96503973007202,
    "test_timeouts": 0,
    "commit_hash": "32faf82-dirty",
    "num_error_outputs": 0,
    "num_user_asks": 8,
    "num_exhausted_context_windows": 0,
    "num_malformed_responses": 0,
    "syntax_errors": 0,
    "indentation_errors": 0,
    "lazy_comments": 0,
    "reasoning_effort": null,
    "prompt_tokens": 79868,
    "completion_tokens": 1448,
    "thinking_tokens": null,
    "chat_hashes": [
        [
            "dd5eb8c6e1e03320d0933ca63c0164ae9d2a0152",
            "2c64917b7fdef36502c675a924d7c489ae8d12e0"
        ],
        [
            "dd5eb8c6e1e03320d0933ca63c0164ae9d2a0152",
            "9dabcaf039d054f2c3df5567cbf0d51d85d48a36"
        ],
        [
            "dd5eb8c6e1e03320d0933ca63c0164ae9d2a0152",
            "2ceaae45450447157565d13b58c5e4363d6ea6dd"
        ],
        [
            "dd5eb8c6e1e03320d0933ca63c0164ae9d2a0152",
            "de2ea8f360c80b1cb351b7987b0c50f34a054771"
        ],
        [
            "dd5eb8c6e1e03320d0933ca63c0164ae9d2a0152",
            "bb349c9da39a333c42181f933120cc45405e6cf7"
        ],
        [
            "dd5eb8c6e1e03320d0933ca63c0164ae9d2a0152",
            "2bc993b5c2e951e08f79d4043a1e3ed3b1bcf9cd"
        ],
        [
            "dd5eb8c6e1e03320d0933ca63c0164ae9d2a0152",
            "5a9b754912129383dceb77e856cc8a76264e5c6a"
        ],
        [
            "dd5eb8c6e1e03320d0933ca63c0164ae9d2a0152",
            "93e3870f4d6a13e9a73c971db9539532dda0bbbc"
        ]
    ]
}