{
    "testdir": "/benchmarks/2025-09-19-18-07-24--misracpp_baseline_gpt5.13/cpp/exercises/practice/bank-account",
    "testcase": "bank-account",
    "model": "openai/gpt-5",
    "edit_format": "diff",
    "tests_outcomes": [
        true
    ],
    "cost": 0.1279475,
    "duration": 232.4106366634369,
    "test_timeouts": 0,
    "commit_hash": "32faf82-dirty",
    "num_error_outputs": 0,
    "num_user_asks": 3,
    "num_exhausted_context_windows": 0,
    "num_malformed_responses": 0,
    "syntax_errors": 0,
    "indentation_errors": 0,
    "lazy_comments": 0,
    "reasoning_effort": null,
    "prompt_tokens": 13990,
    "completion_tokens": 11694,
    "thinking_tokens": null,
    "chat_hashes": [
        [
            "5a29f5974d4a87ced71fd7b4b1ae521a58381d25",
            "b449f97107786bd112ed25d14caa71b3fdae02b5"
        ],
        [
            "5a29f5974d4a87ced71fd7b4b1ae521a58381d25",
            "52dbefc96277902727d6b28f0b9ea297fa635ce2"
        ],
        [
            "5a29f5974d4a87ced71fd7b4b1ae521a58381d25",
            "8fd180d0bfea27e6eeea06013110dfea113a4108"
        ],
        [
            "5a29f5974d4a87ced71fd7b4b1ae521a58381d25",
            "de0280a3d73d0dcea032e075da6800e6a371cc95"
        ]
    ]
}