{
    "testdir": "/benchmarks/2025-09-23-14-29-36--cpp_misra_gpt5.top5.6/cpp/exercises/practice/perfect-numbers",
    "testcase": "perfect-numbers",
    "model": "openai/gpt-5",
    "edit_format": "diff",
    "tests_outcomes": [
        true
    ],
    "cost": 0.09149225000000001,
    "duration": 196.06759357452393,
    "test_timeouts": 0,
    "commit_hash": "32faf82-dirty",
    "num_error_outputs": 1,
    "num_user_asks": 3,
    "num_exhausted_context_windows": 0,
    "num_malformed_responses": 1,
    "syntax_errors": 0,
    "indentation_errors": 0,
    "lazy_comments": 0,
    "reasoning_effort": null,
    "prompt_tokens": 18045,
    "completion_tokens": 7700,
    "thinking_tokens": null,
    "chat_hashes": [
        [
            "5a29f5974d4a87ced71fd7b4b1ae521a58381d25",
            "51822bb9175d39e5f8a637a51dbad86fefb6c070"
        ],
        [
            "5a29f5974d4a87ced71fd7b4b1ae521a58381d25",
            "33b1520a83914afefb41dc438f83fd56e88c99c6"
        ],
        [
            "5a29f5974d4a87ced71fd7b4b1ae521a58381d25",
            "a61fa767d77d1287d2416a795003b75efde7a910"
        ],
        [
            "5a29f5974d4a87ced71fd7b4b1ae521a58381d25",
            "a74496ea4bb01bd644c2c3a8a15867a83537b0b2"
        ]
    ]
}