{
    "testdir": "/benchmarks/2025-08-31-19-49-39--cpp_misra_o3.top5.17/cpp/exercises/practice/perfect-numbers",
    "testcase": "perfect-numbers",
    "model": "o3",
    "edit_format": "diff",
    "tests_outcomes": [
        true
    ],
    "cost": 0.067352,
    "duration": 68.95938682556152,
    "test_timeouts": 0,
    "commit_hash": "32faf82-dirty",
    "num_error_outputs": 0,
    "num_user_asks": 2,
    "num_exhausted_context_windows": 0,
    "num_malformed_responses": 0,
    "syntax_errors": 0,
    "indentation_errors": 0,
    "lazy_comments": 0,
    "reasoning_effort": null,
    "prompt_tokens": 12788,
    "completion_tokens": 6926,
    "thinking_tokens": null,
    "chat_hashes": [
        [
            "5570d71e63f5d28449be40ac390705d540cb9709",
            "f19f425927624e3ac3f9c376a3ced135ce669eff"
        ],
        [
            "5570d71e63f5d28449be40ac390705d540cb9709",
            "8624aab21205a973e66d1cf219fd5fbe26a7e257"
        ],
        [
            "5570d71e63f5d28449be40ac390705d540cb9709",
            "fa3f66ee0d5ffed5028244233379194e346a2b60"
        ]
    ]
}