{
    "testdir": "/benchmarks/2025-09-23-15-56-44--cpp_misra_gpt5.top5.10/cpp/exercises/practice/space-age",
    "testcase": "space-age",
    "model": "openai/gpt-5",
    "edit_format": "diff",
    "tests_outcomes": [
        true
    ],
    "cost": 0.093303,
    "duration": 157.1799294948578,
    "test_timeouts": 0,
    "commit_hash": "32faf82-dirty",
    "num_error_outputs": 1,
    "num_user_asks": 1,
    "num_exhausted_context_windows": 0,
    "num_malformed_responses": 1,
    "syntax_errors": 0,
    "indentation_errors": 0,
    "lazy_comments": 0,
    "reasoning_effort": null,
    "prompt_tokens": 15172,
    "completion_tokens": 8125,
    "thinking_tokens": null,
    "chat_hashes": [
        [
            "5a29f5974d4a87ced71fd7b4b1ae521a58381d25",
            "48c505a6711a62e2e48669266d36f15c2f53c9a3"
        ],
        [
            "5a29f5974d4a87ced71fd7b4b1ae521a58381d25",
            "e1bbbd3a7b8a378de61e39ae29d8e534f2590643"
        ],
        [
            "5a29f5974d4a87ced71fd7b4b1ae521a58381d25",
            "633f8968ef302a29a0a7ad1f39fe044e74ab2c6c"
        ]
    ]
}