{
    "testdir": "/benchmarks/2025-09-19-20-01-04--misracpp_baseline_gpt5.21/cpp/exercises/practice/spiral-matrix",
    "testcase": "spiral-matrix",
    "model": "openai/gpt-5",
    "edit_format": "diff",
    "tests_outcomes": [
        false,
        true
    ],
    "cost": 0.9378780000000001,
    "duration": 430.7137167453766,
    "test_timeouts": 0,
    "commit_hash": "32faf82-dirty",
    "num_error_outputs": 0,
    "num_user_asks": 8,
    "num_exhausted_context_windows": 0,
    "num_malformed_responses": 0,
    "syntax_errors": 0,
    "indentation_errors": 0,
    "lazy_comments": 0,
    "reasoning_effort": null,
    "prompt_tokens": 626648,
    "completion_tokens": 16508,
    "thinking_tokens": null,
    "chat_hashes": [
        [
            "5a29f5974d4a87ced71fd7b4b1ae521a58381d25",
            "7d73120743d099468af1e3468e39958d7ec1b72a"
        ],
        [
            "5a29f5974d4a87ced71fd7b4b1ae521a58381d25",
            "c7f36effd605e07134c605e50459bde384ef7196"
        ],
        [
            "5a29f5974d4a87ced71fd7b4b1ae521a58381d25",
            "435a6a64ab3355c7d6634c1e853e876f45b42308"
        ],
        [
            "5a29f5974d4a87ced71fd7b4b1ae521a58381d25",
            "c7f36effd605e07134c605e50459bde384ef7196"
        ],
        [
            "5a29f5974d4a87ced71fd7b4b1ae521a58381d25",
            "39ab9ce046d24bbd22bc0b031e608f1fce1e4d65"
        ],
        [
            "5a29f5974d4a87ced71fd7b4b1ae521a58381d25",
            "931dc6aabdad9377e1c730ae910464d11f204a80"
        ],
        [
            "5a29f5974d4a87ced71fd7b4b1ae521a58381d25",
            "abbd52d9a0f085bf549c1d6e24d4e94cb1e72c6c"
        ],
        [
            "5a29f5974d4a87ced71fd7b4b1ae521a58381d25",
            "931dc6aabdad9377e1c730ae910464d11f204a80"
        ]
    ]
}