{
    "testdir": "/benchmarks/2025-08-22-12-12-12--misracpp_baseline_deepseek-chat.19/cpp/exercises/practice/grade-school",
    "testcase": "grade-school",
    "model": "deepseek/deepseek-chat",
    "edit_format": "diff",
    "tests_outcomes": [
        true
    ],
    "cost": 0.0057635099999999995,
    "duration": 187.06901907920837,
    "test_timeouts": 0,
    "commit_hash": "32faf82-dirty",
    "num_error_outputs": 0,
    "num_user_asks": 2,
    "num_exhausted_context_windows": 0,
    "num_malformed_responses": 0,
    "syntax_errors": 0,
    "indentation_errors": 0,
    "lazy_comments": 0,
    "reasoning_effort": null,
    "prompt_tokens": 12293,
    "completion_tokens": 3700,
    "thinking_tokens": null,
    "chat_hashes": [
        [
            "d229a439b83a277ab75364ece3dd8437f0cca388",
            "9aa2e02cc8fd9cd82c724c881ef55d1fe04cdaae"
        ],
        [
            "d229a439b83a277ab75364ece3dd8437f0cca388",
            "2a65658e274773e6bb9386f1104040f4a09f6b76"
        ],
        [
            "d229a439b83a277ab75364ece3dd8437f0cca388",
            "ba3368188aea40770558c067b8bb48ef14c367c4"
        ]
    ]
}