{
    "testdir": "/benchmarks/2025-08-26-12-23-53--cpp_misra.top3.20/cpp/exercises/practice/circular-buffer",
    "testcase": "circular-buffer",
    "model": "gpt-4.1",
    "edit_format": "diff",
    "tests_outcomes": [
        false,
        false
    ],
    "cost": 0.432988,
    "duration": 319.4563002586365,
    "test_timeouts": 0,
    "commit_hash": "32faf82-dirty",
    "num_error_outputs": 1,
    "num_user_asks": 7,
    "num_exhausted_context_windows": 0,
    "num_malformed_responses": 1,
    "syntax_errors": 0,
    "indentation_errors": 0,
    "lazy_comments": 0,
    "reasoning_effort": null,
    "prompt_tokens": 435582,
    "completion_tokens": 5084,
    "thinking_tokens": null,
    "chat_hashes": [
        [
            "dd5eb8c6e1e03320d0933ca63c0164ae9d2a0152",
            "0f94c5bafeadb66bc6eaa3af51227fcf9584dd41"
        ],
        [
            "dd5eb8c6e1e03320d0933ca63c0164ae9d2a0152",
            "5b7ac8256d06da237ab0fa29634990997f71bd01"
        ],
        [
            "dd5eb8c6e1e03320d0933ca63c0164ae9d2a0152",
            "3b12403602d209a45a8dc7ddca1e892c46ea312e"
        ],
        [
            "dd5eb8c6e1e03320d0933ca63c0164ae9d2a0152",
            "c00718cdbd3142ed02660e8615080848abb207a9"
        ],
        [
            "dd5eb8c6e1e03320d0933ca63c0164ae9d2a0152",
            "40f0d006bfbb58a809b7b0d3f586203b12468058"
        ],
        [
            "dd5eb8c6e1e03320d0933ca63c0164ae9d2a0152",
            "dca25a6cd7d8fd5d34654d91705634adba7d7a72"
        ],
        [
            "dd5eb8c6e1e03320d0933ca63c0164ae9d2a0152",
            "25aa193d64146ac616db477ab6d25c0835fa3d0b"
        ],
        [
            "dd5eb8c6e1e03320d0933ca63c0164ae9d2a0152",
            "07d681197dfe01814f992859cd4dc51d6e2dbb0f"
        ]
    ]
}