{
    "testdir": "/benchmarks/2025-09-01-21-00-30--cpp_misra_o3.top10.4/cpp/exercises/practice/perfect-numbers",
    "testcase": "perfect-numbers",
    "model": "o3",
    "edit_format": "diff",
    "tests_outcomes": [
        true
    ],
    "cost": 0.08925599999999999,
    "duration": 123.20214295387268,
    "test_timeouts": 0,
    "commit_hash": "32faf82-dirty",
    "num_error_outputs": 0,
    "num_user_asks": 3,
    "num_exhausted_context_windows": 0,
    "num_malformed_responses": 0,
    "syntax_errors": 0,
    "indentation_errors": 0,
    "lazy_comments": 0,
    "reasoning_effort": null,
    "prompt_tokens": 21308,
    "completion_tokens": 8950,
    "thinking_tokens": null,
    "chat_hashes": [
        [
            "5570d71e63f5d28449be40ac390705d540cb9709",
            "fb4643fc763f41371d1d3c67e67c154ea809dacc"
        ],
        [
            "5570d71e63f5d28449be40ac390705d540cb9709",
            "f890960769e0cbaa807962caf7561d985f50db3d"
        ],
        [
            "5570d71e63f5d28449be40ac390705d540cb9709",
            "8c081395e21c572f4ef77c01b3daa3f79a898bcf"
        ],
        [
            "5570d71e63f5d28449be40ac390705d540cb9709",
            "7cadec47e5ada86797fbfe6882b8e64a20695c3f"
        ]
    ]
}