{
    "testdir": "/benchmarks/2025-08-27-13-23-03--misracpp_baseline_o3.3/cpp/exercises/practice/spiral-matrix",
    "testcase": "spiral-matrix",
    "model": "o3",
    "edit_format": "diff",
    "tests_outcomes": [
        false,
        false
    ],
    "cost": 0.106716,
    "duration": 143.42115187644958,
    "test_timeouts": 0,
    "commit_hash": "32faf82-dirty",
    "num_error_outputs": 0,
    "num_user_asks": 5,
    "num_exhausted_context_windows": 0,
    "num_malformed_responses": 0,
    "syntax_errors": 0,
    "indentation_errors": 0,
    "lazy_comments": 0,
    "reasoning_effort": null,
    "prompt_tokens": 25694,
    "completion_tokens": 8668,
    "thinking_tokens": null,
    "chat_hashes": [
        [
            "5570d71e63f5d28449be40ac390705d540cb9709",
            "51dd4d50e1b13ce1db409a9186f00f1d99daba42"
        ],
        [
            "5570d71e63f5d28449be40ac390705d540cb9709",
            "8d0255ce6f5abf16d4e76618563910fe6a23c735"
        ],
        [
            "5570d71e63f5d28449be40ac390705d540cb9709",
            "3985214afdb43bbd3fafad015ffe4406733b2651"
        ],
        [
            "5570d71e63f5d28449be40ac390705d540cb9709",
            "8d0255ce6f5abf16d4e76618563910fe6a23c735"
        ],
        [
            "5570d71e63f5d28449be40ac390705d540cb9709",
            "8e86d219d6e53ddeda1bdb14eb155170ccb76554"
        ],
        [
            "5570d71e63f5d28449be40ac390705d540cb9709",
            "a63fdd25958593daf0da51d48f47c3aa3d04802c"
        ]
    ]
}