{
    "testdir": "/benchmarks/2025-09-13-12-35-39--cpp_misra_opus-41.top5.1/cpp/exercises/practice/meetup",
    "testcase": "meetup",
    "model": "anthropic/claude-opus-4-1-20250805",
    "edit_format": "whole",
    "tests_outcomes": [
        false,
        true
    ],
    "cost": 3.762525,
    "duration": 500.18672919273376,
    "test_timeouts": 0,
    "commit_hash": "32faf82-dirty",
    "num_error_outputs": 6,
    "num_user_asks": 8,
    "num_exhausted_context_windows": 0,
    "num_malformed_responses": 0,
    "syntax_errors": 0,
    "indentation_errors": 0,
    "lazy_comments": 0,
    "reasoning_effort": null,
    "prompt_tokens": 184870,
    "completion_tokens": 13193,
    "thinking_tokens": null,
    "chat_hashes": [
        [
            "a621abd757c98a95fb7d210c3c769a89aa0659cc",
            "00ebd2168cc4900b865e8bb6b15279a8382d6640"
        ],
        [
            "a621abd757c98a95fb7d210c3c769a89aa0659cc",
            "4fe60d7ee985f1e00840c2dfda6d82febb7e8ed2"
        ],
        [
            "a621abd757c98a95fb7d210c3c769a89aa0659cc",
            "52f631cf99144593217a86c20f2477712606632f"
        ],
        [
            "a621abd757c98a95fb7d210c3c769a89aa0659cc",
            "40ac985fb8771fa341d68ec0795973725f392feb"
        ],
        [
            "a621abd757c98a95fb7d210c3c769a89aa0659cc",
            "3cc11f068634f47fa847809dd66aa9169f332632"
        ],
        [
            "a621abd757c98a95fb7d210c3c769a89aa0659cc",
            "1987e74425f5946cd7b871574a5e62a114220f3d"
        ],
        [
            "a621abd757c98a95fb7d210c3c769a89aa0659cc",
            "c1a7f68f14d56f84e6d105731d638e60c36d56ed"
        ],
        [
            "a621abd757c98a95fb7d210c3c769a89aa0659cc",
            "ee8c867b35436792154f7d0238c33d98f9b02b9b"
        ]
    ]
}