{
    "testdir": "/benchmarks/2025-09-23-18-10-09--cpp_misra_gpt5.top5.17/cpp/exercises/practice/perfect-numbers",
    "testcase": "perfect-numbers",
    "model": "openai/gpt-5",
    "edit_format": "diff",
    "tests_outcomes": [
        false,
        false
    ],
    "cost": 0.23961150000000003,
    "duration": 369.1593482494354,
    "test_timeouts": 0,
    "commit_hash": "32faf82-dirty",
    "num_error_outputs": 1,
    "num_user_asks": 7,
    "num_exhausted_context_windows": 0,
    "num_malformed_responses": 1,
    "syntax_errors": 0,
    "indentation_errors": 0,
    "lazy_comments": 0,
    "reasoning_effort": null,
    "prompt_tokens": 44590,
    "completion_tokens": 21325,
    "thinking_tokens": null,
    "chat_hashes": [
        [
            "5a29f5974d4a87ced71fd7b4b1ae521a58381d25",
            "66e61cc0f1245527d63a55a14588fb227f2e50aa"
        ],
        [
            "5a29f5974d4a87ced71fd7b4b1ae521a58381d25",
            "f7f5ce037519bb1269fcbe3063dad35cb507fb88"
        ],
        [
            "5a29f5974d4a87ced71fd7b4b1ae521a58381d25",
            "65f39678bdcc67a9f66ae54769f9a9238b9725ca"
        ],
        [
            "5a29f5974d4a87ced71fd7b4b1ae521a58381d25",
            "04101d1d8e92537fb59f7f4fd9d2e8204853d8a2"
        ],
        [
            "5a29f5974d4a87ced71fd7b4b1ae521a58381d25",
            "435ea31b490a7c9eb73cae83bc4c2a1ba1af0dab"
        ],
        [
            "5a29f5974d4a87ced71fd7b4b1ae521a58381d25",
            "b8f30b35620b6143631338beec4d0ef893ffe217"
        ],
        [
            "5a29f5974d4a87ced71fd7b4b1ae521a58381d25",
            "f958b6256dbfe5233fc5b727e15eb66218969a05"
        ],
        [
            "5a29f5974d4a87ced71fd7b4b1ae521a58381d25",
            "ac0f2c961f9641f7b27decfa9347691a1d609876"
        ]
    ]
}