{
    "testdir": "/benchmarks/2025-09-23-17-44-48--cpp_misra_gpt5.top5.16/cpp/exercises/practice/knapsack",
    "testcase": "knapsack",
    "model": "openai/gpt-5",
    "edit_format": "diff",
    "tests_outcomes": [
        true
    ],
    "cost": 0.21292225000000004,
    "duration": 384.6448917388916,
    "test_timeouts": 0,
    "commit_hash": "32faf82-dirty",
    "num_error_outputs": 0,
    "num_user_asks": 4,
    "num_exhausted_context_windows": 0,
    "num_malformed_responses": 0,
    "syntax_errors": 0,
    "indentation_errors": 0,
    "lazy_comments": 0,
    "reasoning_effort": null,
    "prompt_tokens": 19477,
    "completion_tokens": 20096,
    "thinking_tokens": null,
    "chat_hashes": [
        [
            "5a29f5974d4a87ced71fd7b4b1ae521a58381d25",
            "41daef79e9c00cea6d921d2dbde2a12cc3e8873d"
        ],
        [
            "5a29f5974d4a87ced71fd7b4b1ae521a58381d25",
            "b9ce35f6668f27bfeeb3f3cde7ae40e728f0d809"
        ],
        [
            "5a29f5974d4a87ced71fd7b4b1ae521a58381d25",
            "fff08e7aa9dbfa8eeda97c50dfc329f7b3878a83"
        ],
        [
            "5a29f5974d4a87ced71fd7b4b1ae521a58381d25",
            "1113d4a8801eea29aebe0cc8dd299de78ddb8707"
        ]
    ]
}