{
    "testdir": "/benchmarks/2025-09-23-15-56-44--cpp_misra_gpt5.top5.10/cpp/exercises/practice/grade-school",
    "testcase": "grade-school",
    "model": "openai/gpt-5",
    "edit_format": "diff",
    "tests_outcomes": [
        true
    ],
    "cost": 0.13483900000000001,
    "duration": 266.6732771396637,
    "test_timeouts": 0,
    "commit_hash": "32faf82-dirty",
    "num_error_outputs": 1,
    "num_user_asks": 3,
    "num_exhausted_context_windows": 0,
    "num_malformed_responses": 1,
    "syntax_errors": 0,
    "indentation_errors": 0,
    "lazy_comments": 0,
    "reasoning_effort": null,
    "prompt_tokens": 18180,
    "completion_tokens": 12421,
    "thinking_tokens": null,
    "chat_hashes": [
        [
            "5a29f5974d4a87ced71fd7b4b1ae521a58381d25",
            "439e03dc7a494ad05a4d8d0da0db6a2e24221cdc"
        ],
        [
            "5a29f5974d4a87ced71fd7b4b1ae521a58381d25",
            "c14b8d71761b1c417389d1fc5c5113a21a2ca6b6"
        ],
        [
            "5a29f5974d4a87ced71fd7b4b1ae521a58381d25",
            "9263e1b8765d768c2878a4355b714f6ee33d55a4"
        ],
        [
            "5a29f5974d4a87ced71fd7b4b1ae521a58381d25",
            "650d47696b106abb97469e0149d40573080b3886"
        ]
    ]
}