{
    "testdir": "/benchmarks/2025-09-19-17-22-52--misracpp_baseline_gpt5.10/cpp/exercises/practice/linked-list",
    "testcase": "linked-list",
    "model": "openai/gpt-5",
    "edit_format": "diff",
    "tests_outcomes": [
        true
    ],
    "cost": 0.082908,
    "duration": 112.76912474632263,
    "test_timeouts": 0,
    "commit_hash": "32faf82-dirty",
    "num_error_outputs": 1,
    "num_user_asks": 1,
    "num_exhausted_context_windows": 0,
    "num_malformed_responses": 1,
    "syntax_errors": 0,
    "indentation_errors": 0,
    "lazy_comments": 0,
    "reasoning_effort": null,
    "prompt_tokens": 14960,
    "completion_tokens": 7256,
    "thinking_tokens": null,
    "chat_hashes": [
        [
            "5a29f5974d4a87ced71fd7b4b1ae521a58381d25",
            "a42cd7ef9f3d6e383f2d54a760e89dcdb25c491e"
        ],
        [
            "5a29f5974d4a87ced71fd7b4b1ae521a58381d25",
            "b41ca2fe66319158c6c841aae8349d7cbb85011f"
        ],
        [
            "5a29f5974d4a87ced71fd7b4b1ae521a58381d25",
            "93700d5f29e54a0a2410610ac2050f175c45f779"
        ]
    ]
}