{
    "testdir": "/benchmarks/2025-08-27-09-17-53--cpp_misra_deepseek-chat.11/cpp/exercises/practice/spiral-matrix",
    "testcase": "spiral-matrix",
    "model": "deepseek/deepseek-chat",
    "edit_format": "diff",
    "tests_outcomes": [
        true
    ],
    "cost": 0.0071110800000000005,
    "duration": 240.66938400268555,
    "test_timeouts": 0,
    "commit_hash": "32faf82-dirty",
    "num_error_outputs": 0,
    "num_user_asks": 2,
    "num_exhausted_context_windows": 0,
    "num_malformed_responses": 0,
    "syntax_errors": 0,
    "indentation_errors": 0,
    "lazy_comments": 0,
    "reasoning_effort": null,
    "prompt_tokens": 14064,
    "completion_tokens": 4118,
    "thinking_tokens": null,
    "chat_hashes": [
        [
            "d229a439b83a277ab75364ece3dd8437f0cca388",
            "85c4f38a5f805ff0897ec62a7582dd2ebf335aa7"
        ],
        [
            "d229a439b83a277ab75364ece3dd8437f0cca388",
            "e927a35f7c1537e14c93ae51457a92760983d508"
        ],
        [
            "d229a439b83a277ab75364ece3dd8437f0cca388",
            "16c17e089323d5e44788c18dbaddf39ecc352fa1"
        ]
    ]
}