{
    "testdir": "/benchmarks/2025-09-19-19-19-06--misracpp_baseline_gpt5.18/cpp/exercises/practice/parallel-letter-frequency",
    "testcase": "parallel-letter-frequency",
    "model": "openai/gpt-5",
    "edit_format": "diff",
    "tests_outcomes": [
        false,
        true
    ],
    "cost": 0.27413425,
    "duration": 801.8885378837585,
    "test_timeouts": 0,
    "commit_hash": "32faf82-dirty",
    "num_error_outputs": 0,
    "num_user_asks": 8,
    "num_exhausted_context_windows": 0,
    "num_malformed_responses": 0,
    "syntax_errors": 0,
    "indentation_errors": 0,
    "lazy_comments": 0,
    "reasoning_effort": null,
    "prompt_tokens": 49277,
    "completion_tokens": 23817,
    "thinking_tokens": null,
    "chat_hashes": [
        [
            "5a29f5974d4a87ced71fd7b4b1ae521a58381d25",
            "05c1601055891961f6ed69aef03ba52c412b1858"
        ],
        [
            "5a29f5974d4a87ced71fd7b4b1ae521a58381d25",
            "85a6811f877cc20ee3de2da03a6e67c92c59c811"
        ],
        [
            "5a29f5974d4a87ced71fd7b4b1ae521a58381d25",
            "77252b177b60b2015a048fdbd6a157d8d23b66cb"
        ],
        [
            "5a29f5974d4a87ced71fd7b4b1ae521a58381d25",
            "f7a7e21151752ae3ab807ab79cfcfecc2ab33836"
        ],
        [
            "5a29f5974d4a87ced71fd7b4b1ae521a58381d25",
            "b020d0058f03ed888e49216b4f09e6d50578cbaf"
        ],
        [
            "5a29f5974d4a87ced71fd7b4b1ae521a58381d25",
            "aca05cc3ddf166f836d3d86f5dbfc752ee41719b"
        ],
        [
            "5a29f5974d4a87ced71fd7b4b1ae521a58381d25",
            "2f154bbed01f33107e6379ee8cf7563fda5c1216"
        ],
        [
            "5a29f5974d4a87ced71fd7b4b1ae521a58381d25",
            "cc3ab51e28238c78ff8616879b69a8eec6d3e430"
        ]
    ]
}