{
    "testdir": "/benchmarks/2025-09-24-10-08-48--cpp_misra_gpt5.top5.20/cpp/exercises/practice/knapsack",
    "testcase": "knapsack",
    "model": "openai/gpt-5",
    "edit_format": "diff",
    "tests_outcomes": [
        true
    ],
    "cost": 0.1316885,
    "duration": 290.24611377716064,
    "test_timeouts": 0,
    "commit_hash": "32faf82-dirty",
    "num_error_outputs": 0,
    "num_user_asks": 4,
    "num_exhausted_context_windows": 0,
    "num_malformed_responses": 0,
    "syntax_errors": 0,
    "indentation_errors": 0,
    "lazy_comments": 0,
    "reasoning_effort": null,
    "prompt_tokens": 18154,
    "completion_tokens": 11922,
    "thinking_tokens": null,
    "chat_hashes": [
        [
            "5a29f5974d4a87ced71fd7b4b1ae521a58381d25",
            "e6f4f8c7582ead7b3d5cdeaf06675f53e1b79783"
        ],
        [
            "5a29f5974d4a87ced71fd7b4b1ae521a58381d25",
            "17a8ec941352eb04f050eaa7541072c79fe12067"
        ],
        [
            "5a29f5974d4a87ced71fd7b4b1ae521a58381d25",
            "b4fe3a405285380f0425fb82e1a182e7a317f478"
        ],
        [
            "5a29f5974d4a87ced71fd7b4b1ae521a58381d25",
            "2a3a76d668c512c9f39fd161dcf2d4b03dec9d98"
        ]
    ]
}