{
    "testdir": "/benchmarks/2025-08-27-15-14-22--misracpp_baseline_o3.15/cpp/exercises/practice/diamond",
    "testcase": "diamond",
    "model": "o3",
    "edit_format": "diff",
    "tests_outcomes": [
        false,
        true
    ],
    "cost": 0.09053800000000001,
    "duration": 124.62936472892761,
    "test_timeouts": 0,
    "commit_hash": "32faf82-dirty",
    "num_error_outputs": 0,
    "num_user_asks": 2,
    "num_exhausted_context_windows": 0,
    "num_malformed_responses": 0,
    "syntax_errors": 0,
    "indentation_errors": 0,
    "lazy_comments": 0,
    "reasoning_effort": null,
    "prompt_tokens": 16221,
    "completion_tokens": 8318,
    "thinking_tokens": null,
    "chat_hashes": [
        [
            "5570d71e63f5d28449be40ac390705d540cb9709",
            "14f0754ac349d8bbf3efe552fe42099f4e97fca1"
        ],
        [
            "5570d71e63f5d28449be40ac390705d540cb9709",
            "f60faf7d19d04801f03ba2160ae7afbc751a14d8"
        ],
        [
            "5570d71e63f5d28449be40ac390705d540cb9709",
            "527d2e6b42e6219d5c4518a0123980e6c0c76776"
        ],
        [
            "5570d71e63f5d28449be40ac390705d540cb9709",
            "9e5737eb7b78ac415cd25786f14e7e7182071677"
        ]
    ]
}