{
    "testdir": "/benchmarks/2025-09-23-15-36-54--cpp_misra_gpt5.top5.9/cpp/exercises/practice/linked-list",
    "testcase": "linked-list",
    "model": "openai/gpt-5",
    "edit_format": "diff",
    "tests_outcomes": [
        true
    ],
    "cost": 0.11178800000000001,
    "duration": 193.18945288658142,
    "test_timeouts": 0,
    "commit_hash": "32faf82-dirty",
    "num_error_outputs": 3,
    "num_user_asks": 1,
    "num_exhausted_context_windows": 0,
    "num_malformed_responses": 3,
    "syntax_errors": 0,
    "indentation_errors": 0,
    "lazy_comments": 0,
    "reasoning_effort": null,
    "prompt_tokens": 29560,
    "completion_tokens": 9183,
    "thinking_tokens": null,
    "chat_hashes": [
        [
            "5a29f5974d4a87ced71fd7b4b1ae521a58381d25",
            "b94173447cf92881302fce9145332ef6087ae9ba"
        ],
        [
            "5a29f5974d4a87ced71fd7b4b1ae521a58381d25",
            "b41ca2fe66319158c6c841aae8349d7cbb85011f"
        ],
        [
            "5a29f5974d4a87ced71fd7b4b1ae521a58381d25",
            "d25639ea95445913aae2e1324fdd45eda377f85f"
        ],
        [
            "5a29f5974d4a87ced71fd7b4b1ae521a58381d25",
            "d25639ea95445913aae2e1324fdd45eda377f85f"
        ]
    ]
}