{
    "testdir": "/benchmarks/2025-08-31-21-25-59--cpp_misra_deepseek-chat.top5.4/cpp/exercises/practice/clock",
    "testcase": "clock",
    "model": "deepseek/deepseek-chat",
    "edit_format": "diff",
    "tests_outcomes": [
        true
    ],
    "cost": 0.00674141,
    "duration": 205.79446697235107,
    "test_timeouts": 0,
    "commit_hash": "32faf82-dirty",
    "num_error_outputs": 0,
    "num_user_asks": 2,
    "num_exhausted_context_windows": 0,
    "num_malformed_responses": 0,
    "syntax_errors": 0,
    "indentation_errors": 0,
    "lazy_comments": 0,
    "reasoning_effort": null,
    "prompt_tokens": 15633,
    "completion_tokens": 4223,
    "thinking_tokens": null,
    "chat_hashes": [
        [
            "d229a439b83a277ab75364ece3dd8437f0cca388",
            "0861e9aa3cdcf4b5de456cc4a2b734c6b59ed1b4"
        ],
        [
            "d229a439b83a277ab75364ece3dd8437f0cca388",
            "819a92309f7f5bcb580f986cb4257d6062c9ca92"
        ],
        [
            "d229a439b83a277ab75364ece3dd8437f0cca388",
            "cfc7bd98562d8c8212344ff52b2487fd074232fe"
        ]
    ]
}