{
    "testdir": "/benchmarks/2025-09-23-14-57-47--cpp_misra_gpt5.top5.7/cpp/exercises/practice/phone-number",
    "testcase": "phone-number",
    "model": "openai/gpt-5",
    "edit_format": "diff",
    "tests_outcomes": [
        false,
        true
    ],
    "cost": 0.14026425,
    "duration": 342.81834173202515,
    "test_timeouts": 0,
    "commit_hash": "32faf82-dirty",
    "num_error_outputs": 1,
    "num_user_asks": 1,
    "num_exhausted_context_windows": 0,
    "num_malformed_responses": 1,
    "syntax_errors": 0,
    "indentation_errors": 0,
    "lazy_comments": 0,
    "reasoning_effort": null,
    "prompt_tokens": 21405,
    "completion_tokens": 12474,
    "thinking_tokens": null,
    "chat_hashes": [
        [
            "5a29f5974d4a87ced71fd7b4b1ae521a58381d25",
            "86e13ebcde3468553b4ed73f31d308efab90e70e"
        ],
        [
            "5a29f5974d4a87ced71fd7b4b1ae521a58381d25",
            "34e6553b85c8b10018cd31b4941f530de06c0abd"
        ],
        [
            "5a29f5974d4a87ced71fd7b4b1ae521a58381d25",
            "3923752ffd6c3030e802705bdbb94b9e17b3b0c3"
        ],
        [
            "5a29f5974d4a87ced71fd7b4b1ae521a58381d25",
            "94e006a96cc00022cc0832ff489be25c1da7b8df"
        ]
    ]
}