{
    "testdir": "/benchmarks/2025-08-21-09-27-19--misracpp_baseline.4/cpp/exercises/practice/sublist",
    "testcase": "sublist",
    "model": "gpt-4.1",
    "edit_format": "diff",
    "tests_outcomes": [
        false,
        true
    ],
    "cost": 0.11329999999999998,
    "duration": 81.08019614219666,
    "test_timeouts": 0,
    "commit_hash": "32faf82-dirty",
    "num_error_outputs": 0,
    "num_user_asks": 8,
    "num_exhausted_context_windows": 0,
    "num_malformed_responses": 0,
    "syntax_errors": 0,
    "indentation_errors": 0,
    "lazy_comments": 0,
    "reasoning_effort": null,
    "prompt_tokens": 88110,
    "completion_tokens": 1591,
    "thinking_tokens": null,
    "chat_hashes": [
        [
            "dd5eb8c6e1e03320d0933ca63c0164ae9d2a0152",
            "0f330aece67dbe4469bb79d9bd9cc0a437fce06c"
        ],
        [
            "dd5eb8c6e1e03320d0933ca63c0164ae9d2a0152",
            "fb80045b45e3a335888509b60a516ee8bd1d3492"
        ],
        [
            "dd5eb8c6e1e03320d0933ca63c0164ae9d2a0152",
            "f3b4be5c3542ed4cedd033925f6f53613d512e87"
        ],
        [
            "dd5eb8c6e1e03320d0933ca63c0164ae9d2a0152",
            "f12e1c254c6321e8057650c8613588164de57506"
        ],
        [
            "dd5eb8c6e1e03320d0933ca63c0164ae9d2a0152",
            "839c81f9fa5616b1f746b9b383a5c5fe7cf8f5c6"
        ],
        [
            "dd5eb8c6e1e03320d0933ca63c0164ae9d2a0152",
            "f1e71fd2d627bcae192ac2d91350c523374c8fc7"
        ],
        [
            "dd5eb8c6e1e03320d0933ca63c0164ae9d2a0152",
            "58cf9e1b48e1e73bc9c78af2b29193a4ec37829a"
        ],
        [
            "dd5eb8c6e1e03320d0933ca63c0164ae9d2a0152",
            "9260e69c3ac3f7deb40de0ef2c134756ee4ce0d4"
        ]
    ]
}