{
    "testdir": "/benchmarks/2025-08-22-08-06-23--misracpp_baseline_deepseek-chat.3/cpp/exercises/practice/kindergarten-garden",
    "testcase": "kindergarten-garden",
    "model": "deepseek/deepseek-chat",
    "edit_format": "diff",
    "tests_outcomes": [
        false,
        false
    ],
    "cost": 0.01455725,
    "duration": 322.0973904132843,
    "test_timeouts": 0,
    "commit_hash": "32faf82-dirty",
    "num_error_outputs": 0,
    "num_user_asks": 2,
    "num_exhausted_context_windows": 0,
    "num_malformed_responses": 0,
    "syntax_errors": 0,
    "indentation_errors": 0,
    "lazy_comments": 0,
    "reasoning_effort": null,
    "prompt_tokens": 43445,
    "completion_tokens": 4909,
    "thinking_tokens": null,
    "chat_hashes": [
        [
            "d229a439b83a277ab75364ece3dd8437f0cca388",
            "7a83c0d0826095360100459d88fdafe0f62e9666"
        ],
        [
            "d229a439b83a277ab75364ece3dd8437f0cca388",
            "783bd529c412e27eb9ec30edcc20f7e3ba29c5e0"
        ],
        [
            "d229a439b83a277ab75364ece3dd8437f0cca388",
            "ef4c7b1662784f9e5ab9f1e40832b6c6549940cd"
        ],
        [
            "d229a439b83a277ab75364ece3dd8437f0cca388",
            "ab2ff30f0d02fe25f7a379f137d1a66f19847176"
        ]
    ]
}