{
    "testdir": "/benchmarks/2025-08-22-09-19-52--misracpp_baseline_deepseek-chat.9/cpp/exercises/practice/spiral-matrix",
    "testcase": "spiral-matrix",
    "model": "deepseek/deepseek-chat",
    "edit_format": "diff",
    "tests_outcomes": [
        false,
        false
    ],
    "cost": 0.0487159299999811,
    "duration": 260.42096638679504,
    "test_timeouts": 0,
    "commit_hash": "32faf82-dirty",
    "num_error_outputs": 2,
    "num_user_asks": 5,
    "num_exhausted_context_windows": 1,
    "num_malformed_responses": 0,
    "syntax_errors": 0,
    "indentation_errors": 0,
    "lazy_comments": 0,
    "reasoning_effort": null,
    "prompt_tokens": 171559,
    "completion_tokens": 4330,
    "thinking_tokens": null,
    "chat_hashes": [
        [
            "d229a439b83a277ab75364ece3dd8437f0cca388",
            "cba965ee21d8c97f9a25fd392f7ed691c4d74448"
        ],
        [
            "d229a439b83a277ab75364ece3dd8437f0cca388",
            "6a70219b1c39dcd866101a66e04d5c9d5a95e15e"
        ],
        [
            "d229a439b83a277ab75364ece3dd8437f0cca388",
            "3500ef0ce71ec3f73c109108cef88c2faafcfde1"
        ],
        [
            "d229a439b83a277ab75364ece3dd8437f0cca388",
            "2ba45f613aa5088b7f7f9cfdaae877e9d74331d2"
        ]
    ]
}