{
    "testdir": "/benchmarks/2025-08-21-13-11-33--misracpp_baseline.13/cpp/exercises/practice/spiral-matrix",
    "testcase": "spiral-matrix",
    "model": "gpt-4.1",
    "edit_format": "diff",
    "tests_outcomes": [
        false,
        true
    ],
    "cost": 0.7885899999999999,
    "duration": 71.63568758964539,
    "test_timeouts": 0,
    "commit_hash": "32faf82-dirty",
    "num_error_outputs": 0,
    "num_user_asks": 8,
    "num_exhausted_context_windows": 0,
    "num_malformed_responses": 0,
    "syntax_errors": 0,
    "indentation_errors": 0,
    "lazy_comments": 0,
    "reasoning_effort": null,
    "prompt_tokens": 625047,
    "completion_tokens": 1256,
    "thinking_tokens": null,
    "chat_hashes": [
        [
            "dd5eb8c6e1e03320d0933ca63c0164ae9d2a0152",
            "eead85ca5632eaca9343f5fadf5448bb6c086872"
        ],
        [
            "dd5eb8c6e1e03320d0933ca63c0164ae9d2a0152",
            "3c98ce3b597286448b0ef3acb1faa3fa459abe9f"
        ],
        [
            "dd5eb8c6e1e03320d0933ca63c0164ae9d2a0152",
            "01d4b44fee11b623f42e2becf9b5bf8ae8eb708b"
        ],
        [
            "dd5eb8c6e1e03320d0933ca63c0164ae9d2a0152",
            "83004c5927e1e306df656ffe73b5c53a6260360f"
        ],
        [
            "dd5eb8c6e1e03320d0933ca63c0164ae9d2a0152",
            "14bdef40e7a75ef5a74abca953833bbd4b3fc0db"
        ],
        [
            "dd5eb8c6e1e03320d0933ca63c0164ae9d2a0152",
            "70fffca85c20ef562fb772b79392fcd7bc7f15d4"
        ],
        [
            "dd5eb8c6e1e03320d0933ca63c0164ae9d2a0152",
            "f7f15ce2303d02fe5190543fc73d4027f49bee8b"
        ],
        [
            "dd5eb8c6e1e03320d0933ca63c0164ae9d2a0152",
            "70fffca85c20ef562fb772b79392fcd7bc7f15d4"
        ]
    ]
}