{
    "testdir": "/benchmarks/2025-09-23-14-29-36--cpp_misra_gpt5.top5.6/cpp/exercises/practice/binary-search-tree",
    "testcase": "binary-search-tree",
    "model": "openai/gpt-5",
    "edit_format": "diff",
    "tests_outcomes": [
        false,
        false
    ],
    "cost": 0.41444774999999995,
    "duration": 1174.106885433197,
    "test_timeouts": 0,
    "commit_hash": "32faf82-dirty",
    "num_error_outputs": 1,
    "num_user_asks": 7,
    "num_exhausted_context_windows": 0,
    "num_malformed_responses": 1,
    "syntax_errors": 0,
    "indentation_errors": 0,
    "lazy_comments": 0,
    "reasoning_effort": null,
    "prompt_tokens": 143955,
    "completion_tokens": 31860,
    "thinking_tokens": null,
    "chat_hashes": [
        [
            "5a29f5974d4a87ced71fd7b4b1ae521a58381d25",
            "a7b0a8189a8a2b4b3fb7bdfddbe4241ec1b58778"
        ],
        [
            "5a29f5974d4a87ced71fd7b4b1ae521a58381d25",
            "38cca78c43f61e394d0d048ec0abbff2ad16b2dd"
        ],
        [
            "5a29f5974d4a87ced71fd7b4b1ae521a58381d25",
            "8372c9a0e8637c8cd21c9b9fcfc3faf2df3e93de"
        ],
        [
            "5a29f5974d4a87ced71fd7b4b1ae521a58381d25",
            "ca068d5412a02dd0624aa0d39b1f38ffa8fa27bc"
        ],
        [
            "5a29f5974d4a87ced71fd7b4b1ae521a58381d25",
            "e1f0e6288bf7e18767a75506120eabb3528f8cc9"
        ],
        [
            "5a29f5974d4a87ced71fd7b4b1ae521a58381d25",
            "be28ff8bab570351326b768ed6708320fe5164ec"
        ],
        [
            "5a29f5974d4a87ced71fd7b4b1ae521a58381d25",
            "9217cf7561ddec9e1486d1c80cb514e75481a903"
        ],
        [
            "5a29f5974d4a87ced71fd7b4b1ae521a58381d25",
            "8d03f388c648cbd184a8f8771fc660dc4c8b7019"
        ]
    ]
}