{
    "testdir": "/benchmarks/2025-08-21-13-25-46--misracpp_baseline.15/cpp/exercises/practice/yacht",
    "testcase": "yacht",
    "model": "gpt-4.1",
    "edit_format": "diff",
    "tests_outcomes": [
        false,
        false
    ],
    "cost": 0.134188,
    "duration": 91.12308979034424,
    "test_timeouts": 0,
    "commit_hash": "32faf82-dirty",
    "num_error_outputs": 0,
    "num_user_asks": 8,
    "num_exhausted_context_windows": 0,
    "num_malformed_responses": 0,
    "syntax_errors": 0,
    "indentation_errors": 0,
    "lazy_comments": 0,
    "reasoning_effort": null,
    "prompt_tokens": 99622,
    "completion_tokens": 1804,
    "thinking_tokens": null,
    "chat_hashes": [
        [
            "dd5eb8c6e1e03320d0933ca63c0164ae9d2a0152",
            "d56d18d029af0cd9c151f9441f12a497e1127a8a"
        ],
        [
            "dd5eb8c6e1e03320d0933ca63c0164ae9d2a0152",
            "cd6a9dc221d0ab48e453b070a749275e775864e1"
        ],
        [
            "dd5eb8c6e1e03320d0933ca63c0164ae9d2a0152",
            "3de0d1d90a68c9cf461e8879040b208566b064a8"
        ],
        [
            "dd5eb8c6e1e03320d0933ca63c0164ae9d2a0152",
            "3d1007018d7b072f4f28ac41ed9efcd5ee35daa0"
        ],
        [
            "dd5eb8c6e1e03320d0933ca63c0164ae9d2a0152",
            "ebd4dca480e2efedbd3f88b16a6d50570bdfda0d"
        ],
        [
            "dd5eb8c6e1e03320d0933ca63c0164ae9d2a0152",
            "40ee3bbb98a5845eb23b2d34a4accbef77ca5467"
        ],
        [
            "dd5eb8c6e1e03320d0933ca63c0164ae9d2a0152",
            "25e3b7bbe8ec08f8084f2d14cad2dffd2821240e"
        ],
        [
            "dd5eb8c6e1e03320d0933ca63c0164ae9d2a0152",
            "858e94f438f50ffe02ee6ad12949dd14b3003733"
        ]
    ]
}