{
    "testdir": "/benchmarks/2025-08-31-19-33-23--cpp_misra_o3.top5.14/cpp/exercises/practice/diamond",
    "testcase": "diamond",
    "model": "o3",
    "edit_format": "diff",
    "tests_outcomes": [
        false,
        true
    ],
    "cost": 0.12283599999999999,
    "duration": 137.18890404701233,
    "test_timeouts": 0,
    "commit_hash": "32faf82-dirty",
    "num_error_outputs": 0,
    "num_user_asks": 2,
    "num_exhausted_context_windows": 0,
    "num_malformed_responses": 0,
    "syntax_errors": 0,
    "indentation_errors": 0,
    "lazy_comments": 0,
    "reasoning_effort": null,
    "prompt_tokens": 23770,
    "completion_tokens": 11668,
    "thinking_tokens": null,
    "chat_hashes": [
        [
            "5570d71e63f5d28449be40ac390705d540cb9709",
            "9207322fe2c152ae0ffca038c2ae5762d4605dda"
        ],
        [
            "5570d71e63f5d28449be40ac390705d540cb9709",
            "55886f8da4f9029f50f8514abed1f8b6e3a9ebe3"
        ],
        [
            "5570d71e63f5d28449be40ac390705d540cb9709",
            "acf0da93b54aadb3db1d408715b8673cbe689943"
        ],
        [
            "5570d71e63f5d28449be40ac390705d540cb9709",
            "563c77ffb5f9493d030fbeec00754a657f6e1f21"
        ]
    ]
}