{
    "testdir": "/benchmarks/2025-09-23-16-52-24--cpp_misra_gpt5.top5.13/cpp/exercises/practice/complex-numbers",
    "testcase": "complex-numbers",
    "model": "openai/gpt-5",
    "edit_format": "diff",
    "tests_outcomes": [
        false,
        true
    ],
    "cost": 0.313058,
    "duration": 559.0383057594299,
    "test_timeouts": 0,
    "commit_hash": "32faf82-dirty",
    "num_error_outputs": 0,
    "num_user_asks": 8,
    "num_exhausted_context_windows": 0,
    "num_malformed_responses": 0,
    "syntax_errors": 0,
    "indentation_errors": 0,
    "lazy_comments": 0,
    "reasoning_effort": null,
    "prompt_tokens": 61792,
    "completion_tokens": 28017,
    "thinking_tokens": null,
    "chat_hashes": [
        [
            "5a29f5974d4a87ced71fd7b4b1ae521a58381d25",
            "8de2c3b312fbec7b734a1d9303280c72bd11c73a"
        ],
        [
            "5a29f5974d4a87ced71fd7b4b1ae521a58381d25",
            "ff6592ac284ae98c984e7abe8ec80fbf15836c9c"
        ],
        [
            "5a29f5974d4a87ced71fd7b4b1ae521a58381d25",
            "85c94557e048b97a18b98a767bfff0e9d5f3e6cd"
        ],
        [
            "5a29f5974d4a87ced71fd7b4b1ae521a58381d25",
            "ce499618b38b4969148fdba278ed179788d606f1"
        ],
        [
            "5a29f5974d4a87ced71fd7b4b1ae521a58381d25",
            "0a379a3850bb1a70aa796193c6828c076cc5b021"
        ],
        [
            "5a29f5974d4a87ced71fd7b4b1ae521a58381d25",
            "7f2475693f2cc54d029f77285d9e1395b102243a"
        ],
        [
            "5a29f5974d4a87ced71fd7b4b1ae521a58381d25",
            "451038372a5e8b2c004e17724bf435a484b2f564"
        ],
        [
            "5a29f5974d4a87ced71fd7b4b1ae521a58381d25",
            "5930db38d581662b221b303293d29c9ecf3ed218"
        ]
    ]
}